customer_id,churn_date,churn_reason,last_activity_date,days_since_last_activity
CUST_00001,2024-06-23,Price,2024-05-11,43
CUST_00008,2024-06-05,Competitor,2024-05-29,7
CUST_00011,2024-06-04,Product Gap,2024-04-26,39
CUST_00017,2024-06-13,Product Gap,2024-04-28,46
CUST_00023,2024-06-21,Support Issues,2024-05-30,22
CUST_00033,2024-06-16,Price,2024-04-22,55
CUST_00039,2024-06-22,Business Closure,2024-05-31,22
CUST_00040,2024-06-25,Competitor,2024-06-14,11
CUST_00042,2024-06-19,Price,2024-05-05,45
CUST_00043,2024-06-13,Competitor,2024-05-04,40
CUST_00044,2024-06-04,Competitor,2024-05-01,34
CUST_00046,2024-06-07,Price,2024-05-21,17
CUST_00047,2024-06-27,Price,2024-05-11,47
CUST_00048,2024-06-23,Business Closure,2024-04-26,58
CUST_00049,2024-07-01,Support Issues,2024-06-15,16
CUST_00050,2024-06-26,Competitor,2024-06-06,20
CUST_00058,2024-06-07,Price,2024-05-29,9
CUST_00063,2024-06-23,Price,2024-06-12,11
CUST_00068,2024-06-11,Product Gap,2024-05-30,12
CUST_00069,2024-06-26,Price,2024-06-19,7
CUST_00070,2024-06-07,Support Issues,2024-05-07,31
CUST_00071,2024-06-17,Product Gap,2024-06-10,7
CUST_00076,2024-06-07,Business Closure,2024-04-19,49
CUST_00078,2024-06-30,Support Issues,2024-06-22,8
CUST_00088,2024-06-11,Support Issues,2024-04-23,49
CUST_00090,2024-06-14,Competitor,2024-04-22,53
CUST_00100,2024-06-19,Product Gap,2024-04-23,57
CUST_00102,2024-06-11,Competitor,2024-05-25,17
CUST_00104,2024-06-02,Product Gap,2024-04-20,43
CUST_00105,2024-06-23,Business Closure,2024-04-27,57
CUST_00114,2024-06-18,Business Closure,2024-05-23,26
CUST_00117,2024-07-01,Support Issues,2024-06-14,17
CUST_00123,2024-06-21,Support Issues,2024-06-07,14
CUST_00131,2024-06-26,Support Issues,2024-06-02,24
CUST_00133,2024-06-16,Competitor,2024-05-29,18
CUST_00136,2024-06-16,Price,2024-05-19,28
CUST_00138,2024-06-22,Business Closure,2024-06-01,21
CUST_00144,2024-06-04,Product Gap,2024-04-25,40
CUST_00150,2024-06-14,Price,2024-05-16,29
CUST_00152,2024-06-25,Competitor,2024-06-15,10
CUST_00153,2024-06-18,Price,2024-05-10,39
CUST_00156,2024-06-04,Product Gap,2024-05-21,14
CUST_00170,2024-06-13,Support Issues,2024-04-28,46
CUST_00177,2024-06-05,Business Closure,2024-04-15,51
CUST_00180,2024-06-21,Support Issues,2024-06-06,15
CUST_00192,2024-06-16,Support Issues,2024-04-23,54
CUST_00198,2024-06-26,Support Issues,2024-06-09,17
CUST_00202,2024-06-17,Competitor,2024-04-18,60
CUST_00206,2024-06-29,Support Issues,2024-05-31,29
CUST_00211,2024-07-01,Price,2024-05-24,38
CUST_00214,2024-06-05,Business Closure,2024-04-30,36
CUST_00215,2024-06-07,Price,2024-05-08,30
CUST_00217,2024-06-08,Competitor,2024-05-09,30
CUST_00226,2024-06-28,Price,2024-06-13,15
CUST_00230,2024-06-06,Price,2024-04-09,58
CUST_00233,2024-06-24,Competitor,2024-05-12,43
CUST_00234,2024-06-08,Price,2024-04-16,53
CUST_00236,2024-06-12,Competitor,2024-05-02,41
CUST_00240,2024-06-14,Support Issues,2024-05-16,29
CUST_00242,2024-06-09,Business Closure,2024-05-20,20
CUST_00245,2024-06-28,Competitor,2024-06-18,10
CUST_00247,2024-06-13,Business Closure,2024-05-16,28
CUST_00252,2024-06-14,Price,2024-06-03,11
CUST_00261,2024-06-08,Competitor,2024-05-19,20
CUST_00265,2024-06-12,Support Issues,2024-04-17,56
CUST_00269,2024-06-23,Business Closure,2024-05-02,52
CUST_00270,2024-06-06,Price,2024-04-19,48
CUST_00275,2024-06-24,Price,2024-06-15,9
CUST_00281,2024-06-28,Product Gap,2024-05-31,28
CUST_00287,2024-06-15,Support Issues,2024-06-06,9
CUST_00294,2024-06-07,Competitor,2024-05-01,37
CUST_00301,2024-06-27,Price,2024-04-28,60
CUST_00302,2024-06-25,Competitor,2024-05-26,30
CUST_00307,2024-06-27,Price,2024-06-20,7
CUST_00312,2024-07-01,Price,2024-05-29,33
CUST_00321,2024-06-25,Competitor,2024-06-13,12
CUST_00322,2024-06-25,Support Issues,2024-05-30,26
CUST_00328,2024-06-15,Price,2024-04-22,54
CUST_00329,2024-06-21,Price,2024-06-03,18
CUST_00331,2024-06-10,Price,2024-05-30,11
CUST_00332,2024-06-12,Product Gap,2024-05-06,37
CUST_00334,2024-06-14,Competitor,2024-04-26,49
CUST_00335,2024-06-03,Competitor,2024-04-28,36
CUST_00337,2024-06-26,Business Closure,2024-04-28,59
CUST_00338,2024-06-05,Support Issues,2024-05-11,25
CUST_00343,2024-06-18,Product Gap,2024-04-27,52
CUST_00349,2024-06-16,Competitor,2024-05-20,27
CUST_00351,2024-06-29,Price,2024-05-05,55
CUST_00353,2024-06-23,Price,2024-06-12,11
CUST_00357,2024-06-05,Competitor,2024-04-27,39
CUST_00358,2024-06-05,Business Closure,2024-05-10,26
CUST_00370,2024-06-11,Product Gap,2024-05-27,15
CUST_00371,2024-06-06,Competitor,2024-04-28,39
CUST_00372,2024-06-27,Competitor,2024-05-06,52
CUST_00385,2024-06-04,Competitor,2024-05-06,29
CUST_00386,2024-06-13,Support Issues,2024-04-28,46
CUST_00389,2024-06-26,Product Gap,2024-04-30,57
CUST_00398,2024-06-02,Product Gap,2024-05-20,13
CUST_00403,2024-06-23,Competitor,2024-04-29,55
CUST_00408,2024-06-14,Price,2024-06-03,11
CUST_00413,2024-06-13,Support Issues,2024-05-19,25
CUST_00420,2024-06-18,Business Closure,2024-04-21,58
CUST_00422,2024-06-20,Business Closure,2024-06-13,7
CUST_00436,2024-06-11,Support Issues,2024-05-27,15
CUST_00440,2024-06-25,Support Issues,2024-05-24,32
CUST_00441,2024-06-03,Competitor,2024-04-24,40
CUST_00442,2024-06-06,Price,2024-04-24,43
CUST_00443,2024-06-08,Product Gap,2024-04-20,49
CUST_00446,2024-06-07,Competitor,2024-04-21,47
CUST_00447,2024-06-12,Competitor,2024-06-02,10
CUST_00450,2024-06-23,Product Gap,2024-04-29,55
CUST_00454,2024-06-30,Competitor,2024-05-21,40
CUST_00456,2024-06-27,Price,2024-05-24,34
CUST_00457,2024-06-12,Support Issues,2024-06-02,10
CUST_00472,2024-06-12,Price,2024-04-21,52
CUST_00473,2024-06-14,Competitor,2024-05-10,35
CUST_00479,2024-06-17,Competitor,2024-05-15,33
CUST_00485,2024-06-12,Competitor,2024-05-08,35
CUST_00490,2024-06-20,Price,2024-06-07,13
CUST_00497,2024-06-15,Support Issues,2024-05-13,33
CUST_00505,2024-06-11,Price,2024-04-25,47
CUST_00513,2024-06-16,Competitor,2024-06-05,11
CUST_00515,2024-06-20,Support Issues,2024-04-27,54
CUST_00525,2024-06-04,Competitor,2024-05-16,19
CUST_00529,2024-06-20,Price,2024-05-15,36
CUST_00533,2024-06-08,Price,2024-05-30,9
CUST_00541,2024-06-13,Price,2024-05-15,29
CUST_00546,2024-06-25,Product Gap,2024-06-03,22
CUST_00552,2024-06-25,Product Gap,2024-05-12,44
CUST_00555,2024-06-06,Support Issues,2024-05-06,31
CUST_00560,2024-06-29,Support Issues,2024-06-15,14
CUST_00564,2024-06-29,Price,2024-05-27,33
CUST_00571,2024-06-04,Product Gap,2024-05-20,15
CUST_00572,2024-06-23,Competitor,2024-05-06,48
CUST_00575,2024-07-01,Price,2024-06-11,20
CUST_00576,2024-06-18,Support Issues,2024-04-21,58
CUST_00582,2024-06-09,Competitor,2024-04-21,49
CUST_00584,2024-06-06,Support Issues,2024-05-27,10
CUST_00585,2024-06-24,Support Issues,2024-06-17,7
CUST_00588,2024-06-26,Price,2024-05-24,33
CUST_00590,2024-06-24,Product Gap,2024-04-29,56
CUST_00591,2024-06-07,Competitor,2024-05-23,15
CUST_00592,2024-06-24,Product Gap,2024-06-03,21
CUST_00594,2024-06-11,Price,2024-04-20,52
CUST_00598,2024-06-21,Product Gap,2024-04-24,58
CUST_00600,2024-06-29,Support Issues,2024-05-28,32
CUST_00608,2024-07-01,Product Gap,2024-06-08,23
CUST_00615,2024-06-21,Support Issues,2024-06-06,15
CUST_00619,2024-06-30,Competitor,2024-05-17,44
CUST_00623,2024-06-10,Price,2024-04-21,50
CUST_00629,2024-06-22,Competitor,2024-05-05,48
CUST_00634,2024-06-21,Product Gap,2024-06-02,19
CUST_00640,2024-06-18,Price,2024-05-03,46
CUST_00646,2024-06-27,Competitor,2024-05-27,31
CUST_00651,2024-06-04,Competitor,2024-05-19,16
CUST_00658,2024-06-02,Price,2024-04-28,35
CUST_00659,2024-06-22,Product Gap,2024-06-08,14
CUST_00673,2024-06-23,Competitor,2024-05-15,39
CUST_00679,2024-06-03,Price,2024-04-26,38
CUST_00688,2024-07-01,Price,2024-05-16,46
CUST_00692,2024-06-16,Product Gap,2024-05-27,20
CUST_00697,2024-06-09,Business Closure,2024-05-17,23
CUST_00705,2024-06-11,Competitor,2024-04-14,58
CUST_00721,2024-06-02,Competitor,2024-04-27,36
CUST_00731,2024-06-03,Price,2024-05-26,8
CUST_00735,2024-06-24,Support Issues,2024-04-29,56
CUST_00737,2024-06-04,Price,2024-05-21,14
CUST_00738,2024-06-17,Price,2024-05-02,46
CUST_00741,2024-06-03,Product Gap,2024-05-24,10
CUST_00752,2024-06-13,Support Issues,2024-05-29,15
CUST_00755,2024-06-04,Product Gap,2024-04-12,53
CUST_00762,2024-06-19,Business Closure,2024-06-08,11
CUST_00764,2024-06-03,Price,2024-04-13,51
CUST_00782,2024-06-04,Business Closure,2024-04-08,57
CUST_00785,2024-06-11,Support Issues,2024-04-22,50
CUST_00788,2024-06-13,Product Gap,2024-05-08,36
CUST_00789,2024-06-05,Competitor,2024-04-30,36
CUST_00790,2024-06-26,Price,2024-06-11,15
CUST_00793,2024-06-22,Product Gap,2024-05-08,45
CUST_00794,2024-06-24,Competitor,2024-05-07,48
CUST_00798,2024-06-10,Business Closure,2024-04-16,55
CUST_00809,2024-07-01,Competitor,2024-06-12,19
CUST_00810,2024-06-14,Competitor,2024-05-17,28
CUST_00817,2024-06-23,Competitor,2024-04-30,54
CUST_00821,2024-06-04,Price,2024-05-28,7
CUST_00822,2024-06-05,Competitor,2024-05-18,18
CUST_00824,2024-06-12,Competitor,2024-04-26,47
CUST_00834,2024-07-01,Product Gap,2024-05-11,51
CUST_00852,2024-06-26,Price,2024-05-30,27
CUST_00854,2024-06-19,Price,2024-05-02,48
CUST_00855,2024-06-05,Product Gap,2024-04-22,44
CUST_00867,2024-06-16,Price,2024-04-23,54
CUST_00870,2024-06-09,Support Issues,2024-05-22,18
CUST_00871,2024-06-14,Product Gap,2024-05-03,42
CUST_00882,2024-06-22,Business Closure,2024-06-14,8
CUST_00885,2024-06-21,Support Issues,2024-06-04,17
CUST_00890,2024-06-03,Price,2024-05-16,18
CUST_00893,2024-06-12,Support Issues,2024-04-20,53
CUST_00911,2024-06-23,Support Issues,2024-05-22,32
CUST_00913,2024-06-24,Support Issues,2024-05-17,38
CUST_00917,2024-06-21,Product Gap,2024-06-13,8
CUST_00924,2024-06-20,Price,2024-06-05,15
CUST_00925,2024-06-16,Price,2024-04-21,56
CUST_00930,2024-06-03,Competitor,2024-05-20,14
CUST_00945,2024-06-18,Competitor,2024-05-23,26
CUST_00956,2024-06-07,Price,2024-04-12,56
CUST_00958,2024-06-28,Support Issues,2024-05-07,52
CUST_00966,2024-06-14,Competitor,2024-06-01,13
CUST_00967,2024-07-01,Price,2024-05-24,38
CUST_00975,2024-06-03,Product Gap,2024-04-05,59
CUST_00980,2024-06-08,Price,2024-05-29,10
CUST_00982,2024-06-02,Support Issues,2024-04-15,48
CUST_00983,2024-06-20,Business Closure,2024-05-22,29
CUST_01000,2024-06-23,Price,2024-06-14,9
CUST_01004,2024-06-28,Price,2024-04-30,59
CUST_01010,2024-06-04,Price,2024-04-23,42
CUST_01019,2024-06-15,Price,2024-06-03,12
CUST_01022,2024-06-13,Price,2024-04-30,44
CUST_01026,2024-06-16,Product Gap,2024-06-07,9
CUST_01029,2024-06-10,Support Issues,2024-05-02,39
CUST_01032,2024-06-30,Competitor,2024-06-11,19
CUST_01036,2024-06-27,Product Gap,2024-05-05,53
CUST_01041,2024-06-22,Product Gap,2024-06-03,19
CUST_01045,2024-06-10,Price,2024-04-19,52
CUST_01051,2024-06-09,Competitor,2024-04-21,49
CUST_01053,2024-06-08,Price,2024-04-21,48
CUST_01054,2024-06-27,Price,2024-05-05,53
CUST_01057,2024-06-20,Competitor,2024-06-11,9
CUST_01062,2024-06-10,Competitor,2024-05-01,40
CUST_01063,2024-06-11,Competitor,2024-05-09,33
CUST_01071,2024-06-18,Competitor,2024-05-02,47
CUST_01077,2024-06-09,Product Gap,2024-05-01,39
CUST_01081,2024-07-01,Competitor,2024-05-18,44
CUST_01082,2024-06-15,Product Gap,2024-06-02,13
CUST_01083,2024-06-07,Price,2024-05-29,9
CUST_01090,2024-06-03,Price,2024-05-07,27
CUST_01096,2024-06-14,Business Closure,2024-05-06,39
CUST_01097,2024-06-11,Competitor,2024-04-24,48
CUST_01108,2024-06-28,Price,2024-05-13,46
CUST_01109,2024-06-20,Support Issues,2024-05-15,36
CUST_01111,2024-06-15,Price,2024-04-30,46
CUST_01118,2024-06-23,Price,2024-06-09,14
CUST_01119,2024-06-18,Product Gap,2024-04-21,58
CUST_01128,2024-06-12,Competitor,2024-06-05,7
CUST_01130,2024-07-01,Competitor,2024-05-07,55
CUST_01133,2024-06-15,Product Gap,2024-05-16,30
CUST_01135,2024-06-29,Product Gap,2024-05-17,43
CUST_01136,2024-06-11,Business Closure,2024-04-18,54
CUST_01142,2024-06-02,Price,2024-05-09,24
CUST_01145,2024-06-21,Price,2024-05-23,29
CUST_01153,2024-06-24,Product Gap,2024-04-26,59
CUST_01158,2024-06-21,Price,2024-06-04,17
CUST_01168,2024-06-10,Competitor,2024-04-23,48
CUST_01172,2024-06-26,Product Gap,2024-06-06,20
CUST_01173,2024-06-30,Product Gap,2024-06-12,18
CUST_01178,2024-06-26,Competitor,2024-06-03,23
CUST_01180,2024-06-04,Business Closure,2024-04-05,60
CUST_01182,2024-06-20,Business Closure,2024-04-29,52
CUST_01186,2024-06-06,Competitor,2024-05-14,23
CUST_01188,2024-07-01,Competitor,2024-06-03,28
CUST_01191,2024-06-20,Product Gap,2024-06-13,7
CUST_01200,2024-06-07,Competitor,2024-04-18,50
CUST_01206,2024-06-20,Support Issues,2024-05-08,43
CUST_01207,2024-06-20,Price,2024-05-12,39
CUST_01216,2024-06-18,Support Issues,2024-04-30,49
CUST_01217,2024-06-20,Support Issues,2024-04-28,53
CUST_01228,2024-06-29,Business Closure,2024-04-30,60
CUST_01238,2024-06-21,Competitor,2024-04-25,57
CUST_01241,2024-06-10,Competitor,2024-04-13,58
CUST_01242,2024-06-17,Competitor,2024-06-01,16
CUST_01247,2024-06-12,Price,2024-05-02,41
CUST_01251,2024-06-21,Product Gap,2024-06-01,20
CUST_01255,2024-06-13,Price,2024-05-02,42
CUST_01257,2024-06-21,Product Gap,2024-05-20,32
CUST_01266,2024-06-08,Business Closure,2024-05-30,9
CUST_01269,2024-06-19,Competitor,2024-05-23,27
CUST_01271,2024-06-13,Competitor,2024-05-05,39
CUST_01277,2024-06-03,Support Issues,2024-05-10,24
CUST_01278,2024-06-26,Product Gap,2024-06-14,12
CUST_01279,2024-06-05,Support Issues,2024-05-14,22
CUST_01282,2024-06-17,Competitor,2024-06-07,10
CUST_01295,2024-06-13,Product Gap,2024-05-30,14
CUST_01296,2024-06-26,Competitor,2024-06-02,24
CUST_01299,2024-06-25,Price,2024-05-08,48
CUST_01301,2024-06-21,Business Closure,2024-04-30,52
CUST_01304,2024-06-10,Competitor,2024-04-21,50
CUST_01305,2024-06-24,Competitor,2024-06-02,22
CUST_01312,2024-06-13,Business Closure,2024-04-17,57
CUST_01314,2024-06-30,Price,2024-05-05,56
CUST_01316,2024-06-23,Product Gap,2024-05-02,52
CUST_01319,2024-06-13,Competitor,2024-05-21,23
CUST_01325,2024-06-13,Business Closure,2024-05-05,39
CUST_01336,2024-07-01,Competitor,2024-05-09,53
CUST_01349,2024-06-09,Price,2024-05-04,36
CUST_01350,2024-06-04,Price,2024-04-05,60
CUST_01351,2024-06-08,Support Issues,2024-04-11,58
CUST_01352,2024-06-10,Product Gap,2024-04-11,60
CUST_01353,2024-06-20,Price,2024-05-10,41
CUST_01354,2024-06-23,Competitor,2024-05-02,52
CUST_01361,2024-06-29,Price,2024-06-18,11
CUST_01362,2024-06-19,Price,2024-04-27,53
CUST_01366,2024-06-22,Competitor,2024-05-12,41
CUST_01369,2024-07-01,Competitor,2024-06-20,11
CUST_01371,2024-06-24,Business Closure,2024-04-30,55
CUST_01372,2024-06-12,Price,2024-05-21,22
CUST_01378,2024-06-03,Competitor,2024-04-19,45
CUST_01381,2024-06-29,Product Gap,2024-05-28,32
CUST_01383,2024-06-16,Business Closure,2024-05-03,44
CUST_01384,2024-07-01,Price,2024-05-16,46
CUST_01385,2024-06-22,Competitor,2024-05-08,45
CUST_01396,2024-06-27,Competitor,2024-06-17,10
CUST_01397,2024-06-06,Price,2024-04-24,43
CUST_01406,2024-06-22,Price,2024-05-14,39
CUST_01407,2024-06-06,Competitor,2024-05-25,12
CUST_01408,2024-06-16,Product Gap,2024-05-10,37
CUST_01409,2024-07-01,Business Closure,2024-05-18,44
CUST_01411,2024-06-07,Business Closure,2024-04-08,60
CUST_01413,2024-06-18,Business Closure,2024-06-08,10
CUST_01415,2024-06-27,Competitor,2024-05-06,52
CUST_01417,2024-06-04,Price,2024-05-18,17
CUST_01431,2024-06-28,Support Issues,2024-06-05,23
CUST_01433,2024-06-07,Product Gap,2024-04-12,56
CUST_01434,2024-06-24,Support Issues,2024-06-16,8
CUST_01446,2024-06-09,Support Issues,2024-05-11,29
CUST_01447,2024-06-26,Support Issues,2024-05-30,27
CUST_01449,2024-06-14,Price,2024-05-14,31
CUST_01466,2024-06-20,Competitor,2024-05-09,42
CUST_01484,2024-06-17,Business Closure,2024-06-04,13
CUST_01492,2024-06-24,Price,2024-04-27,58
CUST_01494,2024-06-03,Product Gap,2024-04-10,54
CUST_01496,2024-06-27,Competitor,2024-05-28,30
CUST_01501,2024-06-24,Price,2024-04-28,57
CUST_01512,2024-06-07,Price,2024-05-16,22
CUST_01518,2024-06-16,Product Gap,2024-06-05,11
CUST_01522,2024-06-25,Competitor,2024-06-08,17
CUST_01526,2024-06-15,Price,2024-06-07,8
CUST_01541,2024-06-09,Competitor,2024-05-06,34
CUST_01543,2024-06-26,Business Closure,2024-05-02,55
CUST_01544,2024-06-10,Price,2024-04-11,60
CUST_01547,2024-06-13,Price,2024-06-04,9
CUST_01548,2024-06-21,Competitor,2024-04-24,58
CUST_01549,2024-06-16,Price,2024-04-28,49
CUST_01559,2024-06-20,Competitor,2024-05-11,40
CUST_01561,2024-06-14,Competitor,2024-05-06,39
CUST_01563,2024-06-22,Product Gap,2024-06-07,15
CUST_01580,2024-06-04,Competitor,2024-05-07,28
CUST_01582,2024-06-23,Product Gap,2024-04-25,59
CUST_01584,2024-06-29,Competitor,2024-06-12,17
CUST_01586,2024-06-04,Product Gap,2024-05-11,24
CUST_01593,2024-06-12,Product Gap,2024-05-08,35
CUST_01603,2024-06-15,Competitor,2024-05-20,26
CUST_01607,2024-06-10,Support Issues,2024-05-29,12
CUST_01608,2024-06-05,Support Issues,2024-04-26,40
CUST_01612,2024-06-16,Product Gap,2024-05-28,19
CUST_01616,2024-06-04,Price,2024-05-27,8
CUST_01620,2024-06-24,Price,2024-04-26,59
CUST_01624,2024-06-09,Competitor,2024-05-11,29
CUST_01626,2024-06-10,Product Gap,2024-06-01,9
CUST_01632,2024-06-21,Competitor,2024-05-05,47
CUST_01641,2024-06-23,Price,2024-05-09,45
CUST_01642,2024-06-10,Product Gap,2024-06-03,7
CUST_01650,2024-06-13,Competitor,2024-04-16,58
CUST_01651,2024-06-15,Competitor,2024-06-08,7
CUST_01655,2024-06-11,Price,2024-04-30,42
CUST_01663,2024-06-10,Price,2024-04-17,54
CUST_01664,2024-06-16,Competitor,2024-05-08,39
CUST_01665,2024-06-09,Competitor,2024-04-29,41
CUST_01670,2024-06-29,Business Closure,2024-05-22,38
CUST_01673,2024-06-19,Competitor,2024-04-21,59
CUST_01679,2024-06-17,Price,2024-05-22,26
CUST_01687,2024-06-07,Support Issues,2024-05-27,11
CUST_01693,2024-06-14,Competitor,2024-04-26,49
CUST_01696,2024-06-17,Price,2024-05-01,47
CUST_01705,2024-06-13,Business Closure,2024-05-19,25
CUST_01707,2024-06-26,Price,2024-05-09,48
CUST_01712,2024-06-30,Product Gap,2024-05-16,45
CUST_01719,2024-06-07,Competitor,2024-04-20,48
CUST_01720,2024-06-06,Competitor,2024-05-01,36
CUST_01723,2024-06-29,Competitor,2024-06-18,11
CUST_01735,2024-06-16,Business Closure,2024-06-04,12
CUST_01741,2024-06-26,Price,2024-05-28,29
CUST_01747,2024-06-26,Price,2024-04-29,58
CUST_01756,2024-06-23,Business Closure,2024-05-25,29
CUST_01759,2024-06-20,Price,2024-06-12,8
CUST_01760,2024-06-29,Support Issues,2024-05-01,59
CUST_01762,2024-06-06,Competitor,2024-04-17,50
CUST_01766,2024-06-16,Support Issues,2024-04-17,60
CUST_01768,2024-06-04,Competitor,2024-05-09,26
CUST_01770,2024-06-06,Product Gap,2024-05-23,14
CUST_01774,2024-06-11,Support Issues,2024-06-01,10
CUST_01783,2024-06-24,Product Gap,2024-06-04,20
CUST_01784,2024-06-16,Price,2024-05-19,28
CUST_01787,2024-06-20,Price,2024-06-03,17
CUST_01788,2024-06-03,Competitor,2024-04-06,58
CUST_01789,2024-06-30,Price,2024-05-19,42
CUST_01791,2024-06-08,Product Gap,2024-05-10,29
CUST_01793,2024-06-02,Support Issues,2024-05-07,26
CUST_01794,2024-06-14,Product Gap,2024-05-18,27
CUST_01795,2024-06-22,Product Gap,2024-05-19,34
CUST_01798,2024-06-26,Competitor,2024-06-12,14
CUST_01800,2024-06-26,Product Gap,2024-05-08,49
CUST_01817,2024-06-14,Competitor,2024-04-21,54
CUST_01818,2024-07-01,Price,2024-05-06,56
CUST_01828,2024-06-14,Product Gap,2024-05-26,19
CUST_01835,2024-06-28,Competitor,2024-05-30,29
CUST_01837,2024-06-08,Business Closure,2024-04-20,49
CUST_01841,2024-06-05,Competitor,2024-05-14,22
CUST_01842,2024-06-21,Support Issues,2024-06-13,8
CUST_01848,2024-06-06,Product Gap,2024-04-19,48
CUST_01856,2024-06-11,Price,2024-05-07,35
CUST_01857,2024-06-24,Competitor,2024-05-23,32
CUST_01858,2024-06-17,Product Gap,2024-04-18,60
CUST_01859,2024-06-20,Support Issues,2024-06-08,12
CUST_01864,2024-06-19,Competitor,2024-05-24,26
CUST_01869,2024-06-05,Competitor,2024-04-08,58
CUST_01886,2024-06-08,Product Gap,2024-04-13,56
CUST_01889,2024-06-08,Product Gap,2024-05-04,35
CUST_01891,2024-06-20,Support Issues,2024-04-25,56
CUST_01892,2024-06-13,Support Issues,2024-05-17,27
CUST_01896,2024-06-27,Price,2024-05-08,50
CUST_01897,2024-06-29,Price,2024-05-02,58
CUST_01899,2024-06-04,Competitor,2024-04-09,56
CUST_01908,2024-07-01,Competitor,2024-06-07,24
CUST_01910,2024-06-03,Competitor,2024-04-08,56
CUST_01912,2024-06-15,Price,2024-04-18,58
CUST_01918,2024-06-05,Competitor,2024-04-16,50
CUST_01920,2024-06-19,Support Issues,2024-05-27,23
CUST_01925,2024-06-08,Price,2024-05-01,38
CUST_01928,2024-06-05,Competitor,2024-05-14,22
CUST_01932,2024-06-21,Price,2024-06-10,11
CUST_01945,2024-06-25,Price,2024-05-16,40
CUST_01955,2024-06-27,Competitor,2024-05-11,47
CUST_01956,2024-07-01,Product Gap,2024-05-18,44
CUST_01957,2024-06-20,Price,2024-05-31,20
CUST_01961,2024-06-17,Product Gap,2024-06-04,13
CUST_01964,2024-06-28,Competitor,2024-06-10,18
CUST_01965,2024-06-06,Support Issues,2024-05-06,31
CUST_01972,2024-06-19,Price,2024-06-02,17
CUST_01977,2024-06-10,Competitor,2024-05-19,22
CUST_01979,2024-06-19,Competitor,2024-05-11,39
CUST_01991,2024-06-26,Product Gap,2024-05-15,42
CUST_01994,2024-06-19,Price,2024-05-06,44
CUST_01998,2024-07-01,Competitor,2024-05-27,35
CUST_02002,2024-06-15,Competitor,2024-04-17,59
CUST_02005,2024-06-26,Product Gap,2024-05-11,46
CUST_02011,2024-06-20,Competitor,2024-06-11,9
CUST_02014,2024-06-19,Price,2024-05-27,23
CUST_02016,2024-06-25,Competitor,2024-06-11,14
CUST_02021,2024-06-04,Competitor,2024-04-22,43
CUST_02026,2024-06-20,Price,2024-06-09,11
CUST_02031,2024-06-17,Business Closure,2024-05-13,35
CUST_02033,2024-06-24,Product Gap,2024-06-10,14
CUST_02035,2024-06-24,Price,2024-05-27,28
CUST_02038,2024-06-07,Competitor,2024-05-20,18
CUST_02039,2024-06-30,Product Gap,2024-06-06,24
CUST_02041,2024-06-29,Price,2024-06-22,7
CUST_02045,2024-06-29,Competitor,2024-06-20,9
CUST_02051,2024-06-13,Support Issues,2024-05-12,32
CUST_02053,2024-06-27,Business Closure,2024-06-05,22
CUST_02059,2024-06-18,Competitor,2024-05-30,19
CUST_02066,2024-06-03,Product Gap,2024-04-21,43
CUST_02071,2024-06-08,Competitor,2024-05-14,25
CUST_02076,2024-06-02,Support Issues,2024-04-22,41
CUST_02084,2024-06-22,Price,2024-06-09,13
CUST_02095,2024-06-18,Competitor,2024-06-06,12
CUST_02104,2024-06-03,Product Gap,2024-04-28,36
CUST_02105,2024-06-02,Support Issues,2024-05-23,10
CUST_02110,2024-06-23,Business Closure,2024-05-04,50
CUST_02111,2024-06-24,Competitor,2024-06-06,18
CUST_02114,2024-06-29,Support Issues,2024-05-05,55
CUST_02117,2024-06-24,Price,2024-06-05,19
CUST_02118,2024-06-09,Support Issues,2024-06-01,8
CUST_02128,2024-06-06,Competitor,2024-05-16,21
CUST_02131,2024-06-06,Price,2024-05-30,7
CUST_02138,2024-06-17,Competitor,2024-06-10,7
CUST_02140,2024-06-29,Business Closure,2024-06-06,23
CUST_02143,2024-06-08,Product Gap,2024-04-30,39
CUST_02154,2024-06-30,Competitor,2024-06-06,24
CUST_02155,2024-06-14,Business Closure,2024-05-25,20
CUST_02158,2024-06-26,Competitor,2024-05-28,29
CUST_02164,2024-06-04,Competitor,2024-04-27,38
CUST_02165,2024-06-03,Competitor,2024-04-15,49
CUST_02166,2024-06-17,Competitor,2024-05-07,41
CUST_02167,2024-06-13,Support Issues,2024-04-23,51
CUST_02168,2024-06-24,Competitor,2024-05-24,31
CUST_02176,2024-07-01,Price,2024-05-31,31
CUST_02183,2024-06-14,Competitor,2024-05-03,42
CUST_02187,2024-06-29,Product Gap,2024-05-19,41
CUST_02188,2024-06-26,Product Gap,2024-05-03,54
CUST_02189,2024-06-02,Product Gap,2024-05-04,29
CUST_02196,2024-06-02,Product Gap,2024-05-24,9
CUST_02207,2024-06-21,Support Issues,2024-06-10,11
CUST_02208,2024-06-07,Product Gap,2024-04-08,60
CUST_02209,2024-06-11,Price,2024-05-13,29
CUST_02214,2024-06-12,Price,2024-05-29,14
CUST_02215,2024-06-17,Competitor,2024-05-27,21
CUST_02224,2024-06-17,Price,2024-06-03,14
CUST_02226,2024-06-18,Product Gap,2024-05-23,26
CUST_02233,2024-06-12,Competitor,2024-05-03,40
CUST_02242,2024-06-18,Price,2024-05-11,38
CUST_02243,2024-06-23,Business Closure,2024-04-24,60
CUST_02247,2024-06-04,Product Gap,2024-04-19,46
CUST_02251,2024-06-24,Product Gap,2024-05-23,32
CUST_02252,2024-06-24,Product Gap,2024-05-01,54
CUST_02258,2024-06-04,Competitor,2024-05-16,19
CUST_02261,2024-06-06,Product Gap,2024-05-18,19
CUST_02268,2024-06-02,Competitor,2024-05-16,17
CUST_02269,2024-06-14,Price,2024-05-03,42
CUST_02270,2024-06-11,Price,2024-05-02,40
CUST_02271,2024-06-28,Product Gap,2024-05-14,45
CUST_02272,2024-06-29,Product Gap,2024-05-19,41
CUST_02275,2024-06-14,Support Issues,2024-05-02,43
CUST_02277,2024-06-28,Price,2024-05-26,33
CUST_02282,2024-06-11,Product Gap,2024-05-08,34
CUST_02287,2024-07-01,Competitor,2024-05-03,59
CUST_02289,2024-06-30,Competitor,2024-06-15,15
CUST_02293,2024-06-30,Price,2024-06-13,17
CUST_02294,2024-06-15,Product Gap,2024-05-27,19
CUST_02296,2024-06-19,Product Gap,2024-04-30,50
CUST_02309,2024-06-23,Competitor,2024-06-14,9
CUST_02310,2024-06-29,Price,2024-06-07,22
CUST_02312,2024-06-06,Price,2024-04-21,46
CUST_02316,2024-06-18,Product Gap,2024-05-23,26
CUST_02318,2024-06-02,Support Issues,2024-04-25,38
CUST_02327,2024-06-03,Product Gap,2024-05-02,32
CUST_02328,2024-06-20,Support Issues,2024-05-05,46
CUST_02333,2024-06-11,Price,2024-05-11,31
CUST_02335,2024-06-04,Competitor,2024-05-04,31
CUST_02336,2024-06-04,Price,2024-05-19,16
CUST_02343,2024-06-16,Competitor,2024-05-22,25
CUST_02345,2024-06-08,Business Closure,2024-05-27,12
CUST_02349,2024-06-28,Product Gap,2024-06-19,9
CUST_02354,2024-06-27,Product Gap,2024-05-02,56
CUST_02359,2024-06-16,Price,2024-05-14,33
CUST_02360,2024-06-13,Support Issues,2024-05-20,24
CUST_02365,2024-06-24,Competitor,2024-05-04,51
CUST_02366,2024-06-18,Product Gap,2024-05-05,44
CUST_02381,2024-06-29,Product Gap,2024-06-16,13
CUST_02383,2024-06-24,Competitor,2024-06-03,21
CUST_02388,2024-06-11,Competitor,2024-05-04,38
CUST_02403,2024-06-18,Competitor,2024-05-30,19
CUST_02417,2024-06-16,Business Closure,2024-05-12,35
CUST_02420,2024-06-26,Price,2024-06-09,17
CUST_02421,2024-06-14,Competitor,2024-04-20,55
CUST_02429,2024-06-29,Business Closure,2024-05-10,50
CUST_02430,2024-06-04,Business Closure,2024-05-06,29
CUST_02431,2024-06-10,Support Issues,2024-05-01,40
CUST_02432,2024-06-14,Competitor,2024-05-18,27
CUST_02437,2024-06-14,Product Gap,2024-05-11,34
CUST_02444,2024-06-25,Business Closure,2024-05-14,42
CUST_02446,2024-06-17,Price,2024-05-06,42
CUST_02450,2024-06-10,Price,2024-05-13,28
CUST_02453,2024-06-05,Competitor,2024-05-01,35
CUST_02456,2024-06-30,Product Gap,2024-06-23,7
CUST_02457,2024-06-22,Product Gap,2024-04-24,59
CUST_02458,2024-06-10,Business Closure,2024-05-31,10
CUST_02460,2024-06-03,Price,2024-04-11,53
CUST_02463,2024-06-17,Competitor,2024-05-25,23
CUST_02467,2024-06-28,Price,2024-05-12,47
CUST_02469,2024-06-10,Support Issues,2024-05-13,28
CUST_02473,2024-07-01,Price,2024-05-21,41
CUST_02478,2024-06-03,Business Closure,2024-04-10,54
CUST_02479,2024-06-06,Support Issues,2024-05-03,34
CUST_02486,2024-06-20,Price,2024-05-19,32
CUST_02508,2024-06-09,Product Gap,2024-05-27,13
CUST_02521,2024-06-29,Competitor,2024-06-04,25
CUST_02531,2024-07-01,Product Gap,2024-06-23,8
CUST_02532,2024-06-29,Product Gap,2024-05-03,57
CUST_02534,2024-07-01,Competitor,2024-06-24,7
CUST_02537,2024-06-08,Product Gap,2024-05-28,11
CUST_02538,2024-06-02,Competitor,2024-05-17,16
CUST_02550,2024-06-19,Price,2024-05-16,34
CUST_02559,2024-06-07,Product Gap,2024-05-16,22
CUST_02560,2024-06-24,Price,2024-05-08,47
CUST_02561,2024-06-22,Product Gap,2024-04-24,59
CUST_02563,2024-06-18,Price,2024-05-14,35
CUST_02567,2024-06-04,Support Issues,2024-04-16,49
CUST_02572,2024-06-20,Competitor,2024-06-08,12
CUST_02573,2024-06-14,Price,2024-04-20,55
CUST_02574,2024-06-15,Competitor,2024-05-30,16
CUST_02581,2024-06-10,Support Issues,2024-04-30,41
CUST_02583,2024-06-19,Price,2024-04-26,54
CUST_02585,2024-06-10,Price,2024-05-05,36
CUST_02586,2024-06-14,Competitor,2024-06-02,12
CUST_02598,2024-06-16,Support Issues,2024-04-17,60
CUST_02612,2024-06-30,Competitor,2024-06-21,9
CUST_02614,2024-06-10,Business Closure,2024-04-23,48
CUST_02616,2024-06-18,Support Issues,2024-04-30,49
CUST_02621,2024-06-17,Product Gap,2024-05-14,34
CUST_02627,2024-06-26,Product Gap,2024-04-28,59
CUST_02630,2024-06-22,Support Issues,2024-06-15,7
CUST_02636,2024-06-11,Product Gap,2024-05-13,29
CUST_02638,2024-06-10,Price,2024-05-09,32
CUST_02644,2024-06-22,Competitor,2024-05-31,22
CUST_02646,2024-06-05,Price,2024-05-01,35
CUST_02655,2024-06-23,Competitor,2024-04-30,54
CUST_02670,2024-06-06,Competitor,2024-04-19,48
CUST_02675,2024-06-27,Product Gap,2024-05-20,38
CUST_02677,2024-06-07,Support Issues,2024-05-01,37
CUST_02678,2024-06-07,Competitor,2024-05-30,8
CUST_02681,2024-06-05,Price,2024-05-05,31
CUST_02685,2024-06-22,Business Closure,2024-04-26,57
CUST_02686,2024-06-02,Business Closure,2024-04-16,47
CUST_02690,2024-06-18,Competitor,2024-04-22,57
CUST_02691,2024-06-10,Price,2024-05-10,31
CUST_02692,2024-06-20,Product Gap,2024-04-22,59
CUST_02695,2024-06-12,Product Gap,2024-05-03,40
CUST_02696,2024-06-18,Support Issues,2024-05-11,38
CUST_02705,2024-06-09,Competitor,2024-05-11,29
CUST_02708,2024-06-12,Support Issues,2024-04-29,44
CUST_02712,2024-06-19,Support Issues,2024-06-01,18
CUST_02726,2024-06-26,Competitor,2024-05-23,34
CUST_02727,2024-06-26,Product Gap,2024-05-23,34
CUST_02732,2024-06-19,Support Issues,2024-05-25,25
CUST_02734,2024-06-13,Product Gap,2024-05-15,29
CUST_02737,2024-06-05,Price,2024-04-24,42
CUST_02740,2024-06-30,Price,2024-05-07,54
CUST_02742,2024-06-13,Support Issues,2024-05-08,36
CUST_02743,2024-06-20,Competitor,2024-04-27,54
CUST_02744,2024-06-10,Competitor,2024-05-09,32
CUST_02753,2024-06-16,Price,2024-05-26,21
CUST_02756,2024-06-28,Product Gap,2024-05-10,49
CUST_02757,2024-06-19,Competitor,2024-05-13,37
CUST_02758,2024-06-20,Product Gap,2024-05-22,29
CUST_02761,2024-06-03,Price,2024-05-23,11
CUST_02762,2024-06-19,Price,2024-05-28,22
CUST_02767,2024-06-12,Price,2024-05-10,33
CUST_02770,2024-06-16,Competitor,2024-04-28,49
CUST_02773,2024-06-15,Price,2024-06-02,13
CUST_02774,2024-06-23,Support Issues,2024-06-16,7
CUST_02783,2024-06-29,Business Closure,2024-05-13,47
CUST_02788,2024-06-06,Product Gap,2024-04-20,47
CUST_02795,2024-06-12,Price,2024-04-14,59
CUST_02798,2024-06-18,Business Closure,2024-04-30,49
CUST_02800,2024-06-09,Price,2024-05-07,33
CUST_02803,2024-06-18,Product Gap,2024-05-15,34
CUST_02804,2024-06-21,Support Issues,2024-06-04,17
CUST_02807,2024-06-09,Business Closure,2024-05-10,30
CUST_02808,2024-06-16,Price,2024-06-04,12
CUST_02811,2024-06-19,Competitor,2024-06-05,14
CUST_02814,2024-06-11,Price,2024-04-13,59
CUST_02820,2024-06-15,Competitor,2024-04-26,50
CUST_02830,2024-06-02,Price,2024-04-26,37
CUST_02836,2024-06-12,Competitor,2024-04-26,47
CUST_02838,2024-06-04,Price,2024-05-14,21
CUST_02839,2024-06-26,Competitor,2024-06-12,14
CUST_02849,2024-06-16,Product Gap,2024-05-16,31
CUST_02850,2024-06-28,Product Gap,2024-06-16,12
CUST_02851,2024-06-11,Price,2024-05-30,12
CUST_02854,2024-06-09,Product Gap,2024-05-16,24
CUST_02860,2024-06-08,Business Closure,2024-05-27,12
CUST_02861,2024-06-20,Business Closure,2024-06-01,19
CUST_02875,2024-06-30,Competitor,2024-05-03,58
CUST_02877,2024-06-12,Competitor,2024-05-07,36
CUST_02881,2024-06-26,Price,2024-06-17,9
CUST_02885,2024-06-20,Competitor,2024-05-19,32
CUST_02886,2024-06-15,Competitor,2024-05-19,27
CUST_02890,2024-06-23,Price,2024-05-12,42
CUST_02894,2024-06-26,Business Closure,2024-06-15,11
CUST_02895,2024-06-30,Product Gap,2024-05-05,56
CUST_02899,2024-06-18,Competitor,2024-04-23,56
CUST_02904,2024-06-06,Price,2024-05-02,35
CUST_02908,2024-06-27,Support Issues,2024-06-05,22
CUST_02911,2024-06-09,Competitor,2024-04-25,45
CUST_02916,2024-06-14,Product Gap,2024-06-07,7
CUST_02921,2024-06-17,Product Gap,2024-04-23,55
CUST_02925,2024-06-19,Price,2024-04-22,58
CUST_02926,2024-06-21,Price,2024-05-01,51
CUST_02927,2024-06-02,Support Issues,2024-05-09,24
CUST_02934,2024-06-07,Competitor,2024-04-12,56
CUST_02937,2024-06-29,Support Issues,2024-05-02,58
CUST_02939,2024-06-06,Support Issues,2024-04-10,57
CUST_02941,2024-06-04,Support Issues,2024-04-18,47
CUST_02953,2024-06-24,Price,2024-06-07,17
CUST_02959,2024-06-22,Competitor,2024-05-26,27
CUST_02966,2024-06-30,Business Closure,2024-05-16,45
CUST_02967,2024-06-07,Business Closure,2024-04-17,51
CUST_02975,2024-06-17,Competitor,2024-04-26,52
CUST_02976,2024-06-06,Support Issues,2024-05-02,35
CUST_02980,2024-06-03,Product Gap,2024-04-21,43
CUST_02991,2024-06-07,Competitor,2024-05-04,34
CUST_02994,2024-06-12,Price,2024-05-03,40
CUST_02997,2024-06-06,Price,2024-04-21,46
CUST_02999,2024-06-09,Competitor,2024-05-28,12
CUST_03001,2024-06-03,Support Issues,2024-05-01,33
CUST_03003,2024-07-01,Price,2024-05-16,46
CUST_03006,2024-06-28,Business Closure,2024-05-02,57
CUST_03018,2024-06-14,Product Gap,2024-06-06,8
CUST_03020,2024-06-03,Product Gap,2024-04-04,60
CUST_03021,2024-06-05,Price,2024-04-17,49
CUST_03022,2024-06-17,Price,2024-05-14,34
CUST_03026,2024-06-23,Product Gap,2024-05-02,52
CUST_03027,2024-06-12,Support Issues,2024-06-05,7
CUST_03032,2024-06-30,Product Gap,2024-05-25,36
CUST_03046,2024-06-26,Price,2024-05-24,33
CUST_03057,2024-06-09,Price,2024-04-18,52
CUST_03061,2024-06-11,Product Gap,2024-05-07,35
CUST_03069,2024-06-07,Product Gap,2024-05-19,19
CUST_03074,2024-06-22,Support Issues,2024-05-06,47
CUST_03076,2024-06-03,Business Closure,2024-05-20,14
CUST_03077,2024-06-10,Price,2024-06-03,7
CUST_03079,2024-07-01,Competitor,2024-06-14,17
CUST_03087,2024-06-10,Competitor,2024-04-29,42
CUST_03088,2024-06-13,Price,2024-05-16,28
CUST_03091,2024-06-13,Support Issues,2024-05-31,13
CUST_03103,2024-06-20,Competitor,2024-06-06,14
CUST_03105,2024-06-02,Support Issues,2024-04-23,40
CUST_03115,2024-06-16,Competitor,2024-05-15,32
CUST_03129,2024-06-26,Competitor,2024-06-12,14
CUST_03134,2024-06-13,Competitor,2024-05-09,35
CUST_03135,2024-06-11,Business Closure,2024-06-02,9
CUST_03137,2024-06-19,Price,2024-05-07,43
CUST_03139,2024-06-14,Price,2024-04-29,46
CUST_03142,2024-06-18,Business Closure,2024-05-20,29
CUST_03149,2024-06-20,Support Issues,2024-05-12,39
CUST_03152,2024-06-23,Price,2024-05-04,50
CUST_03160,2024-06-20,Product Gap,2024-05-04,47
CUST_03162,2024-06-06,Support Issues,2024-05-24,13
CUST_03164,2024-06-15,Competitor,2024-04-25,51
CUST_03171,2024-06-21,Competitor,2024-05-11,41
CUST_03192,2024-06-22,Price,2024-05-22,31
CUST_03195,2024-06-17,Support Issues,2024-05-12,36
CUST_03207,2024-06-18,Product Gap,2024-05-25,24
CUST_03214,2024-06-14,Price,2024-06-01,13
CUST_03230,2024-06-17,Price,2024-05-21,27
CUST_03231,2024-06-15,Product Gap,2024-05-05,41
CUST_03233,2024-06-27,Price,2024-06-17,10
CUST_03235,2024-06-11,Price,2024-04-24,48
CUST_03237,2024-06-22,Price,2024-05-30,23
CUST_03239,2024-06-05,Product Gap,2024-04-13,53
CUST_03241,2024-07-01,Product Gap,2024-05-20,42
CUST_03247,2024-06-04,Competitor,2024-04-12,53
CUST_03248,2024-06-07,Business Closure,2024-04-30,38
CUST_03249,2024-06-03,Price,2024-04-14,50
CUST_03252,2024-06-21,Product Gap,2024-06-03,18
CUST_03254,2024-06-19,Price,2024-05-03,47
CUST_03257,2024-06-19,Competitor,2024-05-11,39
CUST_03258,2024-06-29,Price,2024-05-08,52
CUST_03262,2024-06-12,Price,2024-04-15,58
CUST_03263,2024-06-03,Business Closure,2024-05-19,15
CUST_03269,2024-06-10,Product Gap,2024-05-05,36
CUST_03270,2024-06-09,Support Issues,2024-05-21,19
CUST_03272,2024-06-02,Support Issues,2024-04-16,47
CUST_03273,2024-06-09,Competitor,2024-04-29,41
CUST_03277,2024-06-18,Price,2024-05-11,38
CUST_03288,2024-06-07,Price,2024-05-12,26
CUST_03291,2024-06-03,Price,2024-04-04,60
CUST_03297,2024-06-02,Price,2024-05-25,8
CUST_03305,2024-06-25,Competitor,2024-06-10,15
CUST_03308,2024-06-09,Business Closure,2024-04-16,54
CUST_03309,2024-06-30,Competitor,2024-06-17,13
CUST_03312,2024-06-15,Support Issues,2024-04-25,51
CUST_03316,2024-06-27,Support Issues,2024-05-22,36
CUST_03321,2024-06-08,Support Issues,2024-04-24,45
CUST_03323,2024-06-19,Support Issues,2024-05-19,31
CUST_03324,2024-06-25,Competitor,2024-06-18,7
CUST_03327,2024-06-08,Price,2024-05-30,9
CUST_03328,2024-06-19,Business Closure,2024-04-22,58
CUST_03339,2024-06-21,Price,2024-05-15,37
CUST_03345,2024-06-05,Business Closure,2024-05-09,27
CUST_03350,2024-06-09,Support Issues,2024-04-15,55
CUST_03352,2024-06-30,Product Gap,2024-05-18,43
CUST_03353,2024-06-10,Price,2024-05-05,36
CUST_03355,2024-06-10,Competitor,2024-06-03,7
CUST_03356,2024-06-26,Price,2024-05-05,52
CUST_03359,2024-06-27,Product Gap,2024-05-09,49
CUST_03365,2024-06-11,Support Issues,2024-05-28,14
CUST_03376,2024-06-26,Price,2024-05-06,51
CUST_03381,2024-06-26,Business Closure,2024-06-11,15
CUST_03382,2024-06-25,Business Closure,2024-06-02,23
CUST_03390,2024-06-09,Competitor,2024-04-22,48
CUST_03393,2024-06-02,Competitor,2024-04-09,54
CUST_03394,2024-06-02,Product Gap,2024-04-26,37
CUST_03395,2024-06-21,Support Issues,2024-05-29,23
CUST_03398,2024-06-26,Price,2024-05-23,34
CUST_03400,2024-06-20,Price,2024-04-21,60
CUST_03404,2024-06-27,Competitor,2024-06-18,9
CUST_03405,2024-06-19,Competitor,2024-05-31,19
CUST_03406,2024-06-24,Competitor,2024-06-04,20
CUST_03411,2024-06-19,Price,2024-05-11,39
CUST_03412,2024-06-15,Support Issues,2024-06-07,8
CUST_03413,2024-06-22,Competitor,2024-06-06,16
CUST_03414,2024-06-17,Price,2024-05-31,17
CUST_03421,2024-06-06,Product Gap,2024-05-19,18
CUST_03427,2024-06-26,Support Issues,2024-06-19,7
CUST_03429,2024-06-05,Product Gap,2024-05-26,10
CUST_03430,2024-06-05,Product Gap,2024-05-12,24
CUST_03433,2024-06-28,Product Gap,2024-06-11,17
CUST_03442,2024-06-09,Price,2024-04-18,52
CUST_03443,2024-06-27,Price,2024-06-02,25
CUST_03444,2024-06-07,Competitor,2024-05-22,16
CUST_03446,2024-06-10,Competitor,2024-04-16,55
CUST_03447,2024-06-17,Competitor,2024-05-28,20
CUST_03459,2024-06-20,Price,2024-05-22,29
CUST_03466,2024-06-23,Product Gap,2024-06-07,16
CUST_03474,2024-07-01,Price,2024-06-19,12
CUST_03475,2024-06-14,Product Gap,2024-05-11,34
CUST_03476,2024-06-02,Product Gap,2024-04-20,43
CUST_03483,2024-06-03,Support Issues,2024-04-30,34
CUST_03485,2024-06-12,Competitor,2024-05-02,41
CUST_03486,2024-06-02,Business Closure,2024-04-16,47
CUST_03487,2024-06-23,Price,2024-06-02,21
CUST_03488,2024-06-21,Price,2024-04-25,57
CUST_03492,2024-06-21,Product Gap,2024-05-04,48
CUST_03494,2024-06-13,Competitor,2024-04-30,44
CUST_03500,2024-06-18,Business Closure,2024-05-12,37
CUST_03501,2024-06-22,Support Issues,2024-05-02,51
CUST_03505,2024-06-08,Competitor,2024-04-12,57
CUST_03515,2024-06-14,Product Gap,2024-05-23,22
CUST_03517,2024-06-05,Support Issues,2024-05-03,33
CUST_03521,2024-06-03,Competitor,2024-04-22,42
CUST_03524,2024-06-04,Competitor,2024-05-19,16
CUST_03529,2024-06-21,Product Gap,2024-05-11,41
CUST_03531,2024-06-11,Price,2024-05-20,22
CUST_03542,2024-06-23,Product Gap,2024-05-09,45
CUST_03557,2024-06-08,Price,2024-04-13,56
CUST_03559,2024-06-18,Support Issues,2024-06-03,15
CUST_03564,2024-06-28,Support Issues,2024-05-29,30
CUST_03569,2024-06-26,Support Issues,2024-06-08,18
CUST_03571,2024-06-26,Price,2024-04-30,57
CUST_03575,2024-06-21,Support Issues,2024-04-28,54
CUST_03576,2024-06-20,Business Closure,2024-05-08,43
CUST_03580,2024-06-27,Support Issues,2024-06-05,22
CUST_03581,2024-06-24,Business Closure,2024-06-09,15
CUST_03585,2024-06-03,Competitor,2024-05-14,20
CUST_03591,2024-06-07,Price,2024-04-14,54
CUST_03602,2024-06-17,Price,2024-06-07,10
CUST_03605,2024-06-10,Price,2024-04-14,57
CUST_03606,2024-06-15,Competitor,2024-05-02,44
CUST_03617,2024-06-22,Price,2024-05-25,28
CUST_03618,2024-06-03,Product Gap,2024-04-26,38
CUST_03625,2024-06-10,Product Gap,2024-04-20,51
CUST_03626,2024-06-15,Price,2024-05-30,16
CUST_03629,2024-06-22,Product Gap,2024-06-02,20
CUST_03646,2024-06-22,Competitor,2024-06-14,8
CUST_03651,2024-06-17,Price,2024-04-25,53
CUST_03652,2024-06-27,Price,2024-06-03,24
CUST_03658,2024-06-02,Competitor,2024-04-25,38
CUST_03659,2024-06-09,Competitor,2024-04-27,43
CUST_03660,2024-06-16,Competitor,2024-05-09,38
CUST_03661,2024-06-05,Competitor,2024-04-20,46
CUST_03664,2024-06-06,Price,2024-04-13,54
CUST_03666,2024-06-12,Price,2024-04-13,60
CUST_03676,2024-06-07,Support Issues,2024-05-21,17
CUST_03680,2024-06-16,Product Gap,2024-05-28,19
CUST_03684,2024-06-19,Competitor,2024-04-22,58
CUST_03685,2024-06-18,Product Gap,2024-05-04,45
CUST_03686,2024-06-09,Price,2024-04-17,53
CUST_03689,2024-06-16,Competitor,2024-05-11,36
CUST_03697,2024-06-02,Support Issues,2024-04-14,49
CUST_03698,2024-07-01,Support Issues,2024-06-07,24
CUST_03702,2024-06-23,Product Gap,2024-06-16,7
CUST_03706,2024-06-09,Business Closure,2024-05-17,23
CUST_03708,2024-06-05,Competitor,2024-04-07,59
CUST_03712,2024-06-30,Competitor,2024-06-18,12
CUST_03715,2024-06-16,Price,2024-06-01,15
CUST_03718,2024-06-07,Support Issues,2024-04-21,47
CUST_03722,2024-06-28,Business Closure,2024-04-30,59
CUST_03723,2024-06-10,Competitor,2024-04-30,41
CUST_03725,2024-06-21,Product Gap,2024-06-07,14
CUST_03736,2024-06-14,Product Gap,2024-05-05,40
CUST_03740,2024-06-12,Price,2024-05-21,22
CUST_03741,2024-06-28,Competitor,2024-05-27,32
CUST_03742,2024-06-11,Price,2024-06-02,9
CUST_03745,2024-06-06,Competitor,2024-04-10,57
CUST_03747,2024-06-13,Competitor,2024-04-21,53
CUST_03754,2024-06-25,Product Gap,2024-05-08,48
CUST_03764,2024-06-04,Price,2024-05-01,34
CUST_03766,2024-06-15,Support Issues,2024-04-25,51
CUST_03771,2024-06-29,Price,2024-06-05,24
CUST_03773,2024-06-10,Support Issues,2024-06-02,8
CUST_03777,2024-06-04,Competitor,2024-05-13,22
CUST_03783,2024-06-08,Price,2024-05-07,32
CUST_03784,2024-06-16,Competitor,2024-04-20,57
CUST_03785,2024-06-07,Product Gap,2024-05-07,31
CUST_03787,2024-06-14,Product Gap,2024-05-02,43
CUST_03790,2024-06-14,Business Closure,2024-04-19,56
CUST_03794,2024-06-07,Business Closure,2024-05-28,10
CUST_03798,2024-06-12,Price,2024-06-04,8
CUST_03801,2024-06-26,Price,2024-05-28,29
CUST_03803,2024-06-08,Price,2024-05-08,31
CUST_03804,2024-07-01,Support Issues,2024-05-25,37
CUST_03812,2024-06-20,Competitor,2024-04-29,52
CUST_03816,2024-06-21,Price,2024-05-07,45
CUST_03817,2024-06-12,Price,2024-05-25,18
CUST_03824,2024-06-20,Competitor,2024-05-20,31
CUST_03830,2024-06-18,Support Issues,2024-04-24,55
CUST_03838,2024-06-22,Support Issues,2024-04-24,59
CUST_03839,2024-06-13,Price,2024-04-19,55
CUST_03840,2024-07-01,Product Gap,2024-05-18,44
CUST_03841,2024-06-26,Product Gap,2024-05-26,31
CUST_03858,2024-06-16,Price,2024-04-29,48
CUST_03859,2024-06-27,Business Closure,2024-06-11,16
CUST_03860,2024-06-07,Competitor,2024-05-31,7
CUST_03862,2024-06-30,Competitor,2024-05-29,32
CUST_03863,2024-06-02,Competitor,2024-04-19,44
CUST_03864,2024-07-01,Price,2024-05-16,46
CUST_03865,2024-06-17,Business Closure,2024-05-23,25
CUST_03871,2024-06-02,Business Closure,2024-04-22,41
CUST_03876,2024-07-01,Competitor,2024-05-26,36
CUST_03879,2024-06-17,Business Closure,2024-05-26,22
CUST_03882,2024-06-05,Product Gap,2024-04-30,36
CUST_03883,2024-06-27,Support Issues,2024-04-28,60
CUST_03885,2024-06-08,Price,2024-04-19,50
CUST_03888,2024-06-02,Price,2024-05-04,29
CUST_03889,2024-06-25,Price,2024-05-01,55
CUST_03890,2024-06-10,Support Issues,2024-05-20,21
CUST_03892,2024-06-11,Price,2024-05-29,13
CUST_03893,2024-06-02,Competitor,2024-04-08,55
CUST_03897,2024-06-12,Business Closure,2024-04-25,48
CUST_03900,2024-06-08,Price,2024-06-01,7
CUST_03901,2024-06-22,Product Gap,2024-05-08,45
CUST_03909,2024-06-28,Product Gap,2024-06-09,19
CUST_03913,2024-06-17,Competitor,2024-05-07,41
CUST_03922,2024-06-02,Product Gap,2024-05-21,12
CUST_03924,2024-06-15,Business Closure,2024-05-28,18
CUST_03926,2024-06-25,Price,2024-05-12,44
CUST_03928,2024-06-09,Price,2024-05-03,37
CUST_03931,2024-06-30,Product Gap,2024-06-11,19
CUST_03939,2024-06-06,Competitor,2024-04-29,38
CUST_03943,2024-06-17,Support Issues,2024-04-25,53
CUST_03951,2024-06-14,Business Closure,2024-05-25,20
CUST_03954,2024-06-08,Product Gap,2024-05-19,20
CUST_03958,2024-06-29,Support Issues,2024-05-25,35
CUST_03961,2024-06-19,Business Closure,2024-05-15,35
CUST_03963,2024-06-03,Product Gap,2024-04-09,55
CUST_03965,2024-06-19,Competitor,2024-04-29,51
CUST_03966,2024-06-04,Price,2024-05-24,11
CUST_03967,2024-06-04,Support Issues,2024-04-22,43
CUST_03971,2024-06-11,Product Gap,2024-04-14,58
CUST_03973,2024-06-05,Price,2024-04-10,56
CUST_03974,2024-06-12,Product Gap,2024-05-27,16
CUST_03976,2024-06-11,Product Gap,2024-05-10,32
CUST_03977,2024-06-11,Product Gap,2024-05-02,40
CUST_03979,2024-06-29,Price,2024-05-10,50
CUST_03993,2024-06-10,Price,2024-04-26,45
CUST_03999,2024-06-05,Competitor,2024-05-02,34
CUST_04002,2024-06-09,Product Gap,2024-05-26,14
CUST_04006,2024-06-25,Product Gap,2024-05-04,52
CUST_04011,2024-06-19,Price,2024-05-13,37
CUST_04013,2024-06-18,Price,2024-04-20,59
CUST_04014,2024-06-12,Support Issues,2024-05-04,39
CUST_04025,2024-06-20,Price,2024-05-11,40
CUST_04026,2024-06-11,Support Issues,2024-05-02,40
CUST_04027,2024-07-01,Price,2024-05-17,45
CUST_04029,2024-06-13,Product Gap,2024-05-22,22
CUST_04031,2024-06-05,Competitor,2024-05-21,15
CUST_04036,2024-06-17,Product Gap,2024-06-07,10
CUST_04040,2024-06-13,Competitor,2024-05-05,39
CUST_04041,2024-06-23,Product Gap,2024-05-18,36
CUST_04044,2024-06-11,Product Gap,2024-05-22,20
CUST_04050,2024-06-18,Price,2024-05-15,34
CUST_04053,2024-06-18,Price,2024-06-01,17
CUST_04061,2024-06-16,Price,2024-06-07,9
CUST_04065,2024-06-05,Business Closure,2024-05-04,32
CUST_04070,2024-06-13,Competitor,2024-04-16,58
CUST_04071,2024-06-20,Competitor,2024-05-15,36
CUST_04077,2024-06-20,Competitor,2024-04-23,58
CUST_04078,2024-06-11,Price,2024-05-22,20
CUST_04081,2024-06-25,Competitor,2024-04-28,58
CUST_04085,2024-06-18,Product Gap,2024-05-20,29
CUST_04090,2024-06-04,Support Issues,2024-04-13,52
CUST_04095,2024-06-12,Support Issues,2024-05-27,16
CUST_04101,2024-06-18,Price,2024-05-07,42
CUST_04108,2024-06-04,Support Issues,2024-04-18,47
CUST_04115,2024-06-29,Price,2024-05-11,49
CUST_04119,2024-06-28,Price,2024-05-12,47
CUST_04121,2024-06-28,Product Gap,2024-06-19,9
CUST_04124,2024-06-04,Competitor,2024-05-20,15
CUST_04127,2024-06-24,Competitor,2024-04-26,59
CUST_04133,2024-06-04,Competitor,2024-04-05,60
CUST_04136,2024-06-06,Support Issues,2024-04-10,57
CUST_04137,2024-06-13,Support Issues,2024-04-27,47
CUST_04142,2024-06-18,Business Closure,2024-05-09,40
CUST_04145,2024-06-12,Competitor,2024-05-08,35
CUST_04146,2024-06-27,Competitor,2024-05-18,40
CUST_04150,2024-06-28,Competitor,2024-05-09,50
CUST_04153,2024-06-23,Product Gap,2024-05-05,49
CUST_04159,2024-06-28,Product Gap,2024-05-26,33
CUST_04160,2024-06-14,Competitor,2024-04-28,47
CUST_04164,2024-06-08,Price,2024-05-07,32
CUST_04165,2024-06-05,Product Gap,2024-04-28,38
CUST_04171,2024-06-28,Product Gap,2024-06-17,11
CUST_04176,2024-06-02,Competitor,2024-05-01,32
CUST_04178,2024-07-01,Product Gap,2024-05-28,34
CUST_04185,2024-06-25,Competitor,2024-05-31,25
CUST_04187,2024-06-04,Price,2024-05-22,13
CUST_04190,2024-06-07,Support Issues,2024-05-28,10
CUST_04191,2024-06-21,Competitor,2024-04-22,60
CUST_04196,2024-06-11,Product Gap,2024-04-13,59
CUST_04197,2024-06-13,Product Gap,2024-05-23,21
CUST_04199,2024-06-22,Price,2024-06-01,21
CUST_04208,2024-06-14,Business Closure,2024-04-23,52
CUST_04209,2024-06-25,Price,2024-04-28,58
CUST_04212,2024-06-15,Support Issues,2024-05-03,43
CUST_04221,2024-06-18,Competitor,2024-05-31,18
CUST_04223,2024-06-20,Support Issues,2024-05-13,38
CUST_04235,2024-06-30,Product Gap,2024-05-25,36
CUST_04242,2024-06-25,Competitor,2024-04-26,60
CUST_04244,2024-06-10,Competitor,2024-04-20,51
CUST_04246,2024-06-24,Competitor,2024-06-17,7
CUST_04249,2024-06-22,Price,2024-05-25,28
CUST_04251,2024-06-12,Product Gap,2024-06-04,8
CUST_04257,2024-06-19,Price,2024-05-17,33
CUST_04264,2024-06-15,Price,2024-05-12,34
CUST_04273,2024-07-01,Product Gap,2024-05-12,50
CUST_04287,2024-06-20,Price,2024-06-08,12
CUST_04288,2024-06-26,Support Issues,2024-05-18,39
CUST_04295,2024-06-30,Price,2024-06-03,27
CUST_04305,2024-06-09,Price,2024-05-10,30
CUST_04309,2024-06-24,Support Issues,2024-06-13,11
CUST_04312,2024-06-24,Support Issues,2024-05-25,30
CUST_04313,2024-07-01,Business Closure,2024-05-24,38
CUST_04315,2024-06-16,Competitor,2024-06-07,9
CUST_04317,2024-06-14,Competitor,2024-05-19,26
CUST_04333,2024-06-12,Price,2024-05-09,34
CUST_04336,2024-07-01,Price,2024-05-02,60
CUST_04339,2024-06-23,Competitor,2024-05-06,48
CUST_04343,2024-06-26,Price,2024-06-03,23
CUST_04347,2024-06-19,Price,2024-05-26,24
CUST_04352,2024-06-21,Business Closure,2024-05-07,45
CUST_04359,2024-06-09,Business Closure,2024-04-20,50
CUST_04367,2024-06-27,Price,2024-05-07,51
CUST_04375,2024-06-06,Price,2024-05-15,22
CUST_04376,2024-06-21,Price,2024-05-07,45
CUST_04378,2024-06-28,Product Gap,2024-06-09,19
CUST_04381,2024-06-27,Price,2024-05-09,49
CUST_04384,2024-06-21,Price,2024-04-29,53
CUST_04397,2024-06-30,Competitor,2024-06-20,10
CUST_04402,2024-07-01,Competitor,2024-05-19,43
CUST_04421,2024-06-21,Price,2024-05-31,21
CUST_04425,2024-06-08,Price,2024-04-27,42
CUST_04431,2024-06-04,Price,2024-04-28,37
CUST_04446,2024-06-29,Price,2024-06-14,15
CUST_04448,2024-06-10,Competitor,2024-05-22,19
CUST_04451,2024-06-16,Price,2024-05-05,42
CUST_04453,2024-06-26,Competitor,2024-05-20,37
CUST_04458,2024-06-09,Price,2024-05-29,11
CUST_04463,2024-06-29,Support Issues,2024-06-14,15
CUST_04464,2024-06-30,Competitor,2024-06-17,13
CUST_04468,2024-06-14,Support Issues,2024-05-25,20
CUST_04473,2024-06-25,Product Gap,2024-05-12,44
CUST_04477,2024-06-27,Competitor,2024-06-13,14
CUST_04482,2024-06-13,Support Issues,2024-05-12,32
CUST_04488,2024-06-10,Competitor,2024-05-25,16
CUST_04489,2024-06-05,Support Issues,2024-05-10,26
CUST_04495,2024-06-19,Support Issues,2024-05-22,28
CUST_04502,2024-06-29,Support Issues,2024-06-16,13
CUST_04504,2024-06-17,Business Closure,2024-05-02,46
CUST_04514,2024-06-14,Product Gap,2024-04-27,48
CUST_04515,2024-06-03,Business Closure,2024-05-09,25
CUST_04522,2024-06-17,Competitor,2024-06-03,14
CUST_04524,2024-06-06,Competitor,2024-05-21,16
CUST_04527,2024-06-11,Competitor,2024-04-30,42
CUST_04537,2024-06-18,Product Gap,2024-05-01,48
CUST_04543,2024-06-02,Business Closure,2024-05-18,15
CUST_04550,2024-06-04,Competitor,2024-04-10,55
CUST_04551,2024-06-03,Product Gap,2024-04-08,56
CUST_04553,2024-06-30,Business Closure,2024-06-02,28
CUST_04555,2024-06-26,Support Issues,2024-05-10,47
CUST_04572,2024-06-03,Business Closure,2024-04-28,36
CUST_04578,2024-06-13,Support Issues,2024-04-26,48
CUST_04579,2024-06-30,Business Closure,2024-06-09,21
CUST_04585,2024-06-04,Product Gap,2024-04-13,52
CUST_04595,2024-06-24,Competitor,2024-05-17,38
CUST_04597,2024-06-11,Product Gap,2024-05-04,38
CUST_04598,2024-06-14,Competitor,2024-04-23,52
CUST_04600,2024-06-15,Competitor,2024-04-17,59
CUST_04601,2024-06-26,Price,2024-05-15,42
CUST_04612,2024-06-05,Support Issues,2024-04-25,41
CUST_04615,2024-06-10,Price,2024-04-19,52
CUST_04617,2024-06-17,Product Gap,2024-05-19,29
CUST_04620,2024-06-06,Support Issues,2024-05-28,9
CUST_04622,2024-07-01,Business Closure,2024-06-02,29
CUST_04628,2024-06-25,Price,2024-05-08,48
CUST_04631,2024-07-01,Product Gap,2024-06-12,19
CUST_04632,2024-06-10,Price,2024-05-31,10
CUST_04633,2024-06-13,Competitor,2024-05-17,27
CUST_04635,2024-06-27,Competitor,2024-04-28,60
CUST_04636,2024-06-04,Price,2024-05-07,28
CUST_04637,2024-06-03,Business Closure,2024-04-12,52
CUST_04638,2024-06-21,Product Gap,2024-04-25,57
CUST_04639,2024-06-10,Product Gap,2024-04-28,43
CUST_04642,2024-06-28,Competitor,2024-05-12,47
CUST_04652,2024-06-14,Competitor,2024-06-06,8
CUST_04657,2024-06-04,Price,2024-05-25,10
CUST_04659,2024-07-01,Product Gap,2024-05-31,31
CUST_04662,2024-06-04,Product Gap,2024-05-19,16
CUST_04666,2024-06-27,Price,2024-05-20,38
CUST_04672,2024-06-26,Business Closure,2024-05-25,32
CUST_04679,2024-06-21,Competitor,2024-04-28,54
CUST_04680,2024-06-15,Competitor,2024-05-25,21
CUST_04690,2024-06-23,Competitor,2024-05-14,40
CUST_04692,2024-06-02,Price,2024-04-17,46
CUST_04695,2024-06-27,Support Issues,2024-05-26,32
CUST_04696,2024-06-20,Price,2024-05-17,34
CUST_04697,2024-06-04,Price,2024-04-17,48
CUST_04701,2024-07-01,Competitor,2024-05-16,46
CUST_04702,2024-06-03,Support Issues,2024-05-03,31
CUST_04703,2024-06-17,Product Gap,2024-04-23,55
CUST_04705,2024-06-20,Price,2024-05-05,46
CUST_04706,2024-07-01,Business Closure,2024-06-07,24
CUST_04707,2024-06-22,Support Issues,2024-05-05,48
CUST_04729,2024-06-24,Competitor,2024-05-03,52
CUST_04730,2024-06-30,Price,2024-05-20,41
CUST_04735,2024-06-20,Business Closure,2024-05-09,42
CUST_04738,2024-06-10,Price,2024-04-15,56
CUST_04742,2024-06-12,Price,2024-04-20,53
CUST_04743,2024-06-25,Competitor,2024-05-17,39
CUST_04752,2024-06-16,Business Closure,2024-06-08,8
CUST_04755,2024-06-04,Competitor,2024-05-24,11
CUST_04764,2024-06-16,Price,2024-04-27,50
CUST_04770,2024-06-30,Business Closure,2024-05-27,34
CUST_04772,2024-06-18,Product Gap,2024-04-26,53
CUST_04774,2024-06-18,Support Issues,2024-06-09,9
CUST_04776,2024-06-14,Support Issues,2024-05-31,14
CUST_04777,2024-06-19,Price,2024-05-06,44
CUST_04778,2024-06-17,Price,2024-04-22,56
CUST_04782,2024-06-21,Price,2024-04-30,52
CUST_04783,2024-06-08,Competitor,2024-05-13,26
CUST_04785,2024-06-20,Competitor,2024-05-01,50
CUST_04789,2024-06-09,Product Gap,2024-04-20,50
CUST_04796,2024-06-15,Price,2024-04-20,56
CUST_04797,2024-06-07,Support Issues,2024-05-03,35
CUST_04803,2024-06-19,Price,2024-05-09,41
CUST_04804,2024-06-08,Price,2024-05-22,17
CUST_04808,2024-06-26,Competitor,2024-06-06,20
CUST_04812,2024-06-20,Competitor,2024-05-18,33
CUST_04817,2024-06-24,Price,2024-04-26,59
CUST_04818,2024-06-27,Price,2024-06-20,7
CUST_04821,2024-06-20,Support Issues,2024-05-09,42
CUST_04823,2024-06-25,Price,2024-05-19,37
CUST_04830,2024-06-14,Competitor,2024-04-30,45
CUST_04831,2024-06-27,Price,2024-05-31,27
CUST_04832,2024-06-20,Business Closure,2024-05-06,45
CUST_04838,2024-06-13,Support Issues,2024-06-04,9
CUST_04840,2024-06-18,Competitor,2024-05-06,43
CUST_04844,2024-06-06,Price,2024-05-28,9
CUST_04848,2024-06-16,Competitor,2024-05-30,17
CUST_04849,2024-06-28,Competitor,2024-06-19,9
CUST_04855,2024-06-21,Competitor,2024-06-03,18
CUST_04860,2024-06-27,Competitor,2024-05-09,49
CUST_04873,2024-06-06,Product Gap,2024-04-19,48
CUST_04883,2024-06-25,Price,2024-05-13,43
CUST_04885,2024-06-30,Price,2024-05-17,44
CUST_04887,2024-06-06,Business Closure,2024-05-23,14
CUST_04889,2024-06-20,Price,2024-05-20,31
CUST_04898,2024-06-08,Price,2024-04-21,48
CUST_04900,2024-06-06,Price,2024-05-11,26
CUST_04901,2024-06-10,Product Gap,2024-05-26,15
CUST_04907,2024-06-14,Business Closure,2024-05-09,36
CUST_04913,2024-06-23,Product Gap,2024-05-04,50
CUST_04918,2024-06-02,Business Closure,2024-05-09,24
CUST_04919,2024-06-10,Product Gap,2024-04-28,43
CUST_04926,2024-06-15,Competitor,2024-04-19,57
CUST_04930,2024-06-23,Price,2024-05-01,53
CUST_04935,2024-06-16,Business Closure,2024-04-29,48
CUST_04941,2024-06-18,Support Issues,2024-05-31,18
CUST_04944,2024-06-02,Price,2024-04-11,52
CUST_04945,2024-06-24,Support Issues,2024-05-07,48
CUST_04946,2024-06-02,Product Gap,2024-04-24,39
CUST_04951,2024-06-24,Competitor,2024-05-12,43
CUST_04957,2024-06-16,Competitor,2024-04-25,52
CUST_04959,2024-06-09,Support Issues,2024-05-06,34
CUST_04963,2024-06-13,Competitor,2024-04-23,51
CUST_04964,2024-06-09,Business Closure,2024-05-10,30
CUST_04974,2024-06-28,Support Issues,2024-05-14,45
CUST_04975,2024-06-03,Support Issues,2024-05-10,24
CUST_04976,2024-06-24,Support Issues,2024-05-03,52
CUST_04979,2024-06-08,Product Gap,2024-04-26,43
CUST_04980,2024-06-27,Business Closure,2024-06-14,13
CUST_04983,2024-06-28,Product Gap,2024-05-03,56
CUST_04985,2024-06-03,Competitor,2024-05-24,10
CUST_04990,2024-06-11,Competitor,2024-05-30,12
CUST_05000,2024-06-10,Business Closure,2024-05-02,39
CUST_05008,2024-06-24,Support Issues,2024-06-06,18
CUST_05013,2024-06-22,Price,2024-06-14,8
CUST_05014,2024-06-24,Competitor,2024-05-26,29
CUST_05019,2024-06-21,Support Issues,2024-04-26,56
CUST_05020,2024-06-25,Competitor,2024-06-07,18
CUST_05024,2024-06-07,Price,2024-05-24,14
CUST_05028,2024-06-20,Support Issues,2024-05-05,46
CUST_05029,2024-06-16,Support Issues,2024-04-28,49
CUST_05036,2024-06-08,Product Gap,2024-04-17,52
CUST_05038,2024-06-20,Price,2024-05-04,47
CUST_05048,2024-06-06,Competitor,2024-05-21,16
CUST_05051,2024-06-14,Competitor,2024-05-10,35
CUST_05052,2024-06-27,Competitor,2024-05-28,30
CUST_05055,2024-06-09,Product Gap,2024-05-28,12
CUST_05058,2024-06-29,Competitor,2024-06-14,15
CUST_05061,2024-06-12,Competitor,2024-04-28,45
CUST_05064,2024-06-28,Competitor,2024-06-05,23
CUST_05065,2024-06-16,Product Gap,2024-05-29,18
CUST_05070,2024-06-25,Support Issues,2024-06-02,23
CUST_05074,2024-06-18,Product Gap,2024-04-29,50
CUST_05077,2024-06-24,Competitor,2024-05-15,40
CUST_05080,2024-06-14,Price,2024-05-05,40
CUST_05081,2024-06-24,Product Gap,2024-05-31,24
CUST_05089,2024-06-26,Product Gap,2024-05-02,55
CUST_05093,2024-06-14,Support Issues,2024-05-14,31
CUST_05094,2024-06-20,Product Gap,2024-05-30,21
CUST_05095,2024-07-01,Price,2024-05-21,41
CUST_05096,2024-06-27,Competitor,2024-05-30,28
CUST_05102,2024-06-03,Business Closure,2024-05-15,19
CUST_05110,2024-06-17,Business Closure,2024-05-30,18
CUST_05122,2024-06-11,Price,2024-04-13,59
CUST_05123,2024-06-09,Price,2024-05-30,10
CUST_05131,2024-06-29,Competitor,2024-05-11,49
CUST_05146,2024-06-13,Competitor,2024-06-04,9
CUST_05147,2024-06-26,Price,2024-06-10,16
CUST_05153,2024-06-09,Price,2024-05-18,22
CUST_05155,2024-06-16,Price,2024-04-18,59
CUST_05160,2024-06-13,Competitor,2024-06-06,7
CUST_05161,2024-06-15,Competitor,2024-04-17,59
CUST_05162,2024-06-14,Price,2024-04-18,57
CUST_05164,2024-06-28,Price,2024-05-29,30
CUST_05167,2024-06-21,Product Gap,2024-05-15,37
CUST_05170,2024-06-22,Product Gap,2024-06-09,13
CUST_05195,2024-06-20,Price,2024-05-22,29
CUST_05197,2024-06-18,Competitor,2024-05-29,20
CUST_05201,2024-06-07,Support Issues,2024-05-02,36
CUST_05204,2024-06-13,Support Issues,2024-04-24,50
CUST_05206,2024-06-22,Price,2024-04-24,59
CUST_05207,2024-06-03,Support Issues,2024-04-05,59
CUST_05212,2024-06-09,Product Gap,2024-05-26,14
CUST_05213,2024-06-20,Competitor,2024-05-27,24
CUST_05220,2024-06-03,Price,2024-04-07,57
CUST_05228,2024-06-27,Support Issues,2024-05-04,54
CUST_05230,2024-06-17,Business Closure,2024-05-10,38
CUST_05237,2024-06-04,Price,2024-04-07,58
CUST_05242,2024-06-17,Price,2024-05-06,42
CUST_05245,2024-06-28,Product Gap,2024-06-09,19
CUST_05247,2024-06-04,Competitor,2024-05-13,22
CUST_05256,2024-06-11,Business Closure,2024-04-14,58
CUST_05261,2024-06-06,Competitor,2024-05-19,18
CUST_05266,2024-06-22,Support Issues,2024-05-24,29
CUST_05268,2024-06-24,Price,2024-04-29,56
CUST_05270,2024-06-09,Price,2024-04-19,51
CUST_05272,2024-06-14,Support Issues,2024-05-02,43
CUST_05285,2024-06-08,Price,2024-05-25,14
CUST_05289,2024-06-29,Price,2024-06-21,8
CUST_05294,2024-06-02,Competitor,2024-04-26,37
CUST_05301,2024-06-04,Product Gap,2024-05-18,17
CUST_05312,2024-06-04,Business Closure,2024-05-15,20
CUST_05329,2024-06-27,Product Gap,2024-05-03,55
CUST_05355,2024-06-12,Business Closure,2024-05-30,13
CUST_05362,2024-06-26,Product Gap,2024-05-18,39
CUST_05363,2024-06-19,Support Issues,2024-06-04,15
CUST_05364,2024-06-22,Competitor,2024-04-23,60
CUST_05365,2024-06-07,Price,2024-04-28,40
CUST_05366,2024-06-16,Competitor,2024-04-27,50
CUST_05373,2024-06-07,Support Issues,2024-04-10,58
CUST_05374,2024-06-11,Price,2024-05-29,13
CUST_05378,2024-06-20,Price,2024-04-23,58
CUST_05385,2024-07-01,Support Issues,2024-06-23,8
CUST_05386,2024-06-22,Product Gap,2024-05-09,44
CUST_05388,2024-07-01,Price,2024-05-18,44
CUST_05390,2024-06-08,Competitor,2024-05-20,19
CUST_05391,2024-06-03,Business Closure,2024-05-24,10
CUST_05397,2024-06-26,Price,2024-06-03,23
CUST_05401,2024-06-26,Price,2024-05-09,48
CUST_05403,2024-06-09,Price,2024-05-25,15
CUST_05404,2024-06-28,Support Issues,2024-05-19,40
CUST_05408,2024-06-20,Competitor,2024-05-19,32
CUST_05416,2024-06-26,Competitor,2024-04-27,60
CUST_05418,2024-06-16,Product Gap,2024-05-18,29
CUST_05426,2024-06-24,Price,2024-05-26,29
CUST_05429,2024-06-18,Price,2024-06-03,15
CUST_05435,2024-06-23,Price,2024-05-12,42
CUST_05439,2024-06-27,Competitor,2024-06-13,14
CUST_05443,2024-06-28,Product Gap,2024-06-19,9
CUST_05445,2024-06-19,Product Gap,2024-05-23,27
CUST_05447,2024-06-09,Price,2024-05-03,37
CUST_05448,2024-06-02,Product Gap,2024-05-09,24
CUST_05452,2024-06-12,Business Closure,2024-05-05,38
CUST_05456,2024-06-16,Support Issues,2024-05-11,36
CUST_05457,2024-06-27,Competitor,2024-05-29,29
CUST_05458,2024-06-09,Price,2024-04-16,54
CUST_05462,2024-06-28,Competitor,2024-05-23,36
CUST_05464,2024-06-13,Business Closure,2024-04-25,49
CUST_05465,2024-07-01,Price,2024-05-12,50
CUST_05468,2024-06-12,Price,2024-06-03,9
CUST_05469,2024-06-28,Support Issues,2024-06-12,16
CUST_05472,2024-06-07,Competitor,2024-05-19,19
CUST_05477,2024-06-11,Product Gap,2024-04-27,45
CUST_05478,2024-06-12,Competitor,2024-04-20,53
CUST_05489,2024-06-04,Product Gap,2024-04-05,60
CUST_05491,2024-06-20,Competitor,2024-05-27,24
CUST_05493,2024-06-25,Support Issues,2024-05-27,29
CUST_05498,2024-06-28,Competitor,2024-05-16,43
CUST_05501,2024-06-29,Competitor,2024-05-31,29
CUST_05505,2024-06-12,Business Closure,2024-05-03,40
CUST_05511,2024-06-26,Price,2024-06-13,13
CUST_05521,2024-06-08,Support Issues,2024-05-24,15
CUST_05525,2024-06-02,Competitor,2024-05-05,28
CUST_05526,2024-06-29,Product Gap,2024-05-12,48
CUST_05536,2024-06-18,Product Gap,2024-05-26,23
CUST_05539,2024-06-28,Competitor,2024-06-02,26
CUST_05541,2024-06-12,Product Gap,2024-05-17,26
CUST_05546,2024-06-05,Competitor,2024-05-16,20
CUST_05549,2024-06-16,Business Closure,2024-05-28,19
CUST_05556,2024-06-03,Competitor,2024-04-28,36
CUST_05562,2024-06-29,Price,2024-05-17,43
CUST_05572,2024-06-18,Competitor,2024-05-13,36
CUST_05573,2024-06-22,Business Closure,2024-04-24,59
CUST_05578,2024-06-03,Product Gap,2024-04-14,50
CUST_05580,2024-06-22,Price,2024-05-22,31
CUST_05585,2024-06-11,Competitor,2024-05-20,22
CUST_05586,2024-06-16,Business Closure,2024-05-26,21
CUST_05588,2024-06-02,Price,2024-05-17,16
CUST_05606,2024-06-27,Competitor,2024-05-23,35
CUST_05611,2024-06-19,Competitor,2024-04-23,57
CUST_05613,2024-06-04,Product Gap,2024-05-21,14
CUST_05616,2024-06-28,Competitor,2024-06-12,16
CUST_05622,2024-06-19,Competitor,2024-05-19,31
CUST_05623,2024-06-18,Support Issues,2024-05-08,41
CUST_05628,2024-06-03,Competitor,2024-04-14,50
CUST_05636,2024-06-24,Product Gap,2024-06-13,11
CUST_05638,2024-06-02,Product Gap,2024-05-09,24
CUST_05651,2024-06-10,Support Issues,2024-05-31,10
CUST_05661,2024-06-05,Price,2024-04-07,59
CUST_05663,2024-06-13,Competitor,2024-04-18,56
CUST_05667,2024-06-14,Product Gap,2024-05-30,15
CUST_05671,2024-06-21,Price,2024-06-10,11
CUST_05675,2024-06-26,Competitor,2024-05-28,29
CUST_05676,2024-06-03,Price,2024-05-09,25
CUST_05679,2024-06-13,Support Issues,2024-04-25,49
CUST_05684,2024-06-21,Product Gap,2024-05-30,22
CUST_05685,2024-06-26,Support Issues,2024-05-08,49
CUST_05686,2024-06-14,Price,2024-04-27,48
CUST_05689,2024-06-24,Product Gap,2024-05-14,41
CUST_05692,2024-06-19,Support Issues,2024-05-09,41
CUST_05694,2024-06-03,Product Gap,2024-04-08,56
CUST_05699,2024-06-08,Competitor,2024-05-24,15
CUST_05704,2024-06-12,Competitor,2024-04-20,53
CUST_05705,2024-06-29,Price,2024-06-08,21
CUST_05708,2024-06-06,Price,2024-05-22,15
CUST_05710,2024-06-07,Competitor,2024-05-17,21
CUST_05713,2024-06-26,Product Gap,2024-06-16,10
CUST_05715,2024-06-16,Price,2024-04-22,55
CUST_05721,2024-06-23,Product Gap,2024-05-15,39
CUST_05722,2024-06-26,Price,2024-05-29,28
CUST_05726,2024-06-09,Competitor,2024-05-30,10
CUST_05737,2024-06-14,Product Gap,2024-05-09,36
CUST_05738,2024-06-15,Price,2024-05-21,25
CUST_05739,2024-06-24,Product Gap,2024-05-10,45
CUST_05740,2024-06-29,Support Issues,2024-05-08,52
CUST_05741,2024-06-03,Competitor,2024-05-19,15
CUST_05743,2024-06-13,Price,2024-04-21,53
CUST_05752,2024-06-03,Competitor,2024-05-27,7
CUST_05758,2024-06-24,Product Gap,2024-05-23,32
CUST_05769,2024-06-14,Support Issues,2024-05-19,26
CUST_05785,2024-06-03,Price,2024-04-23,41
CUST_05788,2024-06-16,Support Issues,2024-05-09,38
CUST_05790,2024-06-26,Competitor,2024-06-07,19
CUST_05792,2024-06-26,Business Closure,2024-06-12,14
CUST_05800,2024-06-20,Support Issues,2024-05-14,37
CUST_05803,2024-06-10,Price,2024-05-07,34
CUST_05804,2024-06-07,Price,2024-04-10,58
CUST_05805,2024-06-03,Support Issues,2024-04-05,59
CUST_05806,2024-06-19,Business Closure,2024-05-16,34
CUST_05808,2024-06-05,Competitor,2024-04-11,55
CUST_05812,2024-06-25,Business Closure,2024-05-04,52
CUST_05818,2024-06-19,Competitor,2024-05-25,25
CUST_05824,2024-06-02,Price,2024-04-19,44
CUST_05826,2024-06-05,Competitor,2024-04-28,38
CUST_05831,2024-06-10,Competitor,2024-05-20,21
CUST_05834,2024-06-18,Competitor,2024-05-22,27
CUST_05837,2024-06-08,Support Issues,2024-04-12,57
CUST_05839,2024-06-10,Competitor,2024-05-16,25
CUST_05844,2024-06-25,Price,2024-05-05,51
CUST_05845,2024-06-24,Price,2024-05-19,36
CUST_05846,2024-06-21,Competitor,2024-04-26,56
CUST_05848,2024-06-19,Price,2024-05-18,32
CUST_05854,2024-06-04,Competitor,2024-04-08,57
CUST_05862,2024-06-19,Product Gap,2024-05-02,48
CUST_05868,2024-06-22,Product Gap,2024-05-29,24
CUST_05872,2024-06-16,Price,2024-04-28,49
CUST_05873,2024-06-21,Price,2024-05-23,29
CUST_05874,2024-06-26,Product Gap,2024-05-10,47
CUST_05881,2024-06-04,Competitor,2024-04-19,46
CUST_05885,2024-06-10,Product Gap,2024-05-07,34
CUST_05886,2024-06-23,Competitor,2024-04-24,60
CUST_05895,2024-06-06,Competitor,2024-04-15,52
CUST_05899,2024-06-07,Price,2024-05-07,31
CUST_05901,2024-06-17,Competitor,2024-04-18,60
CUST_05906,2024-06-23,Price,2024-06-15,8
CUST_05907,2024-06-12,Support Issues,2024-04-24,49
CUST_05913,2024-06-07,Support Issues,2024-05-11,27
CUST_05924,2024-06-08,Business Closure,2024-05-03,36
CUST_05930,2024-06-17,Competitor,2024-05-04,44
CUST_05947,2024-06-12,Price,2024-05-20,23
CUST_05954,2024-06-20,Price,2024-05-17,34
CUST_05956,2024-06-29,Price,2024-05-06,54
CUST_05959,2024-07-01,Product Gap,2024-06-04,27
CUST_05962,2024-06-04,Price,2024-05-17,18
CUST_05970,2024-06-26,Competitor,2024-05-13,44
CUST_05971,2024-06-17,Competitor,2024-05-12,36
CUST_05974,2024-06-06,Price,2024-05-02,35
CUST_05976,2024-06-05,Product Gap,2024-04-16,50
CUST_05979,2024-06-02,Price,2024-04-17,46
CUST_05984,2024-06-08,Business Closure,2024-04-20,49
CUST_05985,2024-06-17,Product Gap,2024-05-24,24
CUST_05986,2024-06-26,Competitor,2024-06-03,23
CUST_05991,2024-06-22,Price,2024-05-25,28
CUST_05996,2024-06-24,Competitor,2024-06-06,18
CUST_05999,2024-06-10,Price,2024-05-24,17
CUST_06011,2024-06-15,Support Issues,2024-06-04,11
CUST_06017,2024-06-07,Price,2024-04-09,59
CUST_06020,2024-06-03,Product Gap,2024-05-10,24
CUST_06037,2024-06-06,Business Closure,2024-04-11,56
CUST_06039,2024-06-07,Support Issues,2024-04-09,59
CUST_06041,2024-06-23,Price,2024-05-20,34
CUST_06042,2024-06-13,Product Gap,2024-05-31,13
CUST_06048,2024-06-29,Price,2024-06-04,25
CUST_06049,2024-06-12,Support Issues,2024-04-15,58
CUST_06050,2024-06-06,Price,2024-05-20,17
CUST_06053,2024-06-30,Price,2024-05-28,33
CUST_06057,2024-06-26,Competitor,2024-05-28,29
CUST_06075,2024-06-07,Price,2024-05-21,17
CUST_06077,2024-06-16,Price,2024-04-27,50
CUST_06078,2024-06-02,Price,2024-05-01,32
CUST_06087,2024-06-23,Competitor,2024-05-21,33
CUST_06088,2024-06-25,Support Issues,2024-05-09,47
CUST_06090,2024-07-01,Business Closure,2024-06-04,27
CUST_06092,2024-06-09,Competitor,2024-04-13,57
CUST_06094,2024-06-17,Product Gap,2024-06-02,15
CUST_06097,2024-06-10,Price,2024-04-27,44
CUST_06101,2024-06-04,Competitor,2024-04-23,42
CUST_06103,2024-06-16,Competitor,2024-05-19,28
CUST_06104,2024-06-27,Business Closure,2024-05-10,48
CUST_06108,2024-06-15,Support Issues,2024-04-29,47
CUST_06109,2024-06-04,Price,2024-05-02,33
CUST_06112,2024-06-02,Competitor,2024-04-28,35
CUST_06113,2024-07-01,Support Issues,2024-05-23,39
CUST_06120,2024-06-29,Support Issues,2024-06-19,10
CUST_06122,2024-06-23,Product Gap,2024-06-01,22
CUST_06129,2024-06-11,Price,2024-04-22,50
CUST_06130,2024-06-02,Price,2024-04-28,35
CUST_06148,2024-06-05,Competitor,2024-05-18,18
CUST_06150,2024-06-06,Support Issues,2024-05-26,11
CUST_06154,2024-06-23,Product Gap,2024-05-27,27
CUST_06155,2024-06-18,Support Issues,2024-04-25,54
CUST_06158,2024-06-13,Price,2024-04-15,59
CUST_06164,2024-06-07,Price,2024-04-26,42
CUST_06165,2024-06-19,Product Gap,2024-05-01,49
CUST_06168,2024-06-25,Competitor,2024-04-29,57
CUST_06169,2024-06-25,Product Gap,2024-06-01,24
CUST_06170,2024-06-30,Price,2024-05-01,60
CUST_06173,2024-06-13,Product Gap,2024-04-14,60
CUST_06179,2024-06-02,Competitor,2024-05-04,29
CUST_06185,2024-06-13,Competitor,2024-05-08,36
CUST_06187,2024-06-13,Product Gap,2024-04-28,46
CUST_06188,2024-06-25,Competitor,2024-05-25,31
CUST_06192,2024-06-10,Product Gap,2024-05-15,26
CUST_06196,2024-06-30,Competitor,2024-05-05,56
CUST_06206,2024-07-01,Competitor,2024-05-07,55
CUST_06208,2024-06-10,Product Gap,2024-05-27,14
CUST_06217,2024-06-29,Product Gap,2024-05-22,38
CUST_06227,2024-06-15,Business Closure,2024-05-27,19
CUST_06229,2024-06-20,Business Closure,2024-04-25,56
CUST_06231,2024-06-30,Price,2024-05-09,52
CUST_06237,2024-06-04,Price,2024-05-15,20
CUST_06249,2024-06-26,Support Issues,2024-06-14,12
CUST_06251,2024-06-18,Price,2024-04-21,58
CUST_06252,2024-06-16,Product Gap,2024-05-02,45
CUST_06257,2024-06-07,Support Issues,2024-04-30,38
CUST_06262,2024-06-04,Price,2024-05-08,27
CUST_06270,2024-06-27,Price,2024-05-28,30
CUST_06271,2024-06-28,Product Gap,2024-04-30,59
CUST_06272,2024-06-08,Support Issues,2024-04-28,41
CUST_06283,2024-06-12,Product Gap,2024-05-16,27
CUST_06284,2024-06-18,Price,2024-05-01,48
CUST_06295,2024-06-03,Price,2024-04-24,40
CUST_06299,2024-06-11,Business Closure,2024-06-02,9
CUST_06305,2024-06-26,Price,2024-05-14,43
CUST_06309,2024-06-25,Competitor,2024-06-03,22
CUST_06312,2024-06-30,Price,2024-06-21,9
CUST_06314,2024-06-10,Competitor,2024-05-25,16
CUST_06316,2024-06-25,Business Closure,2024-06-15,10
CUST_06318,2024-06-09,Competitor,2024-04-26,44
CUST_06320,2024-06-21,Competitor,2024-05-11,41
CUST_06326,2024-06-04,Product Gap,2024-05-07,28
CUST_06343,2024-06-15,Competitor,2024-05-10,36
CUST_06344,2024-06-15,Support Issues,2024-05-12,34
CUST_06361,2024-06-24,Price,2024-05-17,38
CUST_06366,2024-06-22,Business Closure,2024-06-11,11
CUST_06371,2024-06-16,Price,2024-06-02,14
CUST_06373,2024-06-17,Business Closure,2024-05-13,35
CUST_06375,2024-06-02,Product Gap,2024-05-25,8
CUST_06377,2024-06-16,Price,2024-04-26,51
CUST_06387,2024-06-19,Competitor,2024-05-07,43
CUST_06391,2024-06-27,Price,2024-05-31,27
CUST_06393,2024-06-08,Competitor,2024-05-13,26
CUST_06395,2024-06-13,Competitor,2024-05-28,16
CUST_06398,2024-06-20,Support Issues,2024-05-16,35
CUST_06403,2024-06-17,Support Issues,2024-05-31,17
CUST_06404,2024-06-05,Price,2024-04-10,56
CUST_06410,2024-06-04,Product Gap,2024-05-09,26
CUST_06415,2024-06-05,Support Issues,2024-05-10,26
CUST_06419,2024-06-10,Price,2024-05-22,19
CUST_06428,2024-06-23,Price,2024-05-22,32
CUST_06429,2024-06-29,Price,2024-05-26,34
CUST_06432,2024-06-02,Price,2024-04-25,38
CUST_06436,2024-06-24,Competitor,2024-05-19,36
CUST_06451,2024-06-21,Price,2024-05-29,23
CUST_06452,2024-06-28,Competitor,2024-06-08,20
CUST_06462,2024-06-24,Product Gap,2024-06-08,16
CUST_06466,2024-06-13,Price,2024-05-05,39
CUST_06469,2024-06-02,Price,2024-04-20,43
CUST_06478,2024-06-29,Product Gap,2024-05-01,59
CUST_06484,2024-06-29,Product Gap,2024-05-18,42
CUST_06486,2024-06-10,Price,2024-05-10,31
CUST_06496,2024-06-23,Price,2024-06-09,14
CUST_06504,2024-06-29,Price,2024-06-01,28
CUST_06505,2024-06-04,Price,2024-05-19,16
CUST_06508,2024-06-23,Business Closure,2024-05-06,48
CUST_06523,2024-06-29,Competitor,2024-05-16,44
CUST_06527,2024-06-23,Price,2024-05-16,38
CUST_06528,2024-06-22,Price,2024-05-26,27
CUST_06530,2024-06-07,Product Gap,2024-05-27,11
CUST_06533,2024-06-18,Business Closure,2024-05-02,47
CUST_06539,2024-06-06,Product Gap,2024-05-07,30
CUST_06541,2024-06-12,Product Gap,2024-05-15,28
CUST_06544,2024-06-22,Competitor,2024-05-19,34
CUST_06565,2024-06-05,Competitor,2024-04-06,60
CUST_06572,2024-06-30,Product Gap,2024-05-28,33
CUST_06576,2024-06-05,Product Gap,2024-04-06,60
CUST_06584,2024-06-15,Support Issues,2024-05-23,23
CUST_06591,2024-06-14,Competitor,2024-06-03,11
CUST_06599,2024-06-10,Price,2024-05-03,38
CUST_06601,2024-06-14,Competitor,2024-05-02,43
CUST_06608,2024-06-21,Competitor,2024-06-01,20
CUST_06614,2024-07-01,Price,2024-05-13,49
CUST_06615,2024-06-15,Price,2024-04-29,47
CUST_06617,2024-06-18,Product Gap,2024-06-02,16
CUST_06637,2024-06-13,Business Closure,2024-05-31,13
CUST_06641,2024-06-22,Price,2024-05-10,43
CUST_06642,2024-06-18,Price,2024-04-20,59
CUST_06648,2024-06-08,Support Issues,2024-04-24,45
CUST_06651,2024-06-06,Price,2024-05-22,15
CUST_06655,2024-06-12,Price,2024-05-10,33
CUST_06660,2024-06-02,Price,2024-04-04,59
CUST_06662,2024-06-08,Competitor,2024-05-18,21
CUST_06664,2024-06-20,Support Issues,2024-04-27,54
CUST_06666,2024-06-03,Competitor,2024-05-20,14
CUST_06667,2024-06-14,Support Issues,2024-04-21,54
CUST_06669,2024-06-17,Product Gap,2024-05-14,34
CUST_06672,2024-07-01,Price,2024-05-23,39
CUST_06682,2024-06-25,Support Issues,2024-04-28,58
CUST_06705,2024-06-19,Support Issues,2024-04-24,56
CUST_06707,2024-06-21,Competitor,2024-06-12,9
CUST_06708,2024-06-19,Competitor,2024-05-29,21
CUST_06710,2024-06-07,Price,2024-05-12,26
CUST_06717,2024-06-03,Product Gap,2024-05-18,16
CUST_06718,2024-06-12,Price,2024-05-24,19
CUST_06719,2024-06-06,Support Issues,2024-05-16,21
CUST_06720,2024-06-22,Price,2024-05-11,42
CUST_06722,2024-06-21,Price,2024-04-22,60
CUST_06723,2024-06-16,Product Gap,2024-04-23,54
CUST_06724,2024-06-27,Price,2024-05-26,32
CUST_06728,2024-06-10,Price,2024-04-22,49
CUST_06736,2024-06-17,Product Gap,2024-05-08,40
CUST_06741,2024-06-21,Support Issues,2024-06-04,17
CUST_06745,2024-06-16,Competitor,2024-06-03,13
CUST_06746,2024-06-26,Price,2024-06-17,9
CUST_06747,2024-06-25,Product Gap,2024-06-04,21
CUST_06754,2024-07-01,Competitor,2024-05-31,31
CUST_06772,2024-06-11,Price,2024-05-19,23
CUST_06774,2024-06-09,Competitor,2024-04-27,43
CUST_06777,2024-06-09,Price,2024-04-25,45
CUST_06781,2024-06-14,Product Gap,2024-04-25,50
CUST_06782,2024-06-22,Price,2024-06-15,7
CUST_06797,2024-06-12,Support Issues,2024-04-27,46
CUST_06804,2024-06-21,Price,2024-05-04,48
CUST_06809,2024-06-14,Product Gap,2024-04-17,58
CUST_06813,2024-06-23,Product Gap,2024-05-22,32
CUST_06819,2024-06-21,Product Gap,2024-05-16,36
CUST_06822,2024-06-22,Competitor,2024-05-31,22
CUST_06831,2024-06-15,Price,2024-05-27,19
CUST_06835,2024-06-29,Business Closure,2024-05-26,34
CUST_06837,2024-06-12,Competitor,2024-04-19,54
CUST_06838,2024-06-04,Competitor,2024-05-10,25
CUST_06839,2024-06-13,Competitor,2024-05-24,20
CUST_06842,2024-07-01,Product Gap,2024-06-05,26
CUST_06843,2024-06-17,Product Gap,2024-05-30,18
CUST_06846,2024-06-13,Price,2024-04-30,44
CUST_06848,2024-06-08,Support Issues,2024-04-29,40
CUST_06863,2024-06-08,Competitor,2024-04-17,52
CUST_06865,2024-06-09,Product Gap,2024-04-16,54
CUST_06867,2024-06-15,Support Issues,2024-05-17,29
CUST_06868,2024-06-21,Product Gap,2024-05-11,41
CUST_06871,2024-06-11,Support Issues,2024-04-27,45
CUST_06873,2024-06-18,Competitor,2024-05-29,20
CUST_06883,2024-06-22,Price,2024-06-11,11
CUST_06885,2024-06-04,Price,2024-04-08,57
CUST_06893,2024-06-02,Support Issues,2024-04-07,56
CUST_06895,2024-06-04,Competitor,2024-05-22,13
CUST_06901,2024-06-14,Product Gap,2024-05-25,20
CUST_06907,2024-06-22,Price,2024-05-31,22
CUST_06908,2024-06-29,Competitor,2024-06-03,26
CUST_06911,2024-06-16,Price,2024-05-22,25
CUST_06912,2024-07-01,Competitor,2024-06-15,16
CUST_06916,2024-06-26,Price,2024-05-02,55
CUST_06918,2024-06-25,Product Gap,2024-05-05,51
CUST_06919,2024-06-19,Support Issues,2024-05-16,34
CUST_06923,2024-06-26,Product Gap,2024-05-17,40
CUST_06932,2024-06-10,Support Issues,2024-05-29,12
CUST_06933,2024-06-11,Price,2024-04-13,59
CUST_06936,2024-06-18,Price,2024-04-26,53
CUST_06943,2024-06-13,Competitor,2024-05-05,39
CUST_06946,2024-06-22,Price,2024-06-08,14
CUST_06948,2024-06-29,Business Closure,2024-06-10,19
CUST_06958,2024-06-09,Product Gap,2024-05-11,29
CUST_06961,2024-06-22,Business Closure,2024-04-23,60
CUST_06966,2024-06-03,Product Gap,2024-04-11,53
CUST_06967,2024-06-08,Price,2024-04-14,55
CUST_06971,2024-06-27,Price,2024-06-03,24
CUST_06972,2024-06-28,Price,2024-05-07,52
CUST_06974,2024-06-14,Business Closure,2024-04-28,47
CUST_06978,2024-06-23,Product Gap,2024-05-29,25
CUST_06979,2024-06-20,Competitor,2024-05-31,20
CUST_06980,2024-06-24,Product Gap,2024-05-21,34
CUST_06982,2024-06-17,Competitor,2024-04-29,49
CUST_06984,2024-06-06,Competitor,2024-04-19,48
CUST_06986,2024-06-05,Price,2024-04-17,49
CUST_06990,2024-07-01,Price,2024-05-28,34
CUST_06994,2024-06-13,Price,2024-05-06,38
CUST_06996,2024-06-13,Price,2024-05-27,17
CUST_06998,2024-06-26,Price,2024-06-05,21
CUST_07001,2024-06-29,Support Issues,2024-05-29,31
CUST_07004,2024-06-08,Competitor,2024-04-26,43
CUST_07006,2024-06-03,Product Gap,2024-04-04,60
CUST_07007,2024-06-12,Product Gap,2024-04-18,55
CUST_07015,2024-06-11,Price,2024-05-28,14
CUST_07017,2024-06-18,Product Gap,2024-05-28,21
CUST_07019,2024-06-17,Price,2024-04-25,53
CUST_07025,2024-06-15,Competitor,2024-05-07,39
CUST_07034,2024-06-15,Support Issues,2024-04-22,54
CUST_07042,2024-06-13,Product Gap,2024-05-03,41
CUST_07048,2024-06-10,Support Issues,2024-05-17,24
CUST_07050,2024-06-15,Price,2024-04-20,56
CUST_07051,2024-06-27,Competitor,2024-06-08,19
CUST_07054,2024-06-05,Competitor,2024-05-08,28
CUST_07066,2024-06-19,Price,2024-06-08,11
CUST_07068,2024-06-02,Product Gap,2024-04-07,56
CUST_07070,2024-06-04,Support Issues,2024-04-20,45
CUST_07077,2024-06-04,Competitor,2024-04-24,41
CUST_07084,2024-06-29,Product Gap,2024-06-03,26
CUST_07087,2024-06-30,Product Gap,2024-05-22,39
CUST_07100,2024-06-25,Support Issues,2024-05-25,31
CUST_07110,2024-06-24,Price,2024-05-27,28
CUST_07113,2024-06-15,Business Closure,2024-04-22,54
CUST_07120,2024-06-09,Price,2024-05-31,9
CUST_07124,2024-07-01,Price,2024-05-08,54
CUST_07127,2024-06-26,Price,2024-05-21,36
CUST_07132,2024-06-04,Price,2024-04-28,37
CUST_07136,2024-06-15,Product Gap,2024-05-14,32
CUST_07143,2024-06-20,Competitor,2024-06-05,15
CUST_07145,2024-06-26,Competitor,2024-05-31,26
CUST_07149,2024-06-08,Price,2024-05-13,26
CUST_07151,2024-06-30,Support Issues,2024-05-05,56
CUST_07154,2024-06-09,Product Gap,2024-04-22,48
CUST_07156,2024-06-03,Price,2024-05-23,11
CUST_07157,2024-06-07,Support Issues,2024-05-03,35
CUST_07184,2024-06-13,Support Issues,2024-06-03,10
CUST_07197,2024-06-08,Business Closure,2024-05-19,20
CUST_07199,2024-06-07,Competitor,2024-04-29,39
CUST_07212,2024-06-23,Price,2024-06-14,9
CUST_07213,2024-06-20,Price,2024-05-30,21
CUST_07220,2024-06-12,Price,2024-05-29,14
CUST_07230,2024-06-26,Business Closure,2024-05-06,51
CUST_07233,2024-06-14,Product Gap,2024-05-07,38
CUST_07236,2024-06-21,Product Gap,2024-04-28,54
CUST_07241,2024-07-01,Product Gap,2024-05-22,40
CUST_07250,2024-06-22,Price,2024-06-08,14
CUST_07253,2024-06-19,Business Closure,2024-05-31,19
CUST_07258,2024-06-05,Competitor,2024-04-08,58
CUST_07260,2024-06-14,Support Issues,2024-05-14,31
CUST_07261,2024-06-16,Business Closure,2024-05-16,31
CUST_07263,2024-06-08,Business Closure,2024-04-22,47
CUST_07267,2024-07-01,Product Gap,2024-06-05,26
CUST_07269,2024-06-11,Price,2024-05-25,17
CUST_07271,2024-06-02,Competitor,2024-04-07,56
CUST_07276,2024-06-22,Competitor,2024-06-11,11
CUST_07277,2024-07-01,Support Issues,2024-05-08,54
CUST_07281,2024-06-27,Price,2024-05-30,28
CUST_07288,2024-06-08,Price,2024-05-07,32
CUST_07294,2024-06-06,Competitor,2024-05-03,34
CUST_07298,2024-06-14,Product Gap,2024-05-17,28
CUST_07304,2024-06-19,Competitor,2024-05-29,21
CUST_07310,2024-06-20,Product Gap,2024-05-27,24
CUST_07311,2024-06-19,Product Gap,2024-05-26,24
CUST_07312,2024-06-27,Price,2024-05-09,49
CUST_07315,2024-06-06,Business Closure,2024-04-18,49
CUST_07317,2024-06-06,Price,2024-05-30,7
CUST_07322,2024-06-05,Business Closure,2024-05-27,9
CUST_07325,2024-06-14,Competitor,2024-05-04,41
CUST_07327,2024-06-28,Product Gap,2024-05-15,44
CUST_07331,2024-06-04,Support Issues,2024-05-24,11
CUST_07334,2024-06-21,Product Gap,2024-04-23,59
CUST_07342,2024-06-19,Competitor,2024-05-01,49
CUST_07351,2024-06-15,Competitor,2024-04-21,55
CUST_07354,2024-06-22,Product Gap,2024-05-04,49
CUST_07355,2024-06-05,Competitor,2024-05-28,8
CUST_07356,2024-06-15,Support Issues,2024-05-25,21
CUST_07358,2024-06-02,Business Closure,2024-05-26,7
CUST_07361,2024-06-18,Support Issues,2024-06-07,11
CUST_07369,2024-06-20,Price,2024-05-28,23
CUST_07374,2024-06-15,Competitor,2024-05-02,44
CUST_07377,2024-06-26,Competitor,2024-06-10,16
CUST_07384,2024-06-22,Price,2024-06-12,10
CUST_07385,2024-06-22,Product Gap,2024-05-19,34
CUST_07387,2024-06-03,Price,2024-05-16,18
CUST_07397,2024-06-05,Product Gap,2024-05-02,34
CUST_07400,2024-06-13,Price,2024-05-24,20
CUST_07406,2024-06-07,Competitor,2024-05-29,9
CUST_07411,2024-06-24,Support Issues,2024-05-23,32
CUST_07412,2024-06-05,Competitor,2024-05-23,13
CUST_07414,2024-06-15,Product Gap,2024-04-25,51
CUST_07423,2024-06-04,Product Gap,2024-05-03,32
CUST_07424,2024-06-10,Support Issues,2024-04-15,56
CUST_07426,2024-07-01,Price,2024-06-18,13
CUST_07429,2024-06-16,Support Issues,2024-05-10,37
CUST_07432,2024-06-27,Price,2024-05-08,50
CUST_07435,2024-06-13,Price,2024-06-05,8
CUST_07443,2024-06-27,Product Gap,2024-06-09,18
CUST_07450,2024-06-12,Product Gap,2024-04-28,45
CUST_07454,2024-06-23,Product Gap,2024-04-26,58
CUST_07455,2024-06-20,Price,2024-05-25,26
CUST_07473,2024-06-22,Competitor,2024-05-03,50
CUST_07475,2024-06-17,Competitor,2024-05-24,24
CUST_07483,2024-07-01,Price,2024-06-14,17
CUST_07487,2024-06-16,Price,2024-06-09,7
CUST_07502,2024-06-24,Competitor,2024-05-10,45
CUST_07506,2024-06-09,Support Issues,2024-04-17,53
CUST_07508,2024-06-19,Price,2024-04-30,50
CUST_07518,2024-06-14,Price,2024-05-16,29
CUST_07521,2024-06-26,Product Gap,2024-04-28,59
CUST_07522,2024-06-22,Price,2024-05-19,34
CUST_07533,2024-06-02,Price,2024-04-19,44
CUST_07539,2024-06-13,Product Gap,2024-05-02,42
CUST_07545,2024-06-05,Price,2024-05-02,34
CUST_07559,2024-06-05,Business Closure,2024-05-25,11
CUST_07562,2024-06-05,Price,2024-05-26,10
CUST_07567,2024-06-19,Price,2024-05-02,48
CUST_07571,2024-06-13,Price,2024-04-28,46
CUST_07573,2024-06-21,Product Gap,2024-06-04,17
CUST_07588,2024-06-06,Competitor,2024-05-13,24
CUST_07591,2024-06-03,Product Gap,2024-05-06,28
CUST_07592,2024-06-02,Product Gap,2024-05-05,28
CUST_07594,2024-06-24,Support Issues,2024-06-04,20
CUST_07596,2024-06-15,Competitor,2024-05-17,29
CUST_07598,2024-06-16,Competitor,2024-04-18,59
CUST_07603,2024-06-29,Price,2024-06-06,23
CUST_07610,2024-06-03,Price,2024-05-16,18
CUST_07616,2024-06-17,Competitor,2024-06-10,7
CUST_07627,2024-06-27,Price,2024-06-08,19
CUST_07628,2024-06-19,Business Closure,2024-05-14,36
CUST_07630,2024-06-09,Product Gap,2024-04-13,57
CUST_07637,2024-06-15,Competitor,2024-04-21,55
CUST_07638,2024-06-05,Competitor,2024-05-25,11
CUST_07639,2024-06-16,Business Closure,2024-05-30,17
CUST_07642,2024-06-02,Price,2024-04-25,38
CUST_07656,2024-06-16,Price,2024-05-18,29
CUST_07661,2024-06-07,Business Closure,2024-04-10,58
CUST_07663,2024-07-01,Business Closure,2024-06-17,14
CUST_07666,2024-06-10,Product Gap,2024-05-07,34
CUST_07667,2024-06-18,Support Issues,2024-04-19,60
CUST_07669,2024-06-24,Product Gap,2024-05-14,41
CUST_07672,2024-06-13,Product Gap,2024-05-17,27
CUST_07676,2024-06-09,Price,2024-04-24,46
CUST_07683,2024-06-13,Competitor,2024-05-30,14
CUST_07684,2024-06-28,Price,2024-06-10,18
CUST_07685,2024-06-16,Business Closure,2024-05-17,30
CUST_07686,2024-06-09,Price,2024-05-13,27
CUST_07687,2024-07-01,Support Issues,2024-06-24,7
CUST_07693,2024-06-02,Support Issues,2024-05-19,14
CUST_07706,2024-06-11,Price,2024-05-01,41
CUST_07711,2024-06-30,Product Gap,2024-05-01,60
CUST_07714,2024-06-09,Support Issues,2024-04-21,49
CUST_07717,2024-06-18,Competitor,2024-05-19,30
CUST_07722,2024-06-09,Product Gap,2024-05-06,34
CUST_07740,2024-06-03,Competitor,2024-04-19,45
CUST_07742,2024-06-09,Product Gap,2024-04-22,48
CUST_07745,2024-06-27,Price,2024-05-09,49
CUST_07746,2024-06-11,Support Issues,2024-04-27,45
CUST_07756,2024-06-22,Price,2024-05-11,42
CUST_07759,2024-06-28,Competitor,2024-05-23,36
CUST_07761,2024-06-24,Business Closure,2024-04-28,57
CUST_07765,2024-06-22,Competitor,2024-04-23,60
CUST_07768,2024-06-14,Support Issues,2024-04-16,59
CUST_07776,2024-06-05,Support Issues,2024-05-10,26
CUST_07778,2024-06-08,Price,2024-04-19,50
CUST_07783,2024-06-22,Price,2024-05-12,41
CUST_07785,2024-06-24,Price,2024-06-15,9
CUST_07794,2024-06-08,Business Closure,2024-05-26,13
CUST_07795,2024-06-05,Support Issues,2024-05-15,21
CUST_07799,2024-06-13,Price,2024-05-05,39
CUST_07801,2024-06-11,Competitor,2024-05-17,25
CUST_07805,2024-06-15,Price,2024-04-21,55
CUST_07809,2024-06-12,Price,2024-05-03,40
CUST_07812,2024-06-06,Competitor,2024-05-10,27
CUST_07817,2024-06-24,Price,2024-05-16,39
CUST_07819,2024-06-26,Price,2024-06-01,25
CUST_07827,2024-06-19,Competitor,2024-05-07,43
CUST_07828,2024-06-05,Support Issues,2024-04-22,44
CUST_07830,2024-06-02,Price,2024-04-14,49
CUST_07839,2024-06-24,Competitor,2024-05-04,51
CUST_07840,2024-06-06,Price,2024-05-06,31
CUST_07845,2024-06-15,Competitor,2024-05-23,23
CUST_07846,2024-06-06,Competitor,2024-04-09,58
CUST_07847,2024-06-17,Product Gap,2024-06-03,14
CUST_07849,2024-06-20,Price,2024-05-12,39
CUST_07850,2024-06-17,Competitor,2024-05-30,18
CUST_07862,2024-06-22,Price,2024-04-23,60
CUST_07863,2024-06-09,Competitor,2024-05-07,33
CUST_07864,2024-06-24,Price,2024-06-01,23
CUST_07865,2024-06-03,Price,2024-05-05,29
CUST_07866,2024-06-29,Price,2024-06-10,19
CUST_07868,2024-06-09,Product Gap,2024-04-12,58
CUST_07872,2024-06-04,Business Closure,2024-04-14,51
CUST_07874,2024-06-12,Competitor,2024-05-01,42
CUST_07879,2024-06-23,Product Gap,2024-05-03,51
CUST_07884,2024-06-17,Competitor,2024-05-10,38
CUST_07885,2024-06-03,Competitor,2024-04-20,44
CUST_07892,2024-06-02,Product Gap,2024-04-15,48
CUST_07902,2024-06-28,Competitor,2024-05-16,43
CUST_07904,2024-06-09,Price,2024-04-27,43
CUST_07906,2024-06-09,Product Gap,2024-05-17,23
CUST_07907,2024-06-15,Product Gap,2024-05-16,30
CUST_07914,2024-06-26,Support Issues,2024-05-20,37
CUST_07917,2024-06-08,Support Issues,2024-05-14,25
CUST_07921,2024-06-13,Business Closure,2024-06-01,12
CUST_07924,2024-06-28,Product Gap,2024-06-21,7
CUST_07926,2024-06-21,Price,2024-05-10,42
CUST_07937,2024-07-01,Price,2024-06-12,19
CUST_07943,2024-07-01,Price,2024-06-01,30
CUST_07947,2024-06-16,Product Gap,2024-05-23,24
CUST_07952,2024-06-25,Business Closure,2024-05-24,32
CUST_07959,2024-06-18,Support Issues,2024-05-03,46
CUST_07963,2024-07-01,Price,2024-05-14,48
CUST_07965,2024-06-09,Product Gap,2024-04-29,41
CUST_07977,2024-06-07,Price,2024-05-12,26
CUST_07983,2024-06-26,Product Gap,2024-06-04,22
CUST_07984,2024-07-01,Product Gap,2024-05-21,41
CUST_07992,2024-06-23,Support Issues,2024-05-24,30
CUST_07994,2024-06-29,Competitor,2024-06-03,26
CUST_08000,2024-06-09,Business Closure,2024-05-05,35
CUST_08006,2024-06-19,Support Issues,2024-06-03,16
CUST_08007,2024-06-15,Competitor,2024-05-28,18
CUST_08010,2024-06-05,Competitor,2024-05-26,10
CUST_08014,2024-06-17,Price,2024-05-16,32
CUST_08016,2024-07-01,Competitor,2024-05-31,31
CUST_08022,2024-06-05,Price,2024-04-24,42
CUST_08023,2024-06-11,Product Gap,2024-06-01,10
CUST_08028,2024-06-21,Support Issues,2024-06-07,14
CUST_08032,2024-06-06,Business Closure,2024-05-08,29
CUST_08035,2024-06-06,Competitor,2024-05-21,16
CUST_08039,2024-06-22,Support Issues,2024-06-13,9
CUST_08042,2024-06-13,Product Gap,2024-05-20,24
CUST_08051,2024-06-14,Business Closure,2024-04-24,51
CUST_08053,2024-06-04,Business Closure,2024-04-07,58
CUST_08058,2024-06-07,Business Closure,2024-05-31,7
CUST_08061,2024-06-18,Product Gap,2024-05-11,38
CUST_08063,2024-06-22,Price,2024-06-01,21
CUST_08067,2024-06-23,Price,2024-05-15,39
CUST_08081,2024-06-09,Product Gap,2024-05-25,15
CUST_08084,2024-06-13,Product Gap,2024-05-08,36
CUST_08088,2024-06-08,Competitor,2024-04-29,40
CUST_08102,2024-06-22,Competitor,2024-06-03,19
CUST_08104,2024-06-12,Product Gap,2024-05-11,32
CUST_08108,2024-06-09,Support Issues,2024-05-25,15
CUST_08113,2024-06-09,Price,2024-04-28,42
CUST_08117,2024-06-14,Support Issues,2024-04-23,52
CUST_08121,2024-07-01,Product Gap,2024-05-24,38
CUST_08127,2024-06-14,Price,2024-06-01,13
CUST_08132,2024-06-14,Price,2024-04-26,49
CUST_08133,2024-06-23,Competitor,2024-06-15,8
CUST_08142,2024-06-03,Price,2024-04-28,36
CUST_08144,2024-06-16,Price,2024-05-07,40
CUST_08145,2024-06-03,Support Issues,2024-05-18,16
CUST_08150,2024-06-10,Support Issues,2024-04-24,47
CUST_08157,2024-06-27,Competitor,2024-05-02,56
CUST_08159,2024-06-09,Competitor,2024-05-28,12
CUST_08162,2024-06-03,Price,2024-05-09,25
CUST_08167,2024-06-16,Competitor,2024-04-18,59
CUST_08183,2024-06-11,Competitor,2024-05-24,18
CUST_08185,2024-06-11,Business Closure,2024-05-24,18
CUST_08186,2024-06-08,Competitor,2024-04-16,53
CUST_08188,2024-06-27,Support Issues,2024-05-29,29
CUST_08189,2024-06-20,Support Issues,2024-04-30,51
CUST_08198,2024-06-09,Price,2024-05-11,29
CUST_08202,2024-06-05,Competitor,2024-05-11,25
CUST_08204,2024-06-22,Price,2024-04-30,53
CUST_08207,2024-06-11,Product Gap,2024-04-22,50
CUST_08215,2024-06-28,Competitor,2024-05-16,43
CUST_08220,2024-06-13,Product Gap,2024-05-30,14
CUST_08223,2024-06-19,Competitor,2024-05-14,36
CUST_08224,2024-06-05,Price,2024-04-13,53
CUST_08226,2024-06-03,Support Issues,2024-05-24,10
CUST_08242,2024-07-01,Competitor,2024-05-11,51
CUST_08250,2024-06-08,Competitor,2024-05-22,17
CUST_08252,2024-06-25,Product Gap,2024-05-06,50
CUST_08254,2024-06-22,Product Gap,2024-06-13,9
CUST_08260,2024-06-12,Price,2024-04-18,55
CUST_08262,2024-06-11,Competitor,2024-06-03,8
CUST_08265,2024-06-17,Price,2024-05-14,34
CUST_08272,2024-06-19,Price,2024-05-30,20
CUST_08281,2024-06-29,Product Gap,2024-05-08,52
CUST_08282,2024-06-30,Business Closure,2024-06-18,12
CUST_08287,2024-06-14,Product Gap,2024-05-05,40
CUST_08290,2024-06-13,Product Gap,2024-05-16,28
CUST_08292,2024-06-23,Competitor,2024-04-24,60
CUST_08293,2024-06-06,Product Gap,2024-04-09,58
CUST_08294,2024-06-20,Price,2024-05-14,37
CUST_08296,2024-06-26,Competitor,2024-06-10,16
CUST_08298,2024-06-20,Price,2024-05-22,29
CUST_08301,2024-06-11,Product Gap,2024-04-22,50
CUST_08303,2024-06-22,Competitor,2024-06-01,21
CUST_08315,2024-06-03,Price,2024-04-17,47
CUST_08324,2024-06-21,Business Closure,2024-05-14,38
CUST_08329,2024-06-08,Support Issues,2024-04-30,39
CUST_08332,2024-06-21,Price,2024-06-05,16
CUST_08345,2024-06-02,Price,2024-05-14,19
CUST_08347,2024-07-01,Business Closure,2024-05-30,32
CUST_08350,2024-06-23,Support Issues,2024-05-07,47
CUST_08352,2024-06-11,Competitor,2024-04-22,50
CUST_08353,2024-06-16,Price,2024-05-16,31
CUST_08365,2024-06-05,Competitor,2024-05-10,26
CUST_08370,2024-06-19,Competitor,2024-05-06,44
CUST_08375,2024-06-23,Competitor,2024-05-18,36
CUST_08379,2024-06-03,Support Issues,2024-05-26,8
CUST_08382,2024-06-07,Support Issues,2024-05-28,10
CUST_08392,2024-06-20,Price,2024-06-08,12
CUST_08393,2024-06-27,Support Issues,2024-06-10,17
CUST_08397,2024-06-13,Support Issues,2024-04-25,49
CUST_08402,2024-06-10,Product Gap,2024-04-19,52
CUST_08403,2024-06-28,Price,2024-06-10,18
CUST_08404,2024-06-20,Price,2024-06-06,14
CUST_08408,2024-06-19,Business Closure,2024-05-30,20
CUST_08411,2024-07-01,Business Closure,2024-05-19,43
CUST_08413,2024-06-22,Price,2024-05-09,44
CUST_08414,2024-06-02,Support Issues,2024-04-25,38
CUST_08417,2024-06-07,Competitor,2024-05-03,35
CUST_08418,2024-06-30,Product Gap,2024-05-16,45
CUST_08420,2024-06-22,Business Closure,2024-04-23,60
CUST_08425,2024-06-28,Support Issues,2024-05-23,36
CUST_08426,2024-06-29,Competitor,2024-05-13,47
CUST_08431,2024-06-29,Product Gap,2024-06-03,26
CUST_08432,2024-06-15,Price,2024-05-03,43
CUST_08436,2024-06-09,Competitor,2024-04-26,44
CUST_08441,2024-06-22,Competitor,2024-06-11,11
CUST_08445,2024-06-14,Business Closure,2024-05-25,20
CUST_08451,2024-06-17,Product Gap,2024-05-07,41
CUST_08457,2024-06-02,Price,2024-05-05,28
CUST_08460,2024-06-19,Price,2024-05-23,27
CUST_08462,2024-06-05,Product Gap,2024-05-27,9
CUST_08466,2024-06-12,Competitor,2024-05-24,19
CUST_08473,2024-06-11,Support Issues,2024-04-15,57
CUST_08480,2024-07-01,Price,2024-05-09,53
CUST_08481,2024-06-04,Business Closure,2024-04-28,37
CUST_08483,2024-06-02,Support Issues,2024-04-12,51
CUST_08487,2024-06-19,Business Closure,2024-05-24,26
CUST_08492,2024-06-16,Price,2024-05-07,40
CUST_08502,2024-06-18,Competitor,2024-05-25,24
CUST_08505,2024-06-19,Competitor,2024-06-02,17
CUST_08509,2024-06-14,Price,2024-06-02,12
CUST_08511,2024-06-19,Competitor,2024-06-09,10
CUST_08515,2024-06-21,Product Gap,2024-05-18,34
CUST_08520,2024-06-07,Support Issues,2024-04-10,58
CUST_08522,2024-07-01,Competitor,2024-05-10,52
CUST_08526,2024-06-22,Support Issues,2024-05-23,30
CUST_08531,2024-06-10,Price,2024-04-26,45
CUST_08533,2024-06-20,Competitor,2024-04-28,53
CUST_08536,2024-06-05,Product Gap,2024-04-28,38
CUST_08537,2024-06-27,Product Gap,2024-04-28,60
CUST_08538,2024-06-20,Product Gap,2024-05-09,42
CUST_08539,2024-06-26,Price,2024-06-03,23
CUST_08545,2024-06-18,Support Issues,2024-04-19,60
CUST_08554,2024-06-26,Support Issues,2024-06-12,14
CUST_08560,2024-06-27,Competitor,2024-05-09,49
CUST_08562,2024-06-17,Competitor,2024-05-17,31
CUST_08564,2024-06-16,Competitor,2024-04-27,50
CUST_08565,2024-06-22,Product Gap,2024-04-23,60
CUST_08571,2024-06-14,Product Gap,2024-05-23,22
CUST_08583,2024-06-29,Support Issues,2024-05-27,33
CUST_08585,2024-06-07,Support Issues,2024-05-20,18
CUST_08606,2024-06-15,Price,2024-04-24,52
CUST_08608,2024-06-20,Support Issues,2024-04-29,52
CUST_08613,2024-06-21,Business Closure,2024-06-01,20
CUST_08619,2024-06-20,Price,2024-05-07,44
CUST_08620,2024-06-14,Business Closure,2024-05-16,29
CUST_08623,2024-06-07,Price,2024-05-19,19
CUST_08626,2024-06-08,Price,2024-04-09,60
CUST_08628,2024-06-08,Competitor,2024-04-18,51
CUST_08634,2024-06-25,Price,2024-06-01,24
CUST_08643,2024-07-01,Price,2024-05-05,57
CUST_08654,2024-06-24,Product Gap,2024-05-21,34
CUST_08666,2024-06-15,Price,2024-04-23,53
CUST_08667,2024-06-13,Competitor,2024-05-12,32
CUST_08677,2024-06-29,Price,2024-06-21,8
CUST_08684,2024-06-18,Product Gap,2024-06-08,10
CUST_08688,2024-06-26,Price,2024-06-08,18
CUST_08689,2024-06-10,Price,2024-05-13,28
CUST_08691,2024-06-05,Business Closure,2024-04-24,42
CUST_08696,2024-06-02,Competitor,2024-04-04,59
CUST_08697,2024-06-29,Price,2024-06-22,7
CUST_08699,2024-07-01,Competitor,2024-06-21,10
CUST_08702,2024-06-14,Price,2024-04-20,55
CUST_08706,2024-06-12,Product Gap,2024-05-22,21
CUST_08707,2024-06-27,Price,2024-05-01,57
CUST_08717,2024-06-21,Business Closure,2024-05-22,30
CUST_08721,2024-06-23,Support Issues,2024-05-13,41
CUST_08722,2024-06-24,Support Issues,2024-05-06,49
CUST_08727,2024-07-01,Price,2024-06-08,23
CUST_08728,2024-06-17,Price,2024-05-17,31
CUST_08729,2024-06-09,Support Issues,2024-04-28,42
CUST_08732,2024-06-29,Price,2024-05-30,30
CUST_08733,2024-06-25,Business Closure,2024-05-28,28
CUST_08735,2024-06-08,Support Issues,2024-05-08,31
CUST_08740,2024-06-03,Price,2024-05-27,7
CUST_08756,2024-06-03,Price,2024-05-25,9
CUST_08758,2024-06-23,Competitor,2024-05-09,45
CUST_08759,2024-06-06,Price,2024-05-06,31
CUST_08764,2024-06-29,Price,2024-06-08,21
CUST_08771,2024-06-10,Competitor,2024-05-28,13
CUST_08775,2024-06-21,Price,2024-04-29,53
CUST_08785,2024-06-09,Competitor,2024-05-10,30
CUST_08787,2024-06-21,Product Gap,2024-05-04,48
CUST_08788,2024-06-08,Business Closure,2024-05-14,25
CUST_08789,2024-06-06,Product Gap,2024-05-27,10
CUST_08796,2024-06-02,Support Issues,2024-04-14,49
CUST_08800,2024-06-04,Business Closure,2024-05-01,34
CUST_08803,2024-06-12,Price,2024-05-12,31
CUST_08808,2024-06-07,Competitor,2024-04-15,53
CUST_08817,2024-06-20,Product Gap,2024-05-15,36
CUST_08818,2024-07-01,Price,2024-05-22,40
CUST_08819,2024-06-05,Price,2024-05-28,8
CUST_08821,2024-06-02,Competitor,2024-05-07,26
CUST_08826,2024-06-03,Price,2024-04-22,42
CUST_08833,2024-07-01,Support Issues,2024-05-14,48
CUST_08837,2024-06-10,Competitor,2024-05-06,35
CUST_08840,2024-06-27,Competitor,2024-05-29,29
CUST_08842,2024-06-18,Price,2024-05-29,20
CUST_08847,2024-06-24,Competitor,2024-06-07,17
CUST_08852,2024-06-27,Support Issues,2024-06-04,23
CUST_08857,2024-06-28,Business Closure,2024-04-29,60
CUST_08861,2024-06-17,Support Issues,2024-05-18,30
CUST_08871,2024-07-01,Competitor,2024-06-19,12
CUST_08879,2024-06-03,Business Closure,2024-04-13,51
CUST_08880,2024-06-27,Competitor,2024-05-20,38
CUST_08882,2024-06-23,Price,2024-05-19,35
CUST_08883,2024-06-04,Competitor,2024-04-16,49
CUST_08886,2024-06-07,Price,2024-04-29,39
CUST_08887,2024-06-15,Competitor,2024-04-22,54
CUST_08892,2024-06-10,Price,2024-04-18,53
CUST_08893,2024-06-07,Price,2024-05-24,14
CUST_08896,2024-06-07,Competitor,2024-05-10,28
CUST_08907,2024-06-27,Business Closure,2024-04-29,59
CUST_08910,2024-06-14,Price,2024-04-25,50
CUST_08911,2024-06-24,Support Issues,2024-06-06,18
CUST_08919,2024-06-17,Price,2024-04-27,51
CUST_08920,2024-06-25,Business Closure,2024-05-29,27
CUST_08932,2024-06-18,Price,2024-04-21,58
CUST_08935,2024-06-15,Price,2024-04-30,46
CUST_08951,2024-06-04,Competitor,2024-04-12,53
CUST_08955,2024-06-29,Price,2024-05-14,46
CUST_08956,2024-06-05,Price,2024-05-02,34
CUST_08964,2024-06-05,Support Issues,2024-05-08,28
CUST_08965,2024-06-17,Product Gap,2024-05-15,33
CUST_08971,2024-06-24,Product Gap,2024-04-28,57
CUST_08975,2024-06-04,Product Gap,2024-05-12,23
CUST_08983,2024-06-17,Competitor,2024-04-19,59
CUST_08984,2024-06-14,Price,2024-04-17,58
CUST_08985,2024-06-27,Price,2024-05-04,54
CUST_08988,2024-06-12,Competitor,2024-06-01,11
CUST_08997,2024-06-06,Business Closure,2024-05-17,20
CUST_09000,2024-06-26,Competitor,2024-06-11,15
CUST_09001,2024-06-26,Business Closure,2024-06-19,7
CUST_09008,2024-06-10,Product Gap,2024-05-20,21
CUST_09011,2024-06-25,Product Gap,2024-05-21,35
CUST_09013,2024-07-01,Competitor,2024-05-27,35
CUST_09014,2024-06-19,Competitor,2024-06-06,13
CUST_09015,2024-06-12,Competitor,2024-04-26,47
CUST_09018,2024-06-07,Product Gap,2024-04-25,43
CUST_09025,2024-06-07,Business Closure,2024-05-13,25
CUST_09034,2024-06-27,Product Gap,2024-05-05,53
CUST_09048,2024-06-05,Price,2024-05-18,18
CUST_09049,2024-06-18,Business Closure,2024-06-05,13
CUST_09051,2024-06-22,Product Gap,2024-05-01,52
CUST_09053,2024-06-27,Product Gap,2024-06-11,16
CUST_09058,2024-06-29,Product Gap,2024-05-08,52
CUST_09059,2024-06-23,Support Issues,2024-05-26,28
CUST_09065,2024-06-10,Support Issues,2024-05-04,37
CUST_09069,2024-06-09,Business Closure,2024-05-05,35
CUST_09070,2024-06-21,Product Gap,2024-06-13,8
CUST_09073,2024-06-12,Price,2024-04-22,51
CUST_09082,2024-06-30,Price,2024-05-05,56
CUST_09084,2024-06-20,Competitor,2024-04-26,55
CUST_09088,2024-06-02,Product Gap,2024-04-30,33
CUST_09099,2024-06-08,Competitor,2024-05-09,30
CUST_09102,2024-07-01,Price,2024-05-23,39
CUST_09103,2024-06-02,Business Closure,2024-05-23,10
CUST_09104,2024-06-03,Support Issues,2024-05-22,12
CUST_09105,2024-07-01,Product Gap,2024-06-10,21
CUST_09108,2024-06-18,Competitor,2024-04-25,54
CUST_09114,2024-06-16,Price,2024-05-17,30
CUST_09115,2024-06-28,Price,2024-05-18,41
CUST_09116,2024-06-28,Price,2024-06-11,17
CUST_09118,2024-06-05,Support Issues,2024-04-14,52
CUST_09120,2024-06-12,Price,2024-04-20,53
CUST_09121,2024-06-13,Product Gap,2024-04-29,45
CUST_09131,2024-06-10,Competitor,2024-05-09,32
CUST_09132,2024-06-22,Support Issues,2024-04-23,60
CUST_09133,2024-06-08,Product Gap,2024-04-18,51
CUST_09134,2024-06-05,Product Gap,2024-04-18,48
CUST_09139,2024-06-29,Price,2024-05-23,37
CUST_09142,2024-06-09,Product Gap,2024-06-02,7
CUST_09144,2024-06-07,Price,2024-04-13,55
CUST_09149,2024-06-19,Business Closure,2024-06-02,17
CUST_09151,2024-06-06,Price,2024-04-07,60
CUST_09152,2024-06-13,Support Issues,2024-05-04,40
CUST_09155,2024-06-04,Business Closure,2024-05-18,17
CUST_09158,2024-06-15,Price,2024-05-24,22
CUST_09163,2024-06-18,Competitor,2024-05-26,23
CUST_09167,2024-06-09,Support Issues,2024-04-19,51
CUST_09174,2024-06-17,Price,2024-05-17,31
CUST_09177,2024-06-18,Competitor,2024-05-30,19
CUST_09178,2024-06-07,Competitor,2024-04-22,46
CUST_09199,2024-06-15,Support Issues,2024-05-18,28
CUST_09201,2024-06-08,Price,2024-05-12,27
CUST_09204,2024-06-21,Competitor,2024-05-01,51
CUST_09209,2024-06-15,Price,2024-05-12,34
CUST_09210,2024-06-21,Price,2024-05-02,50
CUST_09214,2024-06-28,Product Gap,2024-05-11,48
CUST_09215,2024-06-07,Price,2024-05-20,18
CUST_09218,2024-06-06,Competitor,2024-05-05,32
CUST_09220,2024-06-25,Price,2024-05-22,34
CUST_09226,2024-06-20,Business Closure,2024-05-13,38
CUST_09228,2024-06-14,Support Issues,2024-04-22,53
CUST_09229,2024-06-06,Price,2024-04-29,38
CUST_09233,2024-06-26,Product Gap,2024-05-22,35
CUST_09242,2024-06-13,Competitor,2024-05-15,29
CUST_09243,2024-06-23,Competitor,2024-06-03,20
CUST_09245,2024-06-04,Competitor,2024-05-18,17
CUST_09247,2024-06-16,Price,2024-05-09,38
CUST_09249,2024-06-05,Price,2024-05-11,25
CUST_09251,2024-06-19,Support Issues,2024-06-06,13
CUST_09255,2024-06-22,Price,2024-04-30,53
CUST_09258,2024-06-24,Business Closure,2024-06-17,7
CUST_09261,2024-06-17,Price,2024-05-30,18
CUST_09263,2024-06-05,Support Issues,2024-04-16,50
CUST_09266,2024-06-23,Price,2024-05-18,36
CUST_09273,2024-06-15,Competitor,2024-04-18,58
CUST_09282,2024-06-25,Product Gap,2024-05-28,28
CUST_09287,2024-06-27,Competitor,2024-05-14,44
CUST_09295,2024-06-20,Price,2024-05-19,32
CUST_09300,2024-06-15,Price,2024-05-14,32
CUST_09301,2024-06-02,Price,2024-04-04,59
CUST_09306,2024-06-15,Product Gap,2024-05-19,27
CUST_09311,2024-06-19,Support Issues,2024-05-05,45
CUST_09318,2024-06-10,Product Gap,2024-04-16,55
CUST_09319,2024-06-09,Price,2024-04-29,41
CUST_09321,2024-06-12,Support Issues,2024-04-30,43
CUST_09324,2024-06-23,Support Issues,2024-05-13,41
CUST_09328,2024-06-15,Price,2024-05-30,16
CUST_09329,2024-06-20,Price,2024-04-23,58
CUST_09338,2024-06-11,Business Closure,2024-04-18,54
CUST_09341,2024-06-21,Support Issues,2024-05-31,21
CUST_09344,2024-06-03,Price,2024-05-27,7
CUST_09349,2024-06-10,Competitor,2024-04-25,46
CUST_09351,2024-06-10,Support Issues,2024-05-08,33
CUST_09352,2024-06-14,Price,2024-04-21,54
CUST_09353,2024-06-16,Competitor,2024-04-26,51
CUST_09354,2024-06-21,Product Gap,2024-04-22,60
CUST_09358,2024-06-21,Competitor,2024-05-21,31
CUST_09368,2024-06-14,Business Closure,2024-04-28,47
CUST_09373,2024-06-06,Support Issues,2024-05-02,35
CUST_09379,2024-06-09,Business Closure,2024-05-14,26
CUST_09386,2024-06-02,Price,2024-04-05,58
CUST_09389,2024-06-02,Support Issues,2024-04-16,47
CUST_09391,2024-06-02,Support Issues,2024-05-24,9
CUST_09393,2024-06-23,Price,2024-05-29,25
CUST_09394,2024-06-07,Competitor,2024-05-18,20
CUST_09399,2024-06-19,Competitor,2024-05-11,39
CUST_09402,2024-06-21,Price,2024-05-25,27
CUST_09407,2024-06-03,Competitor,2024-04-09,55
CUST_09416,2024-06-09,Competitor,2024-04-10,60
CUST_09419,2024-07-01,Product Gap,2024-05-03,59
CUST_09426,2024-06-09,Competitor,2024-05-30,10
CUST_09431,2024-06-04,Price,2024-05-19,16
CUST_09437,2024-06-08,Product Gap,2024-05-15,24
CUST_09455,2024-06-10,Competitor,2024-05-24,17
CUST_09457,2024-06-18,Business Closure,2024-05-04,45
CUST_09458,2024-06-30,Competitor,2024-06-12,18
CUST_09463,2024-06-22,Competitor,2024-05-10,43
CUST_09466,2024-06-22,Competitor,2024-04-24,59
CUST_09471,2024-06-12,Competitor,2024-04-26,47
CUST_09474,2024-06-18,Product Gap,2024-06-09,9
CUST_09481,2024-06-08,Product Gap,2024-05-15,24
CUST_09483,2024-06-09,Product Gap,2024-05-23,17
CUST_09485,2024-06-10,Support Issues,2024-05-11,30
CUST_09489,2024-06-21,Competitor,2024-06-10,11
CUST_09490,2024-06-26,Product Gap,2024-06-13,13
CUST_09494,2024-06-07,Competitor,2024-04-28,40
CUST_09498,2024-06-11,Support Issues,2024-05-25,17
CUST_09499,2024-06-10,Support Issues,2024-04-16,55
CUST_09500,2024-06-21,Product Gap,2024-06-13,8
CUST_09506,2024-06-09,Support Issues,2024-05-06,34
CUST_09509,2024-06-02,Price,2024-05-09,24
CUST_09511,2024-06-02,Product Gap,2024-04-30,33
CUST_09513,2024-06-26,Support Issues,2024-05-29,28
CUST_09518,2024-06-15,Price,2024-05-06,40
CUST_09520,2024-06-21,Price,2024-05-10,42
CUST_09523,2024-06-23,Price,2024-05-25,29
CUST_09526,2024-06-30,Price,2024-05-07,54
CUST_09527,2024-06-03,Price,2024-05-13,21
CUST_09529,2024-06-10,Product Gap,2024-05-28,13
CUST_09534,2024-06-07,Product Gap,2024-04-15,53
CUST_09538,2024-06-30,Competitor,2024-05-15,46
CUST_09539,2024-06-15,Support Issues,2024-06-03,12
CUST_09540,2024-06-11,Business Closure,2024-05-25,17
CUST_09544,2024-06-12,Product Gap,2024-04-30,43
CUST_09545,2024-06-05,Support Issues,2024-04-24,42
CUST_09546,2024-06-12,Support Issues,2024-05-29,14
CUST_09553,2024-06-29,Business Closure,2024-05-15,45
CUST_09566,2024-06-20,Product Gap,2024-06-02,18
CUST_09570,2024-06-10,Product Gap,2024-04-27,44
CUST_09573,2024-06-23,Competitor,2024-05-14,40
CUST_09579,2024-06-12,Product Gap,2024-05-10,33
CUST_09580,2024-06-03,Price,2024-04-07,57
CUST_09582,2024-06-21,Competitor,2024-05-09,43
CUST_09586,2024-06-23,Product Gap,2024-05-22,32
CUST_09589,2024-06-07,Competitor,2024-05-18,20
CUST_09596,2024-07-01,Competitor,2024-06-19,12
CUST_09599,2024-06-09,Price,2024-04-20,50
CUST_09602,2024-06-28,Price,2024-05-10,49
CUST_09603,2024-06-04,Competitor,2024-05-21,14
CUST_09606,2024-06-18,Competitor,2024-04-20,59
CUST_09611,2024-06-14,Support Issues,2024-04-26,49
CUST_09613,2024-06-16,Business Closure,2024-05-03,44
CUST_09616,2024-06-02,Competitor,2024-04-24,39
CUST_09618,2024-06-28,Competitor,2024-05-25,34
CUST_09621,2024-06-18,Support Issues,2024-06-04,14
CUST_09629,2024-06-24,Business Closure,2024-05-14,41
CUST_09630,2024-06-30,Price,2024-05-15,46
CUST_09632,2024-06-30,Business Closure,2024-06-09,21
CUST_09633,2024-06-05,Competitor,2024-05-22,14
CUST_09639,2024-06-22,Business Closure,2024-05-23,30
CUST_09641,2024-06-08,Competitor,2024-04-13,56
CUST_09654,2024-06-15,Price,2024-05-20,26
CUST_09661,2024-06-03,Price,2024-04-17,47
CUST_09669,2024-06-29,Business Closure,2024-05-15,45
CUST_09670,2024-06-11,Price,2024-05-11,31
CUST_09672,2024-06-30,Product Gap,2024-05-15,46
CUST_09689,2024-06-29,Competitor,2024-05-03,57
CUST_09691,2024-06-25,Product Gap,2024-05-24,32
CUST_09695,2024-06-03,Competitor,2024-04-07,57
CUST_09696,2024-06-12,Competitor,2024-04-23,50
CUST_09700,2024-07-01,Price,2024-06-24,7
CUST_09702,2024-06-16,Competitor,2024-06-09,7
CUST_09704,2024-06-02,Support Issues,2024-04-27,36
CUST_09710,2024-06-28,Support Issues,2024-06-01,27
CUST_09712,2024-06-20,Price,2024-05-01,50
CUST_09714,2024-06-06,Product Gap,2024-05-07,30
CUST_09720,2024-06-30,Competitor,2024-05-07,54
CUST_09729,2024-06-26,Product Gap,2024-05-21,36
CUST_09730,2024-06-30,Competitor,2024-05-09,52
CUST_09735,2024-06-09,Price,2024-05-12,28
CUST_09743,2024-06-22,Support Issues,2024-05-02,51
CUST_09745,2024-06-29,Business Closure,2024-05-04,56
CUST_09747,2024-06-27,Product Gap,2024-06-05,22
CUST_09755,2024-06-05,Product Gap,2024-04-17,49
CUST_09756,2024-06-02,Business Closure,2024-05-09,24
CUST_09759,2024-06-28,Business Closure,2024-06-18,10
CUST_09760,2024-06-28,Business Closure,2024-06-09,19
CUST_09761,2024-06-11,Business Closure,2024-05-30,12
CUST_09764,2024-06-28,Support Issues,2024-06-14,14
CUST_09783,2024-06-20,Price,2024-05-04,47
CUST_09789,2024-06-13,Price,2024-05-05,39
CUST_09792,2024-06-26,Price,2024-06-08,18
CUST_09794,2024-06-30,Product Gap,2024-05-26,35
CUST_09796,2024-06-13,Competitor,2024-05-23,21
CUST_09798,2024-06-10,Product Gap,2024-06-03,7
CUST_09803,2024-06-05,Support Issues,2024-05-10,26
CUST_09806,2024-06-15,Price,2024-05-11,35
CUST_09807,2024-06-30,Product Gap,2024-05-22,39
CUST_09810,2024-06-04,Business Closure,2024-04-16,49
CUST_09817,2024-06-20,Price,2024-06-12,8
CUST_09822,2024-06-22,Price,2024-06-01,21
CUST_09824,2024-06-10,Competitor,2024-04-17,54
CUST_09826,2024-06-21,Price,2024-06-03,18
CUST_09833,2024-06-16,Business Closure,2024-05-16,31
CUST_09834,2024-06-26,Price,2024-05-03,54
CUST_09838,2024-06-17,Price,2024-04-21,57
CUST_09840,2024-06-07,Competitor,2024-05-28,10
CUST_09850,2024-06-20,Business Closure,2024-06-01,19
CUST_09852,2024-06-21,Competitor,2024-05-30,22
CUST_09858,2024-06-21,Competitor,2024-05-09,43
CUST_09862,2024-06-17,Competitor,2024-05-07,41
CUST_09868,2024-06-05,Product Gap,2024-04-20,46
CUST_09869,2024-06-22,Price,2024-05-13,40
CUST_09870,2024-06-03,Competitor,2024-04-08,56
CUST_09872,2024-06-16,Price,2024-05-28,19
CUST_09879,2024-06-09,Product Gap,2024-04-27,43
CUST_09889,2024-06-17,Price,2024-04-27,51
CUST_09893,2024-06-25,Support Issues,2024-06-12,13
CUST_09900,2024-06-19,Support Issues,2024-05-20,30
CUST_09902,2024-06-17,Support Issues,2024-06-03,14
CUST_09909,2024-06-21,Support Issues,2024-05-10,42
CUST_09911,2024-07-01,Product Gap,2024-06-12,19
CUST_09913,2024-06-18,Business Closure,2024-05-29,20
CUST_09917,2024-06-25,Competitor,2024-06-05,20
CUST_09931,2024-06-16,Product Gap,2024-05-22,25
CUST_09932,2024-06-16,Price,2024-05-06,41
CUST_09936,2024-06-06,Competitor,2024-05-06,31
CUST_09938,2024-06-28,Support Issues,2024-04-29,60
CUST_09939,2024-06-04,Product Gap,2024-04-12,53
CUST_09941,2024-06-13,Price,2024-04-28,46
CUST_09946,2024-06-06,Price,2024-04-24,43
CUST_09949,2024-06-06,Support Issues,2024-05-22,15
CUST_09950,2024-06-08,Product Gap,2024-04-16,53
CUST_09951,2024-06-02,Price,2024-05-11,22
CUST_09954,2024-06-18,Competitor,2024-05-27,22
CUST_09964,2024-06-15,Competitor,2024-05-15,31
CUST_09967,2024-06-21,Price,2024-06-11,10
CUST_09969,2024-06-11,Competitor,2024-04-25,47
CUST_09972,2024-06-05,Competitor,2024-04-12,54
CUST_09979,2024-06-09,Competitor,2024-04-30,40
CUST_09982,2024-06-27,Business Closure,2024-05-12,46
CUST_09985,2024-06-21,Price,2024-06-08,13
CUST_09988,2024-06-18,Business Closure,2024-06-02,16
CUST_09989,2024-06-22,Competitor,2024-05-02,51
CUST_09997,2024-06-09,Product Gap,2024-05-10,30
CUST_09999,2024-06-12,Competitor,2024-05-19,24
