customer_id,name,signup_date,segment,region,plan_type,status,email
CUST_00001,Allison Hill,2022-04-03,SMB,South,Basic,Churned,donaldgarcia@example.net
CUST_00002,Angie Henderson,2024-04-24,Enterprise,East,Pro,Active,davisjesse@example.net
CUST_00003,Cristian Santos,2021-02-24,Enterprise,East,Basic,Active,lrobinson@example.com
CUST_00004,Abigail Shaffer,2023-07-09,SMB,South,Pro,Active,jpeterson@example.org
CUST_00005,Gabrielle Davis,2023-05-16,SMB,West,Basic,Active,howardmaurice@example.com
CUST_00006,Monica Herrera,2021-07-09,Mid-Market,South,Enterprise,Active,smiller@example.net
CUST_00007,Shannon Ray,2021-03-30,Mid-Market,South,Basic,Active,williamsjeremy@example.com
CUST_00008,Dr. Sharon James,2024-02-05,SMB,South,Enterprise,Churned,xreid@example.org
CUST_00009,Daniel Adams,2022-01-29,SMB,South,Enterprise,Active,lynchgeorge@example.net
CUST_00010,Joel Nelson,2021-06-13,Enterprise,South,Basic,Active,gabriellecameron@example.org
CUST_00011,Andrew Stewart,2023-01-18,SMB,East,Basic,Churned,carl95@example.org
CUST_00012,Jennifer Rocha,2021-05-27,Mid-Market,West,Pro,Active,ithomas@example.org
CUST_00013,Kimberly Burgess,2023-02-17,Mid-Market,North,Pro,Active,zhurst@example.com
CUST_00014,Zachary Hicks,2022-10-27,SMB,North,Pro,Active,camposmichelle@example.org
CUST_00015,Rebecca Henderson,2022-10-09,SMB,North,Basic,Active,cruzcaitlin@example.com
CUST_00016,Tricia Valencia,2022-10-07,Enterprise,East,Enterprise,Active,frazierdanny@example.net
CUST_00017,Patricia Peterson,2021-10-20,SMB,East,Enterprise,Churned,ryan70@example.net
CUST_00018,Deborah Mason,2024-04-12,Mid-Market,South,Pro,Active,williamrodriguez@example.net
CUST_00019,Mark Lynch,2021-10-11,SMB,International,Basic,Active,nathanielmartin@example.net
CUST_00020,Linda Burns,2021-11-24,Enterprise,North,Basic,Active,hickmannatasha@example.com
CUST_00021,David Bradley,2023-08-17,Mid-Market,South,Basic,Active,millertodd@example.org
CUST_00022,Kim Martinez,2021-08-23,SMB,North,Enterprise,Active,karroyo@example.com
CUST_00023,Lisa Brandt,2021-08-17,SMB,East,Basic,Churned,jenniferross@example.net
CUST_00024,Jessica Holmes,2022-06-24,Mid-Market,West,Basic,Active,wrightcaleb@example.org
CUST_00025,Crystal Robinson,2022-09-04,SMB,North,Pro,Active,zimmermanbrian@example.org
CUST_00026,Shannon Jones,2021-11-27,SMB,South,Basic,Active,joshuawashington@example.net
CUST_00027,Timothy Duncan,2022-10-26,SMB,North,Pro,Active,esanchez@example.com
CUST_00028,Brent Jordan,2022-09-22,Enterprise,International,Basic,Active,ujenkins@example.org
CUST_00029,Victoria Garcia,2023-09-23,Mid-Market,North,Pro,Active,zchandler@example.org
CUST_00030,Connor West,2023-09-01,SMB,North,Pro,Active,dwhite@example.org
CUST_00031,Angela Morton,2022-03-10,Mid-Market,East,Pro,Active,williamsyvette@example.org
CUST_00032,Tammy Allison,2023-03-29,SMB,West,Pro,Active,richardolson@example.com
CUST_00033,Carmen Smith,2021-09-05,SMB,East,Pro,Churned,ybaker@example.com
CUST_00034,Michael Cross,2024-04-20,Enterprise,East,Basic,Active,smoore@example.org
CUST_00035,Lauren Daniels,2021-03-06,Enterprise,North,Pro,Active,brian97@example.net
CUST_00036,Kim Brown,2022-03-15,Enterprise,West,Basic,Active,yorkcasey@example.org
CUST_00037,Cynthia Wilson,2022-05-13,SMB,East,Enterprise,Active,bethwilliams@example.org
CUST_00038,Kevin Mills,2023-06-02,SMB,North,Basic,Active,james53@example.com
CUST_00039,Michael Evans,2021-07-21,Mid-Market,North,Enterprise,Churned,sarah10@example.com
CUST_00040,Kristine Garcia,2022-01-28,SMB,North,Enterprise,Churned,williamanderson@example.com
CUST_00041,Sherry Wood,2022-05-27,Mid-Market,South,Pro,Active,samueldaniels@example.com
CUST_00042,Victoria Valdez,2021-07-20,Enterprise,International,Enterprise,Churned,contrerasangela@example.net
CUST_00043,Shawn Baker,2022-04-30,SMB,International,Enterprise,Churned,newtoneric@example.com
CUST_00044,Michelle Harris,2021-05-01,SMB,South,Basic,Churned,william40@example.org
CUST_00045,Sandra Williams,2023-07-21,Enterprise,International,Basic,Active,kellie42@example.net
CUST_00046,Michael Hoffman,2023-09-24,SMB,West,Pro,Churned,jonesnicole@example.org
CUST_00047,Sandra Aguilar,2024-01-16,Mid-Market,East,Enterprise,Churned,russellwilliams@example.com
CUST_00048,Rebecca Valencia,2023-12-24,Mid-Market,East,Basic,Churned,jason31@example.com
CUST_00049,Stacey Russell,2024-05-03,SMB,North,Basic,Churned,sarayoung@example.org
CUST_00050,Rita Keith,2024-03-12,SMB,International,Pro,Churned,whitesandra@example.com
CUST_00051,Sharon Cochran,2024-04-10,SMB,South,Pro,Active,erik16@example.org
CUST_00052,Courtney Velasquez,2022-10-06,Mid-Market,West,Basic,Active,ybailey@example.org
CUST_00053,Matthew Ross,2022-10-10,Mid-Market,South,Pro,Active,michelle45@example.net
CUST_00054,Meghan Anthony,2024-02-28,SMB,East,Basic,Active,sheila14@example.org
CUST_00055,Victoria Johnson,2022-12-16,Enterprise,South,Basic,Active,yreed@example.com
CUST_00056,William Wilson,2024-01-18,SMB,North,Basic,Active,jonathanfletcher@example.org
CUST_00057,Renee Mcdaniel,2021-01-17,SMB,West,Enterprise,Active,michaeljones@example.net
CUST_00058,Lisa Alvarado,2021-10-03,SMB,North,Enterprise,Churned,cortezkevin@example.com
CUST_00059,Erika Terry,2022-08-01,SMB,North,Pro,Active,jamesortega@example.com
CUST_00060,Stephanie Gilbert,2022-06-25,SMB,East,Basic,Active,richard04@example.com
CUST_00061,Richard Lawson,2023-05-18,Mid-Market,North,Enterprise,Active,steven73@example.net
CUST_00062,Steven Flynn,2022-06-21,Enterprise,North,Basic,Active,donnacampbell@example.net
CUST_00063,Frances Cardenas,2021-08-18,Mid-Market,East,Pro,Churned,emilywalker@example.org
CUST_00064,Angel Riggs,2023-01-27,SMB,East,Enterprise,Active,gibsonolivia@example.net
CUST_00065,Michael Snyder,2021-03-23,Enterprise,South,Basic,Active,dylanwatts@example.org
CUST_00066,Colleen Brock,2024-02-21,Mid-Market,North,Basic,Active,pwilliams@example.org
CUST_00067,Robert Contreras,2022-04-30,Mid-Market,North,Pro,Active,stephanie79@example.net
CUST_00068,Jessica Meadows,2021-02-20,SMB,International,Enterprise,Churned,vmerritt@example.com
CUST_00069,Paul Larsen,2022-05-24,SMB,South,Enterprise,Churned,katie87@example.net
CUST_00070,Jeremiah Reeves,2023-08-22,SMB,International,Basic,Churned,josephflores@example.net
CUST_00071,Chris Reyes,2022-04-12,SMB,South,Pro,Churned,jasminebrown@example.com
CUST_00072,John Brown,2021-05-23,SMB,South,Basic,Active,xprice@example.net
CUST_00073,Alicia Gilmore,2024-01-04,Mid-Market,South,Pro,Active,wwoods@example.com
CUST_00074,Sarah Ashley,2024-04-04,Enterprise,South,Enterprise,Active,vmedina@example.net
CUST_00075,Stephanie Freeman,2022-10-05,Mid-Market,South,Basic,Active,ryan06@example.com
CUST_00076,Rebecca Ramsey,2022-01-25,SMB,International,Basic,Churned,ncalhoun@example.net
CUST_00077,James Elliott,2024-01-08,SMB,International,Basic,Active,millerroy@example.com
CUST_00078,David Murphy,2023-06-03,SMB,North,Pro,Churned,wmurphy@example.com
CUST_00079,Trevor Fisher,2021-09-13,SMB,South,Basic,Active,ruizkaitlyn@example.org
CUST_00080,Mrs. Marie Harrington DDS,2023-04-05,Mid-Market,South,Basic,Active,herringjames@example.org
CUST_00081,Cynthia Wells,2023-02-16,SMB,West,Basic,Active,elliottjeffery@example.net
CUST_00082,Jacob Obrien,2024-01-28,SMB,South,Pro,Active,stricklandfrank@example.com
CUST_00083,Alexander Collins,2024-05-27,Mid-Market,West,Basic,Active,tsanders@example.org
CUST_00084,Michael Burton,2023-08-28,SMB,North,Pro,Active,terrykevin@example.net
CUST_00085,Barbara Riggs,2022-08-05,SMB,West,Pro,Active,reedross@example.com
CUST_00086,Matthew Smith,2022-04-27,SMB,West,Basic,Active,gshort@example.com
CUST_00087,Madison Poole,2022-05-17,Mid-Market,North,Basic,Active,ryangross@example.net
CUST_00088,Robert Medina,2024-03-24,SMB,East,Enterprise,Churned,umarshall@example.net
CUST_00089,Samuel Rivas,2021-01-12,SMB,North,Pro,Active,ramirezshannon@example.com
CUST_00090,Mary Rogers,2022-03-25,SMB,West,Enterprise,Churned,lrosales@example.com
CUST_00091,Robert Peterson,2022-05-26,SMB,North,Pro,Active,angela83@example.org
CUST_00092,Jason Peters,2023-12-24,Enterprise,East,Basic,Active,hannahbrewer@example.com
CUST_00093,Alan Phillips,2023-10-31,SMB,International,Enterprise,Active,tholt@example.net
CUST_00094,Kara Schmidt,2023-08-31,SMB,North,Pro,Active,jbarajas@example.com
CUST_00095,Jesse Parker,2023-12-04,SMB,South,Enterprise,Active,davidlee@example.org
CUST_00096,Tiffany Vaughn,2022-04-26,Mid-Market,West,Pro,Active,javierwashington@example.net
CUST_00097,Paige Carlson,2022-04-19,Mid-Market,North,Pro,Active,wallkenneth@example.com
CUST_00098,Adrian Ferguson,2022-11-09,Mid-Market,South,Basic,Active,brandon08@example.com
CUST_00099,Beth Oneill,2024-04-11,Mid-Market,South,Basic,Active,agarcia@example.net
CUST_00100,John Peterson,2023-09-04,Enterprise,East,Enterprise,Churned,kingmichelle@example.org
CUST_00101,Jennifer Jones,2023-05-09,Mid-Market,International,Enterprise,Active,hernandezlisa@example.com
CUST_00102,David Grant,2023-09-27,SMB,International,Enterprise,Churned,yobrien@example.net
CUST_00103,Joseph Hayes,2023-04-09,Mid-Market,South,Basic,Active,levans@example.com
CUST_00104,Marc Lynch,2023-12-30,SMB,International,Enterprise,Churned,mezajared@example.org
CUST_00105,Brad Allen,2023-05-28,Mid-Market,North,Pro,Churned,moorericky@example.net
CUST_00106,Doris Hall,2022-03-10,SMB,South,Basic,Active,jacqueline71@example.net
CUST_00107,Dennis Moody,2023-05-14,Mid-Market,South,Enterprise,Active,ronaldstephens@example.net
CUST_00108,Derek Thomas,2022-12-18,Enterprise,East,Basic,Active,martinkyle@example.net
CUST_00109,Tammy Gonzales,2021-03-05,Enterprise,North,Enterprise,Active,sbarker@example.com
CUST_00110,Kathryn Snyder,2021-09-16,Mid-Market,North,Basic,Active,georgepamela@example.net
CUST_00111,David Davis,2022-06-09,Enterprise,East,Enterprise,Active,keyemily@example.com
CUST_00112,Pamela Thompson,2021-08-23,Mid-Market,West,Pro,Active,lmoon@example.net
CUST_00113,Robert Costa,2022-10-01,Mid-Market,East,Basic,Active,vbailey@example.com
CUST_00114,Shannon Rivera,2022-02-11,SMB,International,Basic,Churned,zroberts@example.net
CUST_00115,Brandon King,2022-09-10,SMB,North,Pro,Active,cordovarichard@example.net
CUST_00116,April Booth,2021-03-26,SMB,International,Basic,Active,mgutierrez@example.net
CUST_00117,Peter Garrett,2022-11-30,Mid-Market,East,Basic,Churned,harrisandrea@example.com
CUST_00118,Michael Martinez,2023-01-12,Mid-Market,South,Pro,Active,jennifercollins@example.org
CUST_00119,Anna Gay,2023-12-05,SMB,South,Pro,Active,murraydavid@example.org
CUST_00120,Dr. Jordan Hill PhD,2023-09-18,Mid-Market,East,Enterprise,Active,jsanchez@example.org
CUST_00121,Thomas Romero,2022-05-18,SMB,South,Pro,Active,michellehill@example.com
CUST_00122,Richard Adams,2023-08-10,Enterprise,North,Enterprise,Active,campbellkenneth@example.net
CUST_00123,Mary Grimes,2022-10-28,SMB,East,Basic,Churned,wryan@example.com
CUST_00124,Kimberly Gibson,2024-05-05,Mid-Market,South,Enterprise,Active,molly39@example.com
CUST_00125,Reginald Williams,2021-06-25,Mid-Market,International,Basic,Active,zthornton@example.com
CUST_00126,Matthew Hoover,2023-09-03,Mid-Market,North,Pro,Active,tylerjohnson@example.net
CUST_00127,Evelyn Garcia,2022-03-30,SMB,North,Enterprise,Active,dgarcia@example.org
CUST_00128,Jennifer Pena,2024-02-08,Mid-Market,South,Pro,Active,charlesharrington@example.com
CUST_00129,Michael Santos,2023-07-19,Mid-Market,South,Pro,Active,melissa86@example.com
CUST_00130,Stacy Freeman,2021-09-02,Mid-Market,North,Basic,Active,williamsonjimmy@example.net
CUST_00131,Yolanda Francis,2023-09-19,SMB,North,Pro,Churned,wgood@example.net
CUST_00132,Ashlee Jackson,2021-07-25,SMB,East,Enterprise,Active,rebecca05@example.org
CUST_00133,James Thomas,2023-12-30,Mid-Market,South,Basic,Churned,yknight@example.org
CUST_00134,Bob Pitts,2021-09-16,Enterprise,South,Basic,Active,tyleraguilar@example.org
CUST_00135,David Scott,2022-08-06,SMB,North,Basic,Active,nolansteven@example.com
CUST_00136,Brooke Alexander,2023-09-06,Mid-Market,North,Basic,Churned,vanessa46@example.net
CUST_00137,Ryan Gonzalez,2021-04-20,Enterprise,East,Pro,Active,gcastaneda@example.org
CUST_00138,Ian Phillips,2022-05-24,SMB,North,Enterprise,Churned,andrew64@example.org
CUST_00139,Melissa Garner,2022-04-08,SMB,West,Pro,Active,lozanojulie@example.com
CUST_00140,Crystal Pham,2024-04-20,Mid-Market,South,Enterprise,Active,danaoliver@example.net
CUST_00141,Patricia Becker,2021-07-23,Mid-Market,East,Pro,Active,courtneyberger@example.net
CUST_00142,Richard Johnson,2021-11-18,Mid-Market,West,Basic,Active,jessica14@example.com
CUST_00143,Casey Anderson,2024-05-01,SMB,South,Basic,Active,alyssa42@example.com
CUST_00144,Terry Coffey,2023-07-19,Enterprise,South,Basic,Churned,julie51@example.com
CUST_00145,Brenda Levy,2024-04-22,Mid-Market,West,Basic,Active,zcoffey@example.net
CUST_00146,Richard Smith,2021-11-02,SMB,East,Pro,Active,gibsonemily@example.net
CUST_00147,James Little,2022-09-22,SMB,North,Basic,Active,daniel37@example.org
CUST_00148,Terri Murphy,2023-08-18,SMB,South,Enterprise,Active,deborahreid@example.com
CUST_00149,Elizabeth Ortiz,2023-10-09,SMB,East,Enterprise,Active,brandonjohnson@example.com
CUST_00150,David Medina,2024-05-21,SMB,West,Enterprise,Churned,qchavez@example.net
CUST_00151,Kimberly Matthews,2024-03-24,Enterprise,West,Enterprise,Active,nicolepena@example.com
CUST_00152,Teresa Ramirez,2024-03-26,Enterprise,West,Enterprise,Churned,jeff73@example.com
CUST_00153,Michael Stephens,2022-07-24,SMB,West,Pro,Churned,bruce43@example.org
CUST_00154,Samantha Davis,2021-07-06,SMB,East,Pro,Active,darleneharper@example.org
CUST_00155,Gavin Zhang,2021-11-26,Mid-Market,North,Basic,Active,caseyhubbard@example.org
CUST_00156,Robin Hall,2024-02-01,SMB,International,Basic,Churned,kristinacarlson@example.com
CUST_00157,Brianna Anderson,2023-04-08,Enterprise,North,Basic,Active,lauren10@example.org
CUST_00158,Richard Young,2023-08-05,SMB,International,Basic,Active,alfred40@example.org
CUST_00159,Kelly Reese,2023-06-25,Mid-Market,West,Basic,Active,xwest@example.net
CUST_00160,Jodi Walker,2023-06-17,Mid-Market,International,Pro,Active,acostaregina@example.net
CUST_00161,Judith Maynard,2022-05-06,SMB,East,Basic,Active,lutzmelanie@example.com
CUST_00162,Katherine Browning,2022-04-06,Mid-Market,South,Basic,Active,lammarc@example.org
CUST_00163,Donald Schultz,2021-11-12,SMB,North,Pro,Active,oscar98@example.com
CUST_00164,Larry Garcia,2023-09-16,SMB,South,Pro,Active,farrelldebra@example.net
CUST_00165,Cindy Hayes,2024-05-12,Mid-Market,South,Pro,Active,robertwilcox@example.com
CUST_00166,Brandon Simmons,2023-04-30,SMB,South,Enterprise,Active,nicholas27@example.org
CUST_00167,Bradley Reynolds,2022-09-04,SMB,North,Basic,Active,lisa80@example.net
CUST_00168,Kristina Santiago,2023-07-04,SMB,International,Pro,Active,qgomez@example.com
CUST_00169,Michelle Schmitt,2023-07-22,Mid-Market,East,Pro,Active,michael98@example.org
CUST_00170,John Boone,2023-02-24,SMB,North,Enterprise,Churned,megan51@example.com
CUST_00171,Renee Bruce,2023-02-20,SMB,West,Basic,Active,lynchdiane@example.net
CUST_00172,Christopher Park,2023-10-12,SMB,International,Enterprise,Active,sandra50@example.org
CUST_00173,Kylie Morales,2021-07-25,Enterprise,South,Enterprise,Active,joycebonilla@example.org
CUST_00174,Cindy Barnes,2021-10-23,Mid-Market,East,Pro,Active,eric45@example.net
CUST_00175,Sophia Moore,2022-06-27,SMB,East,Basic,Active,craigjoseph@example.net
CUST_00176,Lawrence Perry,2023-12-29,SMB,International,Pro,Active,kariwilson@example.com
CUST_00177,Michael Watkins,2024-01-14,Mid-Market,West,Pro,Churned,brandon69@example.org
CUST_00178,Eric Clark,2022-04-11,Enterprise,International,Pro,Active,kathrynroberts@example.org
CUST_00179,Paul Thompson,2021-07-25,Mid-Market,East,Basic,Active,opatel@example.net
CUST_00180,Mary Gomez,2021-04-25,SMB,North,Enterprise,Churned,chensley@example.com
CUST_00181,Thomas Atkins,2024-03-05,Mid-Market,East,Basic,Active,tberry@example.net
CUST_00182,Brian Smith,2023-02-23,Mid-Market,East,Basic,Active,george97@example.net
CUST_00183,Anita Richard,2023-08-03,Mid-Market,North,Enterprise,Active,ryanmorales@example.org
CUST_00184,Eric Morgan,2023-08-11,SMB,International,Pro,Active,kimberly18@example.net
CUST_00185,Jordan Bullock,2022-12-09,SMB,South,Basic,Active,michael23@example.org
CUST_00186,Craig Morrison,2023-07-25,Mid-Market,West,Enterprise,Active,thompsonkendra@example.com
CUST_00187,Justin Riley,2022-05-01,Mid-Market,East,Basic,Active,michelle52@example.com
CUST_00188,Jeremy Turner,2021-02-14,Mid-Market,West,Basic,Active,brittany58@example.org
CUST_00189,Jesse Brown,2021-04-11,SMB,East,Basic,Active,chase19@example.net
CUST_00190,Julie Spencer,2022-04-17,SMB,International,Enterprise,Active,colelisa@example.net
CUST_00191,Larry Mason,2021-10-08,Mid-Market,East,Pro,Active,hayeslisa@example.com
CUST_00192,Mrs. Maria Williams,2023-06-22,SMB,South,Pro,Churned,hritter@example.net
CUST_00193,Helen Hardin,2022-11-01,Mid-Market,International,Basic,Active,vortiz@example.net
CUST_00194,Rachel Holland,2023-01-20,Mid-Market,East,Basic,Active,riveraangela@example.com
CUST_00195,Nathaniel Douglas,2023-09-14,SMB,South,Enterprise,Active,mathewaguilar@example.org
CUST_00196,Emily Douglas,2023-08-18,Mid-Market,West,Enterprise,Active,tanderson@example.org
CUST_00197,James Conner,2023-03-25,Enterprise,International,Enterprise,Active,elizabethcalderon@example.net
CUST_00198,Susan Davis DDS,2021-01-29,SMB,West,Basic,Churned,andrew42@example.org
CUST_00199,Ralph Lee,2022-06-21,Enterprise,West,Basic,Active,ericphillips@example.org
CUST_00200,Kimberly Rodgers,2022-04-24,SMB,North,Enterprise,Active,stanleynancy@example.net
CUST_00201,James Martin,2022-03-30,SMB,South,Enterprise,Active,jenniferwilliams@example.com
CUST_00202,Cynthia Wallace,2023-04-17,SMB,West,Pro,Churned,karen73@example.net
CUST_00203,Vincent Mueller,2021-08-26,Enterprise,International,Basic,Active,michealvalentine@example.com
CUST_00204,Douglas Reyes,2024-01-12,SMB,East,Basic,Active,mburch@example.net
CUST_00205,David Davidson,2021-07-22,SMB,South,Basic,Active,angela18@example.org
CUST_00206,Phillip Nelson,2023-01-29,SMB,South,Enterprise,Churned,mariahdavis@example.org
CUST_00207,Stacey Arias,2023-01-23,Mid-Market,South,Basic,Active,gbrown@example.com
CUST_00208,Zachary Brooks,2022-01-24,SMB,South,Basic,Active,florescory@example.net
CUST_00209,Raven Taylor,2022-03-11,SMB,North,Enterprise,Active,samantha72@example.net
CUST_00210,Luis Bullock,2022-05-14,SMB,West,Basic,Active,scottmary@example.net
CUST_00211,Lisa Henderson,2024-02-10,SMB,West,Basic,Churned,john10@example.org
CUST_00212,Riley Bryant,2021-10-30,Mid-Market,South,Enterprise,Active,copelandvincent@example.net
CUST_00213,Jose Allen,2021-09-24,SMB,International,Basic,Active,kellysmith@example.com
CUST_00214,Jason Beck,2021-09-27,SMB,International,Basic,Churned,millsmichael@example.net
CUST_00215,Rachel Romero,2021-12-23,SMB,South,Basic,Churned,myerstheodore@example.net
CUST_00216,James Burgess,2021-05-11,Enterprise,North,Pro,Active,kristina53@example.net
CUST_00217,Ashley Perkins,2023-10-29,SMB,North,Pro,Churned,dennis58@example.com
CUST_00218,Carrie Maxwell,2023-12-04,SMB,International,Pro,Active,epollard@example.net
CUST_00219,Chad Baldwin,2023-04-03,SMB,International,Basic,Active,mjohnson@example.org
CUST_00220,Stacey Stewart,2021-06-15,Enterprise,South,Pro,Active,zachary87@example.com
CUST_00221,Matthew Mitchell,2024-04-13,Enterprise,East,Basic,Active,glennmartin@example.org
CUST_00222,Jessica Ross,2023-07-19,Mid-Market,East,Enterprise,Active,ykline@example.com
CUST_00223,Kathleen Jimenez,2024-02-04,Mid-Market,North,Enterprise,Active,laurie61@example.com
CUST_00224,Samantha Gardner,2022-11-26,Mid-Market,North,Pro,Active,curtis54@example.com
CUST_00225,Mitchell Jackson,2022-10-03,Mid-Market,South,Pro,Active,cbell@example.net
CUST_00226,Heather Bolton,2021-05-18,Mid-Market,International,Basic,Churned,danielle01@example.net
CUST_00227,Heidi Owen,2023-02-03,Enterprise,West,Pro,Active,stephaniethomas@example.net
CUST_00228,Jessica Martinez,2022-11-07,SMB,East,Pro,Active,kimberlydiaz@example.com
CUST_00229,Amanda Hernandez,2023-05-17,Mid-Market,International,Enterprise,Active,xrush@example.com
CUST_00230,Laura Moreno,2022-12-22,SMB,East,Enterprise,Churned,redwards@example.org
CUST_00231,Allison Lopez,2021-08-10,SMB,East,Basic,Active,hmcintyre@example.com
CUST_00232,Michele Lewis,2022-04-09,SMB,South,Basic,Active,heather73@example.org
CUST_00233,Benjamin Thompson,2024-02-15,SMB,West,Enterprise,Churned,zosborn@example.net
CUST_00234,Victoria Contreras,2022-01-05,SMB,South,Enterprise,Churned,piercekelly@example.com
CUST_00235,Michelle Ho,2022-01-07,SMB,South,Enterprise,Active,laurahicks@example.org
CUST_00236,Dr. Cynthia Snyder,2021-03-04,SMB,North,Pro,Churned,angela57@example.net
CUST_00237,Stephen Jones,2021-11-19,SMB,East,Basic,Active,ukey@example.com
CUST_00238,Patricia Morrow,2021-06-23,SMB,East,Enterprise,Active,martinezlogan@example.org
CUST_00239,Michael Cooper,2021-06-17,Mid-Market,North,Enterprise,Active,katrinaanderson@example.net
CUST_00240,Amy Martinez,2022-07-14,SMB,South,Pro,Churned,kevinmartin@example.net
CUST_00241,Travis Stone,2024-04-29,SMB,North,Basic,Active,meghan43@example.net
CUST_00242,Denise Weber,2024-05-12,SMB,South,Basic,Churned,shawgary@example.net
CUST_00243,Matthew Le,2022-06-08,Mid-Market,West,Enterprise,Active,megan90@example.org
CUST_00244,Travis Wise,2021-09-22,Enterprise,South,Pro,Active,debra96@example.net
CUST_00245,Kathleen Burton,2022-12-27,SMB,West,Pro,Churned,dawn47@example.org
CUST_00246,Melinda Evans,2021-06-09,SMB,North,Basic,Active,barkereric@example.com
CUST_00247,Mr. Lawrence Edwards,2023-05-06,SMB,West,Pro,Churned,jessica56@example.org
CUST_00248,Kayla Rodriguez,2023-08-01,Mid-Market,North,Enterprise,Active,stevenadams@example.org
CUST_00249,Anthony Dougherty,2022-05-14,SMB,West,Basic,Active,kwright@example.com
CUST_00250,Michelle Lee,2022-11-27,Mid-Market,International,Basic,Active,tyronerobertson@example.com
CUST_00251,Kathleen Davis,2023-12-23,SMB,East,Basic,Active,pwagner@example.org
CUST_00252,Amber Campbell,2021-10-30,SMB,West,Basic,Churned,amitchell@example.org
CUST_00253,Stephen Luna,2021-06-04,Enterprise,East,Basic,Active,zdiaz@example.org
CUST_00254,Chloe Tran,2024-04-01,SMB,West,Pro,Active,hughesshannon@example.net
CUST_00255,William Becker,2022-10-24,SMB,East,Pro,Active,andersoncolin@example.com
CUST_00256,Gina Mcmillan,2023-06-25,SMB,North,Basic,Active,jameshicks@example.net
CUST_00257,Andrew Reeves,2021-06-01,SMB,South,Pro,Active,jstone@example.net
CUST_00258,Brenda Velazquez,2021-06-07,SMB,West,Basic,Active,francisco94@example.net
CUST_00259,Ronald Patel,2023-02-27,SMB,East,Basic,Active,thomas05@example.com
CUST_00260,Veronica Silva,2023-07-11,SMB,International,Enterprise,Active,carlsonjoseph@example.net
CUST_00261,Paula Lane,2023-10-24,SMB,East,Basic,Churned,silvageorge@example.net
CUST_00262,Patricia James,2022-12-05,Enterprise,International,Basic,Active,anthonyvaughan@example.org
CUST_00263,Jeremy Barnes,2023-06-16,Enterprise,North,Pro,Active,avaughn@example.net
CUST_00264,Tami Salas,2022-08-03,SMB,South,Pro,Active,thorntonapril@example.net
CUST_00265,Matthew Fox,2022-11-17,SMB,North,Pro,Churned,sue78@example.com
CUST_00266,Megan Dillon,2024-05-19,Enterprise,South,Pro,Active,chelsea33@example.com
CUST_00267,Courtney Dudley,2022-12-18,Mid-Market,North,Pro,Active,kellie37@example.com
CUST_00268,Justin Michael,2021-06-23,SMB,North,Pro,Active,keith98@example.com
CUST_00269,Jennifer Reed,2023-12-15,Mid-Market,West,Enterprise,Churned,kellyroberts@example.net
CUST_00270,Thomas Douglas,2022-09-25,SMB,North,Pro,Churned,ilewis@example.com
CUST_00271,Melissa Taylor,2022-04-09,Mid-Market,East,Enterprise,Active,johnsantiago@example.net
CUST_00272,David Garcia,2023-11-06,Mid-Market,West,Basic,Active,jennifer12@example.org
CUST_00273,Vanessa Moore,2022-11-21,SMB,North,Enterprise,Active,mwoods@example.com
CUST_00274,Matthew Velez,2022-01-06,SMB,North,Pro,Active,pearsonjesse@example.net
CUST_00275,Taylor Gentry,2023-06-16,SMB,North,Enterprise,Churned,robertmonroe@example.org
CUST_00276,Jennifer Simpson DVM,2022-08-07,Mid-Market,International,Pro,Active,nancy04@example.net
CUST_00277,Tanya Rogers,2023-08-19,SMB,North,Basic,Active,ihays@example.net
CUST_00278,Todd Rosales MD,2023-06-22,Mid-Market,East,Pro,Active,lisarivera@example.net
CUST_00279,David Lopez,2021-11-28,Mid-Market,East,Basic,Active,krystal93@example.org
CUST_00280,Margaret Sullivan,2023-09-12,SMB,South,Basic,Active,frobertson@example.com
CUST_00281,Cathy Taylor,2021-09-13,SMB,West,Basic,Churned,shari04@example.com
CUST_00282,Paul Finley,2021-10-29,SMB,International,Basic,Active,brandi90@example.com
CUST_00283,Melissa Brown,2022-12-17,Enterprise,West,Enterprise,Active,marshallerik@example.net
CUST_00284,Stephanie Padilla,2023-03-02,Mid-Market,South,Basic,Active,hannah45@example.net
CUST_00285,Tyler Mendoza,2022-11-18,Mid-Market,International,Basic,Active,madkins@example.com
CUST_00286,Joshua Ruiz,2021-10-12,Enterprise,West,Basic,Active,kathleenbecker@example.net
CUST_00287,Angela Griffin,2021-02-08,SMB,International,Pro,Churned,christian91@example.org
CUST_00288,Stephanie Harris,2023-12-17,SMB,West,Pro,Active,franklinbond@example.com
CUST_00289,Daniel Aguilar,2022-05-04,SMB,North,Basic,Active,nolansean@example.org
CUST_00290,Jose Bryant,2023-10-21,SMB,North,Pro,Active,hansenemily@example.com
CUST_00291,Jennifer Velasquez,2021-10-22,Enterprise,North,Pro,Active,bethwilliams@example.com
CUST_00292,Kimberly Brown,2022-01-19,Enterprise,East,Basic,Active,andersenthomas@example.com
CUST_00293,Randy Cannon,2023-12-14,Enterprise,North,Enterprise,Active,ybrooks@example.com
CUST_00294,Susan Bennett,2023-08-21,SMB,North,Pro,Churned,desireebailey@example.org
CUST_00295,Jenna Anderson DVM,2023-01-02,Mid-Market,West,Basic,Active,avilatiffany@example.com
CUST_00296,Kimberly Patel,2024-04-06,Mid-Market,East,Pro,Active,johnreed@example.com
CUST_00297,Shaun Cannon,2021-12-25,Mid-Market,East,Basic,Active,pachecorobert@example.org
CUST_00298,Austin Wheeler,2022-01-09,SMB,East,Enterprise,Active,tharper@example.org
CUST_00299,Andrew Gonzales,2022-08-24,Enterprise,East,Enterprise,Active,karenparsons@example.org
CUST_00300,Donna Cabrera,2022-09-28,SMB,South,Enterprise,Active,barbara53@example.com
CUST_00301,Victoria Boyd,2022-01-27,SMB,South,Pro,Churned,dturner@example.net
CUST_00302,Sheryl Buck,2022-07-14,SMB,West,Basic,Churned,dpeters@example.com
CUST_00303,Megan Floyd,2023-03-03,Mid-Market,West,Enterprise,Active,heather62@example.com
CUST_00304,Paul Wells,2023-11-30,Mid-Market,South,Pro,Active,kevinzimmerman@example.com
CUST_00305,Kristina Faulkner,2022-01-05,Enterprise,South,Pro,Active,paulscott@example.com
CUST_00306,Tammy Boone,2022-09-20,Mid-Market,West,Basic,Active,nicholsmaria@example.org
CUST_00307,Michael Morrison,2023-07-05,SMB,South,Basic,Churned,lopezkathleen@example.net
CUST_00308,Claire Clark,2022-07-17,SMB,International,Basic,Active,kevin03@example.org
CUST_00309,Autumn Key,2023-04-12,SMB,West,Basic,Active,srocha@example.net
CUST_00310,Jennifer Allen,2021-10-20,SMB,International,Pro,Active,kimberly67@example.net
CUST_00311,Elizabeth Ward,2022-04-29,SMB,North,Pro,Active,zowens@example.net
CUST_00312,Ryan Rocha,2024-05-24,Mid-Market,East,Basic,Churned,lawrence09@example.org
CUST_00313,Alexis Tran,2021-06-07,Mid-Market,South,Basic,Active,mphillips@example.com
CUST_00314,Kelly Sanchez,2022-05-27,SMB,East,Basic,Active,jonathan77@example.com
CUST_00315,Robert Jackson,2024-02-25,Enterprise,East,Basic,Active,iwhite@example.net
CUST_00316,Kelly Combs,2022-08-08,SMB,North,Pro,Active,landryelizabeth@example.org
CUST_00317,Ryan Hall,2021-06-01,SMB,North,Basic,Active,albertwagner@example.com
CUST_00318,Mark Peck,2022-10-17,SMB,North,Pro,Active,bhopkins@example.org
CUST_00319,Jennifer Smith,2022-09-07,SMB,South,Pro,Active,amanda40@example.net
CUST_00320,Megan Drake,2023-01-11,SMB,East,Enterprise,Active,danieldavis@example.org
CUST_00321,Manuel King,2023-10-09,Enterprise,North,Basic,Churned,joseph61@example.com
CUST_00322,Judy Sanchez,2024-02-04,SMB,West,Basic,Churned,kevinclayton@example.org
CUST_00323,Shannon Malone,2023-09-08,SMB,South,Basic,Active,sullivannicholas@example.com
CUST_00324,Adam Jackson,2022-10-12,SMB,North,Enterprise,Active,pbruce@example.com
CUST_00325,Shannon Davis,2024-02-04,Mid-Market,South,Pro,Active,hallrachel@example.net
CUST_00326,Karen Williams,2021-04-24,Mid-Market,South,Enterprise,Active,cohenjuan@example.net
CUST_00327,Amanda Mcfarland,2022-04-07,SMB,North,Basic,Active,alexis39@example.org
CUST_00328,Michelle Sanders,2022-05-29,SMB,West,Enterprise,Churned,evansanne@example.net
CUST_00329,Jasmine Mosley,2023-12-29,SMB,East,Basic,Churned,patrick21@example.net
CUST_00330,Haley Davis,2021-12-17,SMB,East,Pro,Active,marypeterson@example.net
CUST_00331,Jennifer Ayala,2024-02-29,SMB,West,Pro,Churned,walterskristen@example.com
CUST_00332,Henry Pugh MD,2024-03-27,SMB,International,Basic,Churned,nmiller@example.com
CUST_00333,Michelle Miller,2021-03-04,Mid-Market,East,Pro,Active,normanbowers@example.org
CUST_00334,Emily Rodriguez,2023-09-17,SMB,International,Basic,Churned,hahnsean@example.com
CUST_00335,Brandon Jordan,2021-05-03,SMB,East,Pro,Churned,fgarcia@example.com
CUST_00336,Linda Mueller,2021-10-22,Mid-Market,South,Pro,Active,asmith@example.com
CUST_00337,Misty Hansen,2023-03-28,SMB,International,Pro,Churned,ashleyjackson@example.com
CUST_00338,Derrick Adams,2023-08-14,Mid-Market,South,Pro,Churned,bryanhamilton@example.com
CUST_00339,Richard Ward,2023-02-26,Mid-Market,North,Basic,Active,jennifersimpson@example.net
CUST_00340,Brian Torres,2022-11-02,Mid-Market,International,Enterprise,Active,ncook@example.com
CUST_00341,Erin Cook,2023-11-21,SMB,North,Basic,Active,kevinmorrison@example.net
CUST_00342,Ernest Oconnell,2023-03-17,SMB,North,Pro,Active,kelly79@example.org
CUST_00343,Douglas Hartman,2021-04-14,SMB,South,Basic,Churned,daniel93@example.net
CUST_00344,Catherine Saunders MD,2022-08-09,SMB,West,Enterprise,Active,nhahn@example.com
CUST_00345,Sandra Jones,2023-01-20,SMB,International,Pro,Active,ichambers@example.net
CUST_00346,David Moore,2022-02-03,Mid-Market,East,Pro,Active,emccormick@example.com
CUST_00347,Karen Morales DDS,2024-02-01,Mid-Market,East,Basic,Active,ystephens@example.com
CUST_00348,Robin Wheeler,2021-07-18,SMB,North,Pro,Active,rodriguezjohn@example.net
CUST_00349,Matthew Williams,2021-10-23,SMB,International,Basic,Churned,vrasmussen@example.com
CUST_00350,Brett Walker,2021-10-08,SMB,North,Pro,Active,seanmyers@example.net
CUST_00351,Kathryn Cooper,2023-11-22,SMB,North,Pro,Churned,webbkenneth@example.org
CUST_00352,Todd Thomas,2022-09-05,SMB,South,Basic,Active,matthew38@example.com
CUST_00353,Brent Bowen,2024-02-27,SMB,East,Pro,Churned,tflores@example.org
CUST_00354,Ashley Sweeney,2023-05-04,SMB,West,Basic,Active,byrdfrank@example.net
CUST_00355,Christopher Moore,2021-02-24,SMB,West,Pro,Active,omullen@example.com
CUST_00356,Charlotte Sandoval,2024-03-30,Mid-Market,International,Pro,Active,njohnson@example.org
CUST_00357,Jeffrey Smith,2023-02-18,SMB,North,Pro,Churned,jamiegoodwin@example.org
CUST_00358,Rebecca Herrera,2021-08-14,SMB,International,Basic,Churned,mark71@example.com
CUST_00359,Katherine Church,2022-02-22,Mid-Market,South,Pro,Active,candice96@example.net
CUST_00360,Harold Ellis,2021-05-08,SMB,International,Enterprise,Active,lisamccarthy@example.com
CUST_00361,Leslie Powers,2023-09-07,SMB,International,Pro,Active,david41@example.org
CUST_00362,Charles Price,2022-12-03,Mid-Market,International,Basic,Active,baileyhenderson@example.com
CUST_00363,Melissa Brewer,2022-06-26,SMB,West,Enterprise,Active,angelaburns@example.org
CUST_00364,Ryan Harvey,2022-04-06,Mid-Market,East,Basic,Active,stephanie72@example.org
CUST_00365,Tracey Wagner,2023-09-29,SMB,West,Enterprise,Active,fortiz@example.com
CUST_00366,Jill Jackson,2022-07-15,Mid-Market,West,Enterprise,Active,flynnjeffrey@example.org
CUST_00367,Joshua Jackson,2023-03-20,SMB,International,Pro,Active,xcunningham@example.com
CUST_00368,Ashley Wilson,2022-08-13,SMB,South,Enterprise,Active,amber07@example.net
CUST_00369,Jeffery Fitzgerald,2023-09-09,Enterprise,West,Enterprise,Active,kennethkidd@example.com
CUST_00370,Scott Miller,2022-07-11,SMB,East,Basic,Churned,rowejoel@example.net
CUST_00371,Heather Page,2023-12-24,SMB,North,Pro,Churned,imartin@example.org
CUST_00372,Renee Hudson,2023-08-26,Mid-Market,South,Basic,Churned,candice25@example.net
CUST_00373,Kenneth Farley,2021-11-20,SMB,East,Basic,Active,taylorkaren@example.com
CUST_00374,Wendy Camacho,2022-02-13,SMB,East,Enterprise,Active,jacquelineanderson@example.org
CUST_00375,Sandra Juarez,2021-07-03,Mid-Market,North,Basic,Active,kburns@example.net
CUST_00376,Jason Hayes,2021-03-18,Mid-Market,International,Pro,Active,powellkara@example.net
CUST_00377,Jackie Clements,2021-03-16,Mid-Market,North,Enterprise,Active,brandi17@example.net
CUST_00378,Heather Brown,2022-08-16,Mid-Market,International,Pro,Active,brobinson@example.org
CUST_00379,Frank Campbell MD,2022-11-18,Enterprise,North,Pro,Active,ashleewashington@example.com
CUST_00380,Pamela Williams,2021-10-02,SMB,East,Pro,Active,ksmith@example.com
CUST_00381,William Patterson,2021-11-29,SMB,North,Basic,Active,nicoleturner@example.com
CUST_00382,Isaac Miller,2022-11-22,SMB,North,Pro,Active,brettgarrett@example.net
CUST_00383,Cynthia Rios,2023-04-11,SMB,North,Enterprise,Active,smiththomas@example.org
CUST_00384,Kelly Wallace,2022-01-14,SMB,West,Basic,Active,dominguezlisa@example.com
CUST_00385,Karen Perez,2023-02-25,SMB,North,Enterprise,Churned,crosscurtis@example.com
CUST_00386,Edwin Reyes,2024-03-19,SMB,South,Enterprise,Churned,darlenebyrd@example.org
CUST_00387,Alejandra Santos,2021-08-31,SMB,North,Pro,Active,nbell@example.net
CUST_00388,Tamara Jensen,2022-09-29,Mid-Market,International,Pro,Active,fheath@example.org
CUST_00389,Bryce Blair,2022-03-29,SMB,South,Enterprise,Churned,sylvia52@example.org
CUST_00390,Bradley Tran,2024-05-25,Enterprise,West,Basic,Active,kimberly04@example.org
CUST_00391,Katrina Adkins,2022-03-24,SMB,West,Enterprise,Active,debbie37@example.com
CUST_00392,Jonathan Wheeler,2023-12-13,SMB,West,Pro,Active,hatfieldsarah@example.org
CUST_00393,Ryan Fisher,2021-05-07,SMB,East,Basic,Active,kathrynbest@example.org
CUST_00394,Austin Baker,2021-12-03,SMB,East,Basic,Active,livingstonstacy@example.com
CUST_00395,Lori Mason,2024-04-09,SMB,North,Basic,Active,zhenderson@example.org
CUST_00396,Kimberly Hernandez,2021-09-28,SMB,North,Pro,Active,collinswilliam@example.org
CUST_00397,Brittney Murphy,2022-09-24,SMB,East,Basic,Active,collinssamuel@example.org
CUST_00398,Brandon Hamilton,2024-03-30,Mid-Market,West,Enterprise,Churned,dsalazar@example.com
CUST_00399,Mary Thompson,2021-05-04,Mid-Market,East,Pro,Active,zimmermanjacqueline@example.org
CUST_00400,Gregory Holmes PhD,2023-04-18,Enterprise,North,Enterprise,Active,gary24@example.net
CUST_00401,Patricia Johnson,2023-05-11,Enterprise,West,Pro,Active,enelson@example.com
CUST_00402,Laura Jones,2023-02-13,SMB,International,Pro,Active,ddixon@example.com
CUST_00403,Carol Moore,2022-12-14,SMB,East,Pro,Churned,shannonemily@example.org
CUST_00404,Jordan Williams,2022-04-02,SMB,North,Basic,Active,sanchezthomas@example.com
CUST_00405,Cassidy Horne,2024-01-21,SMB,East,Enterprise,Active,tranrobin@example.net
CUST_00406,Courtney Wright,2021-11-14,Mid-Market,East,Basic,Active,joseph19@example.com
CUST_00407,Michael Williams,2023-05-09,SMB,North,Pro,Active,lindajarvis@example.com
CUST_00408,John Campbell,2021-05-18,SMB,North,Enterprise,Churned,mark87@example.org
CUST_00409,Eddie Mueller,2021-04-10,Enterprise,West,Pro,Active,stevenvargas@example.com
CUST_00410,Dr. Morgan Payne PhD,2021-04-26,Enterprise,East,Pro,Active,adamortiz@example.org
CUST_00411,Makayla Steele,2024-03-25,SMB,International,Basic,Active,tapiaaaron@example.net
CUST_00412,Oscar Parker,2022-09-11,SMB,South,Pro,Active,alyssaallen@example.com
CUST_00413,Valerie Thomas,2022-07-18,SMB,South,Pro,Churned,christopher38@example.com
CUST_00414,Jacqueline Villegas,2023-05-25,SMB,International,Enterprise,Active,carpenterwilliam@example.net
CUST_00415,Angela Bradley,2023-02-20,Enterprise,East,Basic,Active,ibates@example.org
CUST_00416,Samuel Howe,2023-02-10,Mid-Market,North,Pro,Active,vhaynes@example.com
CUST_00417,Dillon Jones,2021-10-23,SMB,North,Basic,Active,derekcarrillo@example.org
CUST_00418,Christopher Owens,2024-02-16,SMB,International,Pro,Active,wmartinez@example.org
CUST_00419,John Phelps,2021-06-11,Mid-Market,South,Basic,Active,mooregina@example.net
CUST_00420,Amanda Huff,2022-01-26,SMB,West,Basic,Churned,eddie35@example.com
CUST_00421,Megan Green,2021-05-30,Mid-Market,North,Pro,Active,anthonysullivan@example.com
CUST_00422,Krista Davis,2023-09-09,SMB,East,Pro,Churned,laradonald@example.org
CUST_00423,Richard Walker,2022-03-10,SMB,International,Basic,Active,madisonwatson@example.net
CUST_00424,Angela Willis,2023-09-08,SMB,International,Basic,Active,johnsoncaleb@example.net
CUST_00425,Carl Stein,2022-05-06,SMB,South,Pro,Active,david70@example.org
CUST_00426,Jessica Ramsey,2023-01-06,SMB,East,Basic,Active,rjohnson@example.com
CUST_00427,Daniel Lopez,2023-08-20,Mid-Market,East,Enterprise,Active,sean20@example.net
CUST_00428,Danielle Phillips,2021-04-04,Mid-Market,South,Basic,Active,eandrade@example.org
CUST_00429,James Barnes,2024-04-11,Mid-Market,South,Basic,Active,crystalpham@example.org
CUST_00430,Rachael Howard DDS,2023-02-17,Mid-Market,South,Basic,Active,kcooper@example.net
CUST_00431,Devin Johnson,2022-11-23,Mid-Market,International,Pro,Active,anthonycochran@example.com
CUST_00432,William Moreno,2023-10-02,SMB,East,Enterprise,Active,terrigarcia@example.net
CUST_00433,Joseph Moody,2024-01-25,SMB,North,Basic,Active,gallagherstacie@example.net
CUST_00434,Rebecca Kelly,2021-05-01,SMB,East,Pro,Active,gregorywatkins@example.net
CUST_00435,Suzanne Johnson,2021-04-10,SMB,West,Basic,Active,stacey92@example.net
CUST_00436,Sara Cochran,2021-11-06,Mid-Market,North,Enterprise,Churned,lweaver@example.com
CUST_00437,Anthony Guzman,2023-09-17,SMB,East,Basic,Active,foxaaron@example.net
CUST_00438,Carlos Love,2021-02-04,Enterprise,South,Pro,Active,brian29@example.net
CUST_00439,Patricia Mathis,2023-06-01,Mid-Market,North,Enterprise,Active,susan56@example.net
CUST_00440,Eric Taylor,2021-11-01,SMB,North,Basic,Churned,jessicakim@example.net
CUST_00441,Marie Thompson,2023-03-24,SMB,South,Basic,Churned,jeffrey92@example.com
CUST_00442,Michael Anderson,2022-04-08,SMB,North,Pro,Churned,rushstacy@example.com
CUST_00443,Patricia Bradley,2021-03-06,SMB,International,Basic,Churned,carriemccall@example.net
CUST_00444,Keith Zuniga,2021-01-20,Mid-Market,North,Pro,Active,markmiller@example.com
CUST_00445,Mrs. Stacey Davis,2022-11-10,Enterprise,East,Enterprise,Active,sean43@example.org
CUST_00446,Hayley Buchanan,2021-03-29,SMB,East,Basic,Churned,williamssamuel@example.com
CUST_00447,Stacey Snyder,2022-07-10,SMB,East,Pro,Churned,ybell@example.org
CUST_00448,Rachel Lane,2024-02-29,Enterprise,International,Enterprise,Active,franciscojones@example.org
CUST_00449,Fernando Lynn,2022-03-01,Mid-Market,North,Enterprise,Active,petersonpamela@example.org
CUST_00450,Kimberly Villanueva,2021-06-07,SMB,South,Pro,Churned,morgantricia@example.com
CUST_00451,Jessica Valdez,2024-01-13,SMB,West,Pro,Active,gmoore@example.com
CUST_00452,Colton Terry,2021-06-10,SMB,International,Basic,Active,donna43@example.org
CUST_00453,Kenneth Larsen,2021-06-05,SMB,South,Basic,Active,briansmith@example.org
CUST_00454,Matthew Greene,2022-10-31,SMB,South,Enterprise,Churned,collinclark@example.net
CUST_00455,Bradley Anthony,2022-12-30,Mid-Market,East,Enterprise,Active,kristen77@example.net
CUST_00456,Martin Hughes,2023-02-18,Mid-Market,East,Basic,Churned,nicole52@example.com
CUST_00457,Jeremiah Baker,2021-06-18,SMB,West,Enterprise,Churned,anne21@example.org
CUST_00458,Rhonda Gutierrez,2023-03-09,Mid-Market,North,Enterprise,Active,angelarandall@example.net
CUST_00459,Joseph Camacho,2023-01-08,Enterprise,South,Basic,Active,parmstrong@example.com
CUST_00460,James Nash,2024-02-15,Enterprise,South,Basic,Active,shawrachel@example.net
CUST_00461,Lisa Martinez,2021-07-10,Mid-Market,South,Basic,Active,kthompson@example.org
CUST_00462,Beth Henderson,2023-04-28,SMB,North,Enterprise,Active,oharris@example.org
CUST_00463,Deanna Bartlett,2022-05-13,Enterprise,International,Enterprise,Active,millerangela@example.net
CUST_00464,Donald Ellis,2022-09-09,Mid-Market,North,Basic,Active,buchanancindy@example.net
CUST_00465,Ashley Hernandez,2022-09-06,Enterprise,South,Basic,Active,buckleyanna@example.org
CUST_00466,Sharon Beard,2023-10-13,Enterprise,North,Basic,Active,pbaker@example.com
CUST_00467,Kara Jackson,2023-03-22,Mid-Market,South,Basic,Active,mthomas@example.net
CUST_00468,Amanda Preston,2022-11-17,SMB,South,Enterprise,Active,hannah07@example.com
CUST_00469,Alicia Roth,2022-09-08,SMB,East,Pro,Active,larry71@example.org
CUST_00470,William Ramos,2023-03-27,SMB,South,Basic,Active,joseph69@example.net
CUST_00471,Jeremy Mcintyre,2024-03-25,Mid-Market,East,Pro,Active,wfigueroa@example.net
CUST_00472,Samantha Robertson,2023-01-18,Mid-Market,West,Basic,Churned,cameronmckinney@example.com
CUST_00473,Samuel Suarez,2024-02-01,SMB,East,Pro,Churned,thompsonnancy@example.org
CUST_00474,Danielle Bryant,2022-08-20,SMB,North,Enterprise,Active,janet45@example.com
CUST_00475,Madison Martinez,2023-10-20,Enterprise,West,Enterprise,Active,allentracy@example.com
CUST_00476,Seth Matthews,2023-05-17,Mid-Market,North,Basic,Active,max41@example.com
CUST_00477,Anthony Nash,2023-04-01,Enterprise,East,Enterprise,Active,mercedesholland@example.net
CUST_00478,Matthew Palmer,2021-03-17,SMB,South,Enterprise,Active,wellsdavid@example.org
CUST_00479,Alejandra King,2021-06-24,Mid-Market,East,Enterprise,Churned,jennifer46@example.com
CUST_00480,Judy Robinson,2021-04-01,Mid-Market,North,Pro,Active,erica96@example.net
CUST_00481,Jorge Bates,2022-11-11,SMB,International,Pro,Active,anna99@example.com
CUST_00482,Brian Brown,2023-11-12,Mid-Market,South,Basic,Active,danielle44@example.net
CUST_00483,Stephanie Evans,2023-02-06,SMB,North,Pro,Active,zacharyallen@example.org
CUST_00484,Rebekah Greene,2022-12-08,SMB,East,Pro,Active,erin07@example.com
CUST_00485,Jason Price,2021-06-25,SMB,International,Basic,Churned,aguilarwanda@example.org
CUST_00486,Micheal Parks,2023-07-22,SMB,South,Basic,Active,qknox@example.com
CUST_00487,Sarah Pittman,2023-07-16,SMB,North,Basic,Active,kellyruiz@example.net
CUST_00488,Robert Hines,2022-12-04,Mid-Market,North,Enterprise,Active,staceylam@example.net
CUST_00489,Henry Garner,2022-05-15,SMB,International,Basic,Active,robert55@example.com
CUST_00490,Julie Wilson,2023-08-05,SMB,South,Basic,Churned,delacruzbrandy@example.net
CUST_00491,Steve Mason,2023-06-05,Mid-Market,East,Basic,Active,amoreno@example.org
CUST_00492,Brittany Gay,2023-05-30,SMB,South,Enterprise,Active,robert97@example.org
CUST_00493,Mike Maxwell,2021-05-09,SMB,West,Basic,Active,lcook@example.com
CUST_00494,Abigail Hill,2022-02-08,SMB,South,Pro,Active,barbaramoore@example.org
CUST_00495,Jeffrey Jordan,2022-10-04,Mid-Market,East,Enterprise,Active,ysanford@example.org
CUST_00496,Curtis Watson,2023-07-27,SMB,South,Pro,Active,mcclainkatherine@example.net
CUST_00497,Michael Sims,2024-04-23,SMB,South,Pro,Churned,jeremywiley@example.com
CUST_00498,James Chapman,2022-01-10,Enterprise,South,Basic,Active,cameronwilliams@example.com
CUST_00499,Joseph Warren,2024-03-23,Enterprise,East,Basic,Active,ibarron@example.com
CUST_00500,Katherine Christensen MD,2021-12-21,Mid-Market,West,Pro,Active,osmith@example.net
CUST_00501,Mrs. Alison Wagner,2023-07-13,SMB,South,Basic,Active,richardsondebra@example.org
CUST_00502,Martin Wise,2022-02-04,SMB,East,Enterprise,Active,wheelerbrandon@example.org
CUST_00503,Alicia Norris,2023-10-05,SMB,East,Pro,Active,hwallace@example.net
CUST_00504,Michael Harris,2021-03-05,SMB,North,Pro,Active,turnerdorothy@example.net
CUST_00505,Lisa Haynes,2022-08-15,Mid-Market,North,Basic,Churned,grivas@example.net
CUST_00506,Autumn Wilson,2024-01-31,SMB,West,Pro,Active,jimenezchelsea@example.com
CUST_00507,Valerie Howard,2023-01-22,SMB,East,Basic,Active,cphillips@example.net
CUST_00508,Daniel Fitzpatrick MD,2022-03-24,SMB,South,Enterprise,Active,smithchristopher@example.org
CUST_00509,Maureen Hernandez,2022-09-02,Enterprise,West,Enterprise,Active,chancharles@example.net
CUST_00510,David Hall,2021-06-28,Enterprise,International,Basic,Active,joseph01@example.org
CUST_00511,Sarah Ward,2024-04-19,SMB,North,Enterprise,Active,ronald11@example.org
CUST_00512,Charles Holland,2021-10-13,SMB,South,Pro,Active,michael79@example.com
CUST_00513,Anna Briggs,2023-12-27,SMB,East,Enterprise,Churned,danielross@example.com
CUST_00514,James Jefferson,2022-08-16,SMB,West,Basic,Active,zbanks@example.org
CUST_00515,Michael Brown,2021-07-15,SMB,International,Pro,Churned,dalepruitt@example.com
CUST_00516,Meghan White,2022-07-22,SMB,North,Pro,Active,nmaxwell@example.org
CUST_00517,Sheryl Acosta,2022-10-22,Enterprise,North,Enterprise,Active,timothyfreeman@example.com
CUST_00518,Arthur Pena,2024-03-28,SMB,East,Pro,Active,busherica@example.net
CUST_00519,Krystal Levine,2021-07-10,SMB,North,Basic,Active,april91@example.com
CUST_00520,Danielle Reed,2023-07-21,SMB,International,Pro,Active,jhernandez@example.net
CUST_00521,Mason Moore,2021-07-10,Mid-Market,West,Basic,Active,kchristian@example.org
CUST_00522,Erica Rivera,2021-05-10,SMB,South,Pro,Active,brent38@example.net
CUST_00523,Robert Miller,2023-10-11,Mid-Market,West,Enterprise,Active,csolis@example.org
CUST_00524,Jillian Wilson,2024-03-05,SMB,East,Basic,Active,bmcgee@example.org
CUST_00525,Andrew Dunn,2021-04-05,SMB,West,Enterprise,Churned,connersylvia@example.net
CUST_00526,Jordan Clark,2021-11-20,SMB,North,Pro,Active,xclements@example.org
CUST_00527,Sarah Rivera,2021-09-28,Enterprise,North,Enterprise,Active,xmoran@example.net
CUST_00528,Brent Hopkins,2021-07-11,Mid-Market,International,Enterprise,Active,petersonmaria@example.com
CUST_00529,Jacqueline Rodriguez,2021-12-05,Mid-Market,International,Basic,Churned,travisunderwood@example.net
CUST_00530,Ashley Carr,2023-05-30,SMB,West,Pro,Active,davidphelps@example.org
CUST_00531,Richard Love,2021-09-29,SMB,East,Basic,Active,shermanbrandon@example.net
CUST_00532,Leah Barton,2022-12-05,SMB,North,Pro,Active,lellis@example.net
CUST_00533,Jonathan Moreno,2021-05-26,SMB,North,Pro,Churned,tranryan@example.net
CUST_00534,Mr. Thomas Thompson,2023-01-23,Enterprise,North,Enterprise,Active,jessicaanderson@example.com
CUST_00535,Lisa Morris,2021-09-30,Enterprise,West,Enterprise,Active,mbarnes@example.net
CUST_00536,Denise Stuart,2021-12-03,SMB,East,Basic,Active,shawn22@example.com
CUST_00537,Stacey Hunt,2023-04-24,SMB,North,Pro,Active,jennifer83@example.org
CUST_00538,Miguel Parks,2021-10-14,Mid-Market,International,Basic,Active,tinasantos@example.org
CUST_00539,Melissa Morris,2022-10-07,SMB,International,Basic,Active,hodgesanna@example.net
CUST_00540,Mary Butler,2024-05-15,Mid-Market,North,Pro,Active,natalie60@example.net
CUST_00541,James Brown,2022-09-10,SMB,West,Enterprise,Churned,gonzalezkaren@example.org
CUST_00542,Miss Brianna Brown,2021-04-22,SMB,South,Basic,Active,james80@example.com
CUST_00543,Ashley Parrish,2022-05-09,SMB,South,Basic,Active,juliahoffman@example.org
CUST_00544,Rebecca Horton,2023-01-10,SMB,International,Pro,Active,housepaul@example.net
CUST_00545,Juan Smith,2023-01-19,Enterprise,East,Enterprise,Active,james73@example.net
CUST_00546,Maria Fischer,2021-05-30,Mid-Market,International,Pro,Churned,kimberlybrandt@example.com
CUST_00547,William Jones,2021-05-04,Enterprise,North,Basic,Active,jillwilson@example.org
CUST_00548,Justin Anderson,2023-05-01,Mid-Market,West,Basic,Active,adam72@example.org
CUST_00549,Frank Williams,2021-11-09,Mid-Market,East,Pro,Active,tracy98@example.com
CUST_00550,Michael Fox,2021-11-15,Mid-Market,North,Pro,Active,abigailhartman@example.org
CUST_00551,Joshua Davis,2021-05-16,Mid-Market,West,Pro,Active,nicolealvarado@example.com
CUST_00552,Daniel Goodwin,2022-05-16,Mid-Market,North,Enterprise,Churned,wbarajas@example.net
CUST_00553,Michael Griffin,2022-09-26,Mid-Market,East,Pro,Active,susanfleming@example.com
CUST_00554,Robert Wilson,2021-10-09,SMB,North,Basic,Active,amber40@example.net
CUST_00555,Jaime Lang,2022-06-15,Mid-Market,East,Enterprise,Churned,stucker@example.net
CUST_00556,Jose Vaughan,2021-08-30,Enterprise,South,Enterprise,Active,teresaayala@example.net
CUST_00557,Austin Santiago,2021-05-11,Enterprise,South,Enterprise,Active,michellecoleman@example.org
CUST_00558,Ronald Johns,2023-11-13,SMB,East,Pro,Active,elucas@example.net
CUST_00559,Allison Love,2022-06-07,SMB,South,Pro,Active,millerbrian@example.com
CUST_00560,Laura Perez,2023-11-09,SMB,North,Pro,Churned,rickey76@example.com
CUST_00561,James Wilson,2023-01-16,SMB,North,Basic,Active,maychristine@example.net
CUST_00562,Mercedes Jones,2024-02-07,Mid-Market,International,Enterprise,Active,robertsgina@example.net
CUST_00563,Preston Kim,2022-05-24,SMB,North,Pro,Active,bshort@example.com
CUST_00564,Daniel Francis,2023-02-03,SMB,North,Basic,Churned,susan24@example.net
CUST_00565,Traci Camacho,2023-11-23,SMB,North,Basic,Active,susan08@example.net
CUST_00566,Andrew Armstrong,2022-08-02,SMB,East,Basic,Active,fmedina@example.com
CUST_00567,Patrick Swanson,2023-01-26,Mid-Market,East,Basic,Active,robertbrewer@example.net
CUST_00568,Clinton Jensen,2023-08-09,SMB,East,Basic,Active,james29@example.org
CUST_00569,Tara Gamble,2024-01-25,SMB,West,Enterprise,Active,enewman@example.com
CUST_00570,Danielle Gonzalez,2022-04-23,Mid-Market,South,Basic,Active,wlynn@example.org
CUST_00571,Cynthia Mitchell,2022-11-18,SMB,North,Pro,Churned,mcculloughlouis@example.com
CUST_00572,Matthew Steele,2021-08-01,SMB,West,Enterprise,Churned,arianadiaz@example.com
CUST_00573,Caroline Edwards,2021-10-19,SMB,International,Pro,Active,jenniferdavidson@example.com
CUST_00574,Brandy Quinn,2023-12-01,Enterprise,International,Enterprise,Active,wford@example.com
CUST_00575,Mr. Matthew Miller,2024-04-04,SMB,West,Pro,Churned,michele28@example.org
CUST_00576,Stephen Jones,2024-03-08,Enterprise,North,Enterprise,Churned,mcclainmelissa@example.net
CUST_00577,Kevin Sullivan,2022-10-08,SMB,South,Basic,Active,rebeccaarnold@example.net
CUST_00578,Kimberly Valdez,2023-07-17,Mid-Market,South,Enterprise,Active,michaelwalker@example.net
CUST_00579,Donna Marshall,2024-04-12,Enterprise,West,Basic,Active,sanderswayne@example.net
CUST_00580,Victor Holden,2021-09-05,Enterprise,South,Pro,Active,katherinetaylor@example.org
CUST_00581,Travis Hopkins,2022-06-27,SMB,South,Basic,Active,jillwebb@example.com
CUST_00582,Philip Hall,2024-05-20,Enterprise,South,Enterprise,Churned,mike03@example.net
CUST_00583,Heather Harrison,2022-05-24,SMB,North,Basic,Active,ckeith@example.net
CUST_00584,Michael Boyd,2021-12-23,Mid-Market,South,Basic,Churned,mary49@example.net
CUST_00585,Jamie Gray,2022-05-27,Mid-Market,West,Pro,Churned,blacknicholas@example.org
CUST_00586,Heather Parrish,2021-05-07,Enterprise,North,Enterprise,Active,msparks@example.org
CUST_00587,Brenda Martin,2023-02-02,SMB,West,Basic,Active,robertsonjuan@example.org
CUST_00588,Jack Love,2021-06-03,SMB,East,Basic,Churned,guerrerorobert@example.com
CUST_00589,Karen Mendoza,2021-09-21,Enterprise,South,Enterprise,Active,brittanyholland@example.com
CUST_00590,Andrew Berry,2023-08-03,SMB,North,Enterprise,Churned,dennishunt@example.net
CUST_00591,Christopher Nielsen,2023-10-14,SMB,West,Pro,Churned,kgreene@example.net
CUST_00592,Nathan Stanley,2022-01-19,SMB,North,Basic,Churned,stacey37@example.net
CUST_00593,Sharon Jackson DVM,2022-05-19,Mid-Market,East,Basic,Active,laurahoover@example.org
CUST_00594,Kayla Jackson,2021-06-29,SMB,East,Enterprise,Churned,sandra99@example.org
CUST_00595,James Rodriguez,2023-12-13,Enterprise,International,Basic,Active,alexandrablankenship@example.net
CUST_00596,Chase Davis,2023-02-23,SMB,North,Pro,Active,mvalenzuela@example.org
CUST_00597,Kim Goodwin,2024-03-04,Mid-Market,East,Pro,Active,olsondavid@example.net
CUST_00598,April Pace,2022-03-25,Mid-Market,South,Basic,Churned,xboyd@example.org
CUST_00599,Jessica Mays,2023-08-25,SMB,West,Basic,Active,yclarke@example.com
CUST_00600,Natalie Juarez,2021-07-25,SMB,International,Enterprise,Churned,colemanjonathan@example.org
CUST_00601,Angela George,2021-04-25,Mid-Market,West,Pro,Active,ascott@example.net
CUST_00602,Adrienne Mills,2023-03-07,SMB,International,Pro,Active,brooksjamie@example.com
CUST_00603,Brian Simmons,2024-04-28,SMB,North,Enterprise,Active,jose86@example.net
CUST_00604,Donald Becker,2022-12-22,SMB,East,Basic,Active,robertbowers@example.com
CUST_00605,Justin Webb,2023-10-06,SMB,North,Pro,Active,becky62@example.net
CUST_00606,David Logan,2024-05-17,Mid-Market,North,Basic,Active,craigromero@example.com
CUST_00607,Lisa Cohen,2022-02-17,SMB,International,Basic,Active,martintamara@example.org
CUST_00608,Samantha Ruiz,2022-10-25,Mid-Market,West,Basic,Churned,qdavis@example.org
CUST_00609,Lee Ramsey,2021-08-16,Enterprise,North,Pro,Active,hmendez@example.com
CUST_00610,Linda Bautista,2023-03-22,SMB,South,Enterprise,Active,daniellegonzales@example.org
CUST_00611,Tara Holmes,2023-06-14,Mid-Market,International,Basic,Active,arthurgreene@example.net
CUST_00612,Lisa Craig,2024-02-25,SMB,North,Pro,Active,john02@example.org
CUST_00613,Penny Gomez MD,2024-04-21,SMB,North,Enterprise,Active,aprilmclaughlin@example.org
CUST_00614,Krista Barber,2021-12-30,Mid-Market,South,Pro,Active,michael43@example.net
CUST_00615,Jordan Powell,2024-03-08,SMB,South,Enterprise,Churned,greenrichard@example.org
CUST_00616,Kathy Morgan,2022-03-29,SMB,International,Enterprise,Active,prattsue@example.net
CUST_00617,Laura Benson,2021-06-09,Enterprise,South,Pro,Active,xhart@example.org
CUST_00618,Tonya Ellis,2021-07-01,SMB,International,Basic,Active,bmosley@example.com
CUST_00619,Austin Schultz,2021-01-24,SMB,South,Pro,Churned,ericahall@example.com
CUST_00620,Harry Nichols,2021-08-10,Mid-Market,South,Basic,Active,john16@example.net
CUST_00621,Gloria Spencer,2021-12-07,Enterprise,South,Pro,Active,thomasgomez@example.net
CUST_00622,Travis Vega,2021-07-27,SMB,East,Basic,Active,victorgonzalez@example.net
CUST_00623,Derek Perez,2022-04-07,SMB,West,Pro,Churned,marykelly@example.org
CUST_00624,Blake Sosa,2022-10-15,Enterprise,South,Enterprise,Active,waustin@example.net
CUST_00625,Sarah Watson,2021-11-26,Enterprise,International,Basic,Active,travis94@example.com
CUST_00626,Phillip Dixon,2024-05-01,SMB,North,Enterprise,Active,kwalker@example.org
CUST_00627,Robert Mendoza,2021-12-04,SMB,South,Pro,Active,shawphillip@example.net
CUST_00628,Joyce Martinez,2022-01-25,Mid-Market,South,Basic,Active,astewart@example.org
CUST_00629,Jamie Garcia,2022-07-31,SMB,East,Enterprise,Churned,chloe42@example.net
CUST_00630,Derrick Mullen,2023-10-03,Enterprise,East,Basic,Active,michael76@example.org
CUST_00631,Paul Diaz,2024-05-14,Mid-Market,South,Pro,Active,lramirez@example.net
CUST_00632,Kenneth Perez,2021-06-17,Enterprise,East,Basic,Active,lelinda@example.net
CUST_00633,James Thomas,2022-06-27,Enterprise,East,Enterprise,Active,thomassmith@example.com
CUST_00634,Dr. Samuel Holmes DDS,2023-01-27,SMB,International,Basic,Churned,jevans@example.net
CUST_00635,Brett Martin,2022-07-05,Enterprise,South,Pro,Active,lisawoods@example.net
CUST_00636,Patrick Green,2022-12-06,Mid-Market,North,Pro,Active,ann45@example.org
CUST_00637,Gregory Frazier,2021-05-05,Mid-Market,North,Enterprise,Active,barbarasantos@example.net
CUST_00638,Richard Kelly,2023-08-31,SMB,East,Pro,Active,champton@example.org
CUST_00639,Dustin Welch,2021-03-13,Mid-Market,South,Basic,Active,mirandadavidson@example.com
CUST_00640,Logan Sullivan,2021-10-29,SMB,West,Enterprise,Churned,millermatthew@example.com
CUST_00641,Eddie Adams,2022-03-10,SMB,International,Basic,Active,cnelson@example.com
CUST_00642,Kelly Cole,2023-06-11,Enterprise,International,Pro,Active,ivanjohnson@example.net
CUST_00643,David Manning,2022-10-17,SMB,East,Basic,Active,clarkrandy@example.org
CUST_00644,Shawn Kelley,2023-03-25,SMB,South,Basic,Active,wisealexandria@example.org
CUST_00645,Luke Miller,2021-01-26,SMB,International,Pro,Active,pparker@example.net
CUST_00646,Mark Anderson,2023-04-29,SMB,South,Pro,Churned,anthonyalvarado@example.com
CUST_00647,Julie Pitts,2021-07-25,SMB,International,Pro,Active,amy28@example.org
CUST_00648,Joyce Curry,2024-01-02,SMB,South,Basic,Active,omills@example.net
CUST_00649,Gregory Fernandez,2024-03-17,SMB,West,Basic,Active,ramosmichael@example.com
CUST_00650,Adam Mills,2024-05-31,Enterprise,North,Basic,Active,mauriceharrison@example.org
CUST_00651,Katherine Campos,2022-05-02,Mid-Market,International,Basic,Churned,albert64@example.net
CUST_00652,Adam Brooks,2022-11-23,SMB,South,Basic,Active,bkhan@example.com
CUST_00653,Miguel Brewer,2021-07-21,Mid-Market,East,Basic,Active,fwalker@example.com
CUST_00654,Kellie Marsh,2022-10-20,Mid-Market,West,Basic,Active,justin84@example.com
CUST_00655,Barry Taylor,2022-03-09,Mid-Market,North,Pro,Active,walshchristine@example.com
CUST_00656,Katherine Flores,2023-02-05,Mid-Market,East,Pro,Active,brandonnichols@example.org
CUST_00657,Diane Martinez,2023-11-04,SMB,South,Basic,Active,oacosta@example.org
CUST_00658,Johnny Peterson,2021-12-22,SMB,East,Pro,Churned,kristi75@example.com
CUST_00659,Amanda Miller,2023-07-24,SMB,North,Enterprise,Churned,brianrowe@example.org
CUST_00660,Catherine Huang,2023-08-09,Mid-Market,South,Basic,Active,lisa01@example.net
CUST_00661,Ray Ramos,2023-02-02,SMB,North,Basic,Active,gonzalezjill@example.org
CUST_00662,Vickie Kennedy,2024-02-04,Mid-Market,East,Enterprise,Active,sharon20@example.net
CUST_00663,Kelly King,2021-07-05,Mid-Market,West,Enterprise,Active,james03@example.org
CUST_00664,Jeffrey Smith,2022-03-15,Mid-Market,East,Basic,Active,brenda63@example.org
CUST_00665,Lauren Vazquez,2023-04-19,SMB,South,Pro,Active,nathandavis@example.org
CUST_00666,Mr. George Booker DDS,2023-08-29,SMB,West,Enterprise,Active,browndeanna@example.net
CUST_00667,Ashley Freeman,2022-06-01,SMB,North,Pro,Active,tina57@example.net
CUST_00668,Michael Howard,2022-07-18,SMB,West,Pro,Active,johnwilliams@example.net
CUST_00669,Edward Terry,2023-08-14,Mid-Market,South,Basic,Active,ashleystephens@example.com
CUST_00670,Denise Guerra,2021-01-16,SMB,East,Pro,Active,caseymoore@example.com
CUST_00671,Kimberly Gibson,2024-05-01,SMB,South,Enterprise,Active,bgross@example.net
CUST_00672,Patty Allen,2022-07-21,Mid-Market,North,Basic,Active,barrettamber@example.com
CUST_00673,Michael Cannon,2022-09-04,SMB,West,Basic,Churned,chloemorris@example.net
CUST_00674,Brent Hopkins,2024-05-13,SMB,North,Basic,Active,conleydavid@example.org
CUST_00675,John Garcia,2023-10-16,Mid-Market,North,Basic,Active,hbarrett@example.net
CUST_00676,Dawn Diaz,2021-03-14,Mid-Market,South,Pro,Active,smithsamantha@example.net
CUST_00677,Steve Miller PhD,2022-04-01,SMB,South,Enterprise,Active,wardjulia@example.com
CUST_00678,Rebecca Brown,2023-01-05,SMB,International,Pro,Active,allison14@example.org
CUST_00679,Toni Davis,2022-01-06,SMB,International,Enterprise,Churned,amandalopez@example.net
CUST_00680,Laura Meza,2024-02-19,SMB,West,Pro,Active,xreese@example.net
CUST_00681,Megan Park,2021-07-02,Mid-Market,South,Pro,Active,kandrade@example.org
CUST_00682,Kathy Sandoval,2022-11-10,Mid-Market,South,Enterprise,Active,umahoney@example.net
CUST_00683,Erika Watson PhD,2021-04-20,SMB,North,Pro,Active,umckenzie@example.net
CUST_00684,Joshua Brooks,2022-02-03,SMB,North,Enterprise,Active,michael77@example.com
CUST_00685,Andrew Mitchell,2021-04-21,SMB,South,Basic,Active,holmesvictoria@example.com
CUST_00686,William Lewis,2024-03-12,Mid-Market,South,Enterprise,Active,andrew48@example.net
CUST_00687,Tammy Moore,2022-01-05,SMB,International,Basic,Active,stevenseric@example.com
CUST_00688,Kevin Hall,2021-04-29,SMB,North,Pro,Churned,christopher69@example.org
CUST_00689,Misty Mcguire,2021-11-21,Mid-Market,North,Enterprise,Active,tracynolan@example.net
CUST_00690,Susan Larson,2023-05-30,SMB,East,Basic,Active,benjamin96@example.org
CUST_00691,Tammy Cook,2022-02-13,SMB,North,Basic,Active,hbutler@example.org
CUST_00692,Sarah Mcfarland,2023-12-24,SMB,West,Enterprise,Churned,hbrown@example.org
CUST_00693,Karl Murphy,2022-12-07,SMB,North,Pro,Active,ericnunez@example.com
CUST_00694,Nicole Johnston,2021-05-14,Enterprise,South,Pro,Active,walkerkeith@example.com
CUST_00695,George Alvarez,2024-05-06,Mid-Market,West,Basic,Active,kelleyjose@example.com
CUST_00696,Patricia Anderson,2023-10-01,Mid-Market,North,Pro,Active,timothygonzalez@example.com
CUST_00697,Christina Gilbert,2023-04-07,Mid-Market,International,Enterprise,Churned,johnadams@example.com
CUST_00698,Thomas Davis,2021-02-14,Mid-Market,North,Enterprise,Active,whenderson@example.org
CUST_00699,Kirk Johnson,2021-03-18,Mid-Market,West,Basic,Active,gary59@example.com
CUST_00700,Jessica Glass,2024-05-01,SMB,East,Enterprise,Active,jamesbrooks@example.net
CUST_00701,Ashley Brown,2021-08-26,SMB,North,Pro,Active,mistywilkins@example.org
CUST_00702,Robert Torres,2021-11-10,Mid-Market,East,Pro,Active,njohnson@example.net
CUST_00703,Christina Mills,2021-07-26,SMB,South,Basic,Active,ana92@example.net
CUST_00704,Alicia Aguilar,2021-08-03,Mid-Market,North,Pro,Active,scottbrian@example.org
CUST_00705,Lisa Brown,2023-10-17,SMB,West,Basic,Churned,jonesdonna@example.net
CUST_00706,Mary Lin,2022-02-18,Mid-Market,East,Basic,Active,carternicole@example.com
CUST_00707,James Bray,2022-03-02,Mid-Market,East,Basic,Active,mckeetodd@example.net
CUST_00708,Charlotte Mason,2021-07-02,SMB,North,Basic,Active,tcastro@example.org
CUST_00709,Thomas Torres,2021-07-04,SMB,North,Pro,Active,klong@example.org
CUST_00710,Harold Garrett,2022-04-19,Enterprise,International,Pro,Active,wendyirwin@example.com
CUST_00711,Lori Johns,2021-12-24,SMB,North,Basic,Active,raymondstacy@example.org
CUST_00712,Steven Sandoval,2023-05-23,SMB,West,Basic,Active,blairabigail@example.net
CUST_00713,Lori Perez,2021-10-11,Enterprise,North,Enterprise,Active,ashleysimmons@example.com
CUST_00714,Erin Daniels,2022-07-04,Mid-Market,South,Basic,Active,denisecarpenter@example.net
CUST_00715,Shari Parker,2023-04-01,Enterprise,North,Enterprise,Active,russellstout@example.org
CUST_00716,Krystal Moore,2023-09-07,SMB,West,Enterprise,Active,grantstacy@example.org
CUST_00717,Ryan Thomas,2021-05-01,SMB,North,Enterprise,Active,cannonnicole@example.com
CUST_00718,Elizabeth Reese,2023-09-16,SMB,International,Basic,Active,edwin31@example.org
CUST_00719,Phillip Salazar,2023-01-05,SMB,South,Basic,Active,catherine93@example.net
CUST_00720,Michael Howard,2021-09-25,SMB,West,Enterprise,Active,manderson@example.com
CUST_00721,Jacqueline Christian,2021-05-10,SMB,South,Enterprise,Churned,kwells@example.org
CUST_00722,Jason Novak,2024-03-26,Mid-Market,West,Pro,Active,stephanie33@example.org
CUST_00723,Timothy Duke,2023-11-30,Mid-Market,International,Enterprise,Active,dwatts@example.org
CUST_00724,Ricardo Franklin,2022-05-25,SMB,West,Basic,Active,zcortez@example.net
CUST_00725,Laura Herrera,2024-02-18,SMB,North,Pro,Active,meyershannon@example.org
CUST_00726,Danielle Medina,2023-11-02,SMB,International,Basic,Active,grantzachary@example.net
CUST_00727,Cheryl Gonzales,2023-10-04,SMB,North,Enterprise,Active,kim47@example.org
CUST_00728,Louis Brown,2024-02-02,Mid-Market,East,Basic,Active,stevenlucas@example.org
CUST_00729,Ashley Osborne,2024-03-19,Mid-Market,East,Basic,Active,phillipmorris@example.org
CUST_00730,Kevin Marquez,2023-10-16,SMB,North,Pro,Active,nicoledavis@example.com
CUST_00731,Susan Hogan,2024-01-30,Enterprise,North,Pro,Churned,davisjasmin@example.net
CUST_00732,Joseph Cruz,2022-09-16,Enterprise,East,Pro,Active,nicholasjames@example.org
CUST_00733,Krystal Keller,2022-11-30,SMB,East,Pro,Active,fernandothomas@example.net
CUST_00734,Eric Cross,2024-02-22,Enterprise,East,Basic,Active,lroberts@example.org
CUST_00735,Toni Smith,2023-07-16,SMB,South,Pro,Churned,alexander77@example.net
CUST_00736,Lisa Snyder,2022-08-21,SMB,South,Basic,Active,briannaalvarez@example.com
CUST_00737,Kyle Smith,2023-10-06,Mid-Market,International,Basic,Churned,christine83@example.org
CUST_00738,Anthony Bailey,2022-02-06,SMB,North,Pro,Churned,melissaestrada@example.net
CUST_00739,Thomas Williams,2022-01-26,SMB,East,Basic,Active,kchaney@example.net
CUST_00740,Matthew Graves,2024-04-20,Enterprise,International,Pro,Active,tammycurry@example.com
CUST_00741,Anna Evans,2023-10-30,SMB,East,Pro,Churned,priscilla16@example.net
CUST_00742,John Martinez,2023-06-06,SMB,North,Pro,Active,mark68@example.org
CUST_00743,Lisa Rodriguez,2021-12-29,SMB,International,Pro,Active,webbhaley@example.net
CUST_00744,Lee Stewart,2024-05-14,Mid-Market,North,Enterprise,Active,sara99@example.com
CUST_00745,Lynn Vasquez,2024-06-01,Mid-Market,South,Enterprise,Active,nicolehall@example.com
CUST_00746,April Johnson,2022-08-26,SMB,International,Basic,Active,mclaughlinjared@example.net
CUST_00747,Mrs. Felicia Castro DDS,2023-11-16,Enterprise,West,Pro,Active,davidsonhannah@example.com
CUST_00748,Elizabeth Hunter,2024-02-08,SMB,West,Enterprise,Active,katie15@example.com
CUST_00749,Keith Choi,2022-12-09,Mid-Market,South,Pro,Active,jamesbass@example.net
CUST_00750,John Johnson,2021-12-31,Enterprise,International,Pro,Active,timothyburton@example.net
CUST_00751,Julia Olsen,2022-12-23,SMB,North,Basic,Active,conleykevin@example.net
CUST_00752,Kristen Smith,2023-12-30,SMB,West,Enterprise,Churned,lauren51@example.org
CUST_00753,Andre Terrell,2021-02-21,SMB,East,Enterprise,Active,ashleyprice@example.net
CUST_00754,Richard Parker,2021-11-26,Enterprise,South,Basic,Active,jennifer46@example.org
CUST_00755,David Hayes DVM,2022-08-28,SMB,North,Basic,Churned,aliciathompson@example.com
CUST_00756,Paula Gentry,2024-02-25,SMB,East,Basic,Active,zhunter@example.com
CUST_00757,Brittany Peterson,2022-08-13,SMB,North,Pro,Active,hoconnor@example.com
CUST_00758,Briana Wiggins,2022-10-03,Enterprise,South,Basic,Active,jamiejohnson@example.com
CUST_00759,Kelly Smith,2023-06-27,Enterprise,North,Pro,Active,mcdanielbrooke@example.org
CUST_00760,Stephen Garcia,2024-04-20,SMB,East,Pro,Active,andrew43@example.com
CUST_00761,Dustin Patel,2022-08-26,SMB,International,Enterprise,Active,rlambert@example.org
CUST_00762,Brian Mullen,2023-11-19,SMB,International,Basic,Churned,clarkmichael@example.com
CUST_00763,Tony Brock,2021-11-26,Enterprise,South,Basic,Active,georgecollins@example.com
CUST_00764,Amber Johnson,2021-11-14,Mid-Market,West,Basic,Churned,rodriguezbrian@example.com
CUST_00765,Michael Vance,2022-09-09,SMB,West,Pro,Active,tjensen@example.com
CUST_00766,Michelle Lambert,2022-10-13,SMB,West,Basic,Active,beltrankatelyn@example.com
CUST_00767,Anna Lang,2021-11-23,SMB,West,Pro,Active,tdavis@example.net
CUST_00768,Pamela Ruiz,2022-03-13,SMB,North,Basic,Active,douglashuang@example.com
CUST_00769,Jenna Lyons,2023-12-23,Mid-Market,International,Basic,Active,kristina57@example.com
CUST_00770,John Bell,2021-08-23,SMB,East,Enterprise,Active,ssingleton@example.com
CUST_00771,Bethany Garcia,2022-05-15,Mid-Market,East,Enterprise,Active,nguyendebra@example.com
CUST_00772,Jennifer Gutierrez,2021-08-21,SMB,International,Basic,Active,amydickson@example.com
CUST_00773,Daniel Benson,2023-02-07,SMB,International,Basic,Active,bmueller@example.net
CUST_00774,Kimberly Young,2022-01-30,SMB,South,Pro,Active,stevensonjennifer@example.com
CUST_00775,Kyle Nguyen,2024-01-07,Enterprise,International,Basic,Active,shortgregory@example.com
CUST_00776,Brian Cervantes,2022-03-13,SMB,East,Basic,Active,pmurphy@example.net
CUST_00777,Daniel Taylor,2023-06-11,Mid-Market,East,Basic,Active,shermandonna@example.com
CUST_00778,Jean Lane,2023-07-30,SMB,North,Pro,Active,jamierich@example.com
CUST_00779,Susan Torres,2022-05-31,Enterprise,North,Basic,Active,wrobbins@example.org
CUST_00780,Lisa Dixon,2023-03-06,SMB,South,Basic,Active,melissabrown@example.net
CUST_00781,April Castro,2021-08-31,Mid-Market,South,Basic,Active,daniel40@example.org
CUST_00782,Kevin Garrett,2024-04-14,SMB,West,Pro,Churned,bsullivan@example.net
CUST_00783,Christopher Taylor,2022-08-17,SMB,East,Basic,Active,xbridges@example.com
CUST_00784,Zachary Santiago,2023-06-16,Mid-Market,West,Basic,Active,alexanderwong@example.org
CUST_00785,Katelyn Kim,2022-03-27,SMB,North,Basic,Churned,christophermay@example.com
CUST_00786,Stephanie Dominguez,2021-10-23,Mid-Market,East,Enterprise,Active,dhanson@example.net
CUST_00787,Robert Cruz,2023-02-04,SMB,International,Enterprise,Active,jacobjacobs@example.net
CUST_00788,Dr. Michael Adams DVM,2021-03-27,Enterprise,North,Enterprise,Churned,arthur09@example.com
CUST_00789,Ashley Olson,2022-09-17,SMB,International,Pro,Churned,thomasjessica@example.com
CUST_00790,Blake Wu,2023-11-16,SMB,North,Pro,Churned,sanchezcrystal@example.net
CUST_00791,Angela Schultz,2021-08-23,Mid-Market,South,Pro,Active,chloe58@example.org
CUST_00792,Jose Harrison,2024-01-30,SMB,International,Enterprise,Active,robert44@example.org
CUST_00793,Thomas Curry,2021-07-21,SMB,North,Basic,Churned,bryan79@example.org
CUST_00794,Mary Carter,2022-04-26,SMB,South,Enterprise,Churned,mitchellchristopher@example.net
CUST_00795,Richard King,2023-07-12,SMB,South,Enterprise,Active,joshua40@example.net
CUST_00796,Christopher Vargas,2024-03-06,SMB,North,Pro,Active,donnawood@example.org
CUST_00797,Michael Washington,2022-05-20,Mid-Market,North,Pro,Active,cooperchristopher@example.org
CUST_00798,Samantha Monroe,2023-01-07,SMB,South,Pro,Churned,ptownsend@example.net
CUST_00799,Mark Clark,2023-01-05,SMB,East,Enterprise,Active,brian41@example.org
CUST_00800,James Turner,2021-06-17,SMB,East,Basic,Active,noahthornton@example.com
CUST_00801,Joseph Graham,2022-06-24,SMB,East,Basic,Active,sara76@example.net
CUST_00802,Joseph Blanchard,2023-11-05,SMB,International,Pro,Active,hardindana@example.com
CUST_00803,Marissa Nelson,2022-03-12,SMB,West,Pro,Active,joseph14@example.net
CUST_00804,Julia Leonard,2023-08-25,SMB,International,Pro,Active,jessicachapman@example.org
CUST_00805,Megan Kaiser,2024-04-22,Enterprise,International,Basic,Active,amy01@example.org
CUST_00806,Joseph Jennings,2023-03-24,Mid-Market,East,Pro,Active,jeffrey44@example.org
CUST_00807,Manuel Brown,2021-12-06,Enterprise,International,Basic,Active,stephanielittle@example.net
CUST_00808,Angelica Jacobs,2024-03-04,Enterprise,East,Basic,Active,pdouglas@example.net
CUST_00809,Cathy Rodriguez,2023-01-05,SMB,East,Pro,Churned,jonowens@example.org
CUST_00810,Tammy Hill,2022-04-25,SMB,South,Basic,Churned,qschwartz@example.com
CUST_00811,Richard Ramirez,2023-08-20,Mid-Market,South,Enterprise,Active,reyesmarvin@example.org
CUST_00812,Robert Thompson,2021-07-31,SMB,East,Basic,Active,vasquezsarah@example.net
CUST_00813,Matthew Rodriguez,2022-06-24,SMB,West,Enterprise,Active,probinson@example.org
CUST_00814,Michelle Garcia,2024-04-18,SMB,South,Basic,Active,jonesjessica@example.com
CUST_00815,Jonathan Delgado,2022-04-02,SMB,South,Pro,Active,fitzpatrickelizabeth@example.com
CUST_00816,Gary Myers,2023-09-15,Mid-Market,East,Enterprise,Active,robertsonshelby@example.com
CUST_00817,Jared Luna,2022-04-17,Enterprise,South,Enterprise,Churned,fernandezaaron@example.net
CUST_00818,Karen Bradley,2023-01-12,SMB,North,Basic,Active,mathew46@example.org
CUST_00819,Tina Davis,2022-11-08,SMB,South,Pro,Active,christopher74@example.net
CUST_00820,Julian Ponce,2021-11-27,SMB,North,Pro,Active,kentprice@example.org
CUST_00821,Heather Miller,2024-04-28,Mid-Market,North,Basic,Churned,imoss@example.org
CUST_00822,Nathan Watkins,2021-04-25,SMB,East,Basic,Churned,yprice@example.net
CUST_00823,Kathryn Hanna,2024-02-29,SMB,South,Pro,Active,blevy@example.org
CUST_00824,George Le,2021-06-25,SMB,West,Pro,Churned,zwilson@example.net
CUST_00825,Judy Gregory,2022-03-26,SMB,East,Pro,Active,joycehall@example.org
CUST_00826,Charles Valdez,2022-01-08,SMB,West,Enterprise,Active,nmeadows@example.org
CUST_00827,Matthew Smith,2023-07-18,SMB,West,Basic,Active,conwaylori@example.org
CUST_00828,Christopher Garza,2021-02-03,Enterprise,North,Basic,Active,wilsonbrooke@example.net
CUST_00829,Robert Simmons,2021-11-03,SMB,South,Pro,Active,rnguyen@example.net
CUST_00830,Erica Oconnell,2023-12-25,Mid-Market,East,Enterprise,Active,kathrynwatkins@example.com
CUST_00831,Donald Todd,2024-05-20,Enterprise,North,Pro,Active,heathertran@example.com
CUST_00832,Kevin Anderson,2023-06-03,Enterprise,West,Enterprise,Active,bstrickland@example.com
CUST_00833,Adam Howe,2022-04-15,Mid-Market,East,Basic,Active,robert72@example.org
CUST_00834,Devin Cole,2024-03-25,SMB,South,Enterprise,Churned,sharonbishop@example.org
CUST_00835,Michelle Salazar,2021-06-21,Enterprise,North,Pro,Active,burtonkimberly@example.com
CUST_00836,Justin Lee,2021-01-15,SMB,North,Pro,Active,montgomerymichelle@example.net
CUST_00837,Julie Sims,2022-10-09,Enterprise,West,Basic,Active,joshualee@example.org
CUST_00838,Tracy Wells,2022-06-20,Enterprise,East,Pro,Active,ernestlivingston@example.org
CUST_00839,Dominique Hamilton,2023-03-25,Mid-Market,South,Basic,Active,christina70@example.org
CUST_00840,Tammy Thompson,2023-01-29,Mid-Market,East,Enterprise,Active,washingtondarren@example.org
CUST_00841,Leslie Nguyen,2023-03-27,SMB,East,Enterprise,Active,julievillanueva@example.org
CUST_00842,Erika Garcia,2023-07-04,SMB,West,Pro,Active,ykane@example.org
CUST_00843,Kevin Brown,2022-11-25,SMB,East,Basic,Active,nthomas@example.com
CUST_00844,James Ellis,2023-03-08,SMB,North,Pro,Active,crystalcantrell@example.org
CUST_00845,Andrew Carroll,2024-05-14,Enterprise,North,Basic,Active,derek77@example.com
CUST_00846,Greg Tanner,2021-03-19,Enterprise,North,Basic,Active,kristinelittle@example.net
CUST_00847,Laura Tran,2022-08-10,SMB,West,Pro,Active,christophervincent@example.com
CUST_00848,Cindy Wells,2023-10-10,SMB,West,Enterprise,Active,uramirez@example.com
CUST_00849,Danielle Murphy,2022-08-09,Mid-Market,West,Pro,Active,patriciavargas@example.org
CUST_00850,Stephanie Butler,2021-12-14,SMB,West,Pro,Active,williamsthomas@example.net
CUST_00851,Joseph Mendoza,2021-06-27,Mid-Market,International,Pro,Active,chavezjohn@example.net
CUST_00852,Melissa Russell,2024-04-15,SMB,South,Basic,Churned,davidphillips@example.net
CUST_00853,Mrs. Maureen Martin DDS,2024-01-31,Enterprise,International,Pro,Active,braysteven@example.org
CUST_00854,Jennifer Clarke,2022-07-21,SMB,South,Enterprise,Churned,courtney01@example.com
CUST_00855,Faith Johnson,2021-01-10,SMB,South,Pro,Churned,smullins@example.net
CUST_00856,Rebecca French,2022-08-26,Mid-Market,North,Basic,Active,olivermatthew@example.org
CUST_00857,Susan Cox,2024-01-07,Enterprise,South,Pro,Active,rodriguezmichael@example.net
CUST_00858,Jacob Wong,2024-02-28,SMB,International,Pro,Active,castrokim@example.org
CUST_00859,Mrs. Ashley Mendoza,2023-08-02,Mid-Market,West,Basic,Active,karenhodges@example.com
CUST_00860,Derek Frazier,2023-02-23,SMB,South,Pro,Active,brian55@example.com
CUST_00861,Mr. Bryan Mckinney,2022-10-09,SMB,North,Pro,Active,shannon51@example.org
CUST_00862,Judith Miller,2022-06-24,Mid-Market,West,Pro,Active,keithfrye@example.org
CUST_00863,Brian Hernandez,2021-06-05,Enterprise,West,Pro,Active,nancymeyer@example.net
CUST_00864,Jason Fleming,2024-03-20,Mid-Market,North,Basic,Active,thomasfisher@example.net
CUST_00865,Dorothy Brown,2023-10-19,SMB,International,Pro,Active,marystone@example.com
CUST_00866,Grant Lucas,2022-04-15,Mid-Market,South,Basic,Active,todd88@example.com
CUST_00867,Keith Villanueva,2021-08-07,Mid-Market,North,Pro,Churned,george43@example.com
CUST_00868,Dwayne Bruce,2021-01-14,Enterprise,East,Enterprise,Active,michaelbryant@example.org
CUST_00869,Caitlyn Nichols,2022-10-08,SMB,East,Basic,Active,teresafranco@example.net
CUST_00870,Rebecca Martin,2023-10-03,SMB,International,Enterprise,Churned,williamsleslie@example.org
CUST_00871,Jacob Harris,2024-03-27,SMB,South,Pro,Churned,wadetiffany@example.org
CUST_00872,Joshua Martin,2021-03-08,SMB,International,Pro,Active,david06@example.com
CUST_00873,Theresa Reilly,2021-09-04,Mid-Market,North,Pro,Active,adamrodgers@example.net
CUST_00874,Michael Wells,2022-03-08,SMB,North,Pro,Active,tara92@example.net
CUST_00875,Tammy Morgan,2022-01-19,Enterprise,International,Basic,Active,dennisrachel@example.org
CUST_00876,Audrey Johnson,2023-01-20,Mid-Market,East,Pro,Active,seandavis@example.org
CUST_00877,Christie Fox,2023-01-18,Mid-Market,West,Pro,Active,james18@example.com
CUST_00878,Tina Daugherty,2024-03-25,Mid-Market,North,Basic,Active,ulee@example.net
CUST_00879,Terri Kerr,2024-02-12,SMB,West,Pro,Active,raymond65@example.com
CUST_00880,Dustin Bell,2021-11-03,Mid-Market,International,Basic,Active,fsawyer@example.org
CUST_00881,Jill Riddle,2023-11-25,Enterprise,North,Pro,Active,zroberts@example.net
CUST_00882,Jessica Mosley,2024-03-08,Mid-Market,South,Pro,Churned,maryharper@example.org
CUST_00883,John Dillon,2022-06-05,Enterprise,North,Basic,Active,carl96@example.org
CUST_00884,Mark Nelson,2023-01-10,SMB,South,Pro,Active,angelapage@example.org
CUST_00885,Ronnie Roberts,2023-04-24,SMB,South,Enterprise,Churned,twilliams@example.net
CUST_00886,Justin Ford,2024-03-25,SMB,North,Enterprise,Active,moodyeric@example.com
CUST_00887,Sandra Kennedy,2022-10-28,SMB,South,Enterprise,Active,robert73@example.org
CUST_00888,Donald Gamble,2023-02-20,SMB,International,Pro,Active,georgemichael@example.com
CUST_00889,Sheena Burton,2022-11-22,SMB,International,Enterprise,Active,hmccann@example.com
CUST_00890,Laura Bruce,2021-06-12,SMB,International,Pro,Churned,bonniethomas@example.com
CUST_00891,Brandy Martin,2022-07-02,Mid-Market,South,Basic,Active,michael50@example.com
CUST_00892,Mark Jones,2023-01-14,Mid-Market,West,Enterprise,Active,katiewhite@example.org
CUST_00893,Carol Morris,2021-02-17,SMB,North,Pro,Churned,margaret44@example.net
CUST_00894,Heidi Ferguson,2021-06-13,Mid-Market,West,Basic,Active,madeline02@example.net
CUST_00895,Richard Jenkins,2023-08-28,Mid-Market,International,Basic,Active,curtismoore@example.org
CUST_00896,Rebecca Hansen,2021-06-20,Enterprise,West,Basic,Active,butlersabrina@example.org
CUST_00897,Tammy Mendoza,2023-03-10,SMB,International,Basic,Active,hannah27@example.net
CUST_00898,Tracy Jackson,2021-09-26,Mid-Market,East,Basic,Active,anthony13@example.org
CUST_00899,Brenda Perez,2022-10-29,Mid-Market,South,Basic,Active,jasonzavala@example.com
CUST_00900,Rachel Jones,2024-01-29,SMB,International,Enterprise,Active,ctodd@example.org
CUST_00901,Ricky Palmer,2024-05-08,SMB,North,Pro,Active,harrisonrebekah@example.org
CUST_00902,Michael Webster,2023-12-30,SMB,South,Enterprise,Active,morajamie@example.org
CUST_00903,Gregory Davis,2023-06-24,Mid-Market,West,Pro,Active,stacy55@example.org
CUST_00904,Phyllis Austin,2023-12-08,Mid-Market,North,Basic,Active,garciabelinda@example.org
CUST_00905,Michelle Brandt,2021-01-18,SMB,East,Basic,Active,rachelmedina@example.net
CUST_00906,Daniel Gordon,2023-06-01,SMB,South,Enterprise,Active,lrichardson@example.org
CUST_00907,Tyler White,2022-01-22,SMB,East,Enterprise,Active,tina63@example.net
CUST_00908,Brian Rollins,2023-03-10,SMB,North,Basic,Active,owensapril@example.com
CUST_00909,Michele Hawkins,2023-11-25,Mid-Market,East,Basic,Active,millertristan@example.com
CUST_00910,Kyle Collins,2022-08-07,SMB,West,Enterprise,Active,aperez@example.com
CUST_00911,Mrs. Shannon Jacobson,2021-05-21,SMB,North,Basic,Churned,xcrosby@example.org
CUST_00912,Michael Powers,2022-07-12,Mid-Market,East,Pro,Active,qkim@example.net
CUST_00913,Charles Morales,2024-01-01,SMB,North,Basic,Churned,figueroapatricia@example.org
CUST_00914,William Morgan,2023-06-17,SMB,North,Basic,Active,bmartinez@example.net
CUST_00915,Dr. Ralph Wheeler DDS,2022-12-02,Mid-Market,East,Basic,Active,qkelly@example.net
CUST_00916,Victoria Dixon,2021-03-06,SMB,South,Pro,Active,katrinarodriguez@example.com
CUST_00917,David Dunlap Jr.,2023-03-15,SMB,North,Enterprise,Churned,greertyrone@example.org
CUST_00918,Janet Shelton,2023-02-21,SMB,West,Basic,Active,kevinhanson@example.org
CUST_00919,Kelly Vasquez,2023-06-27,Enterprise,North,Enterprise,Active,qharris@example.com
CUST_00920,Dennis Cooper PhD,2021-07-12,SMB,West,Basic,Active,cisnerosanthony@example.com
CUST_00921,Barbara Cole,2022-10-02,SMB,West,Pro,Active,cramos@example.org
CUST_00922,Matthew Chan,2024-01-31,Mid-Market,West,Pro,Active,travistaylor@example.net
CUST_00923,Phillip Carroll,2021-04-17,Mid-Market,North,Pro,Active,rkeller@example.net
CUST_00924,Karen Dickerson,2022-10-27,Mid-Market,East,Basic,Churned,myerstroy@example.com
CUST_00925,Heather Levine,2022-05-13,SMB,South,Pro,Churned,bryan90@example.org
CUST_00926,Hannah Harmon,2024-05-06,Enterprise,East,Enterprise,Active,hubbardcolleen@example.com
CUST_00927,Gregory Howard,2022-11-25,SMB,East,Basic,Active,brian33@example.org
CUST_00928,Leslie Lozano,2021-11-12,SMB,North,Pro,Active,meltondanny@example.org
CUST_00929,Gabriel Murray,2024-02-18,SMB,North,Basic,Active,abradley@example.com
CUST_00930,John Johnson,2022-01-31,SMB,South,Enterprise,Churned,nicholas65@example.net
CUST_00931,John Vazquez,2021-03-22,Mid-Market,South,Pro,Active,matthewshaw@example.net
CUST_00932,Lucas Cox,2022-01-24,Mid-Market,West,Basic,Active,oharris@example.org
CUST_00933,Kimberly Mitchell,2024-05-11,SMB,East,Basic,Active,evansashley@example.org
CUST_00934,Tina Robbins,2022-08-29,SMB,North,Basic,Active,vargasjoshua@example.net
CUST_00935,Karen Clark,2023-11-03,SMB,West,Pro,Active,pearsonkevin@example.com
CUST_00936,Joshua Gonzalez,2022-05-05,Mid-Market,International,Basic,Active,gking@example.com
CUST_00937,Kimberly Ibarra,2022-01-24,Enterprise,West,Enterprise,Active,barbaralewis@example.net
CUST_00938,Debra Little,2022-10-23,SMB,East,Pro,Active,umichael@example.net
CUST_00939,Curtis Ford,2021-03-31,Mid-Market,West,Basic,Active,edwardjennings@example.com
CUST_00940,Jennifer Dalton,2023-09-22,Enterprise,North,Enterprise,Active,waltersmeghan@example.com
CUST_00941,Maria Scott,2023-10-01,Enterprise,South,Pro,Active,richardwilson@example.org
CUST_00942,Robert Collins,2024-05-25,SMB,South,Basic,Active,bcastro@example.com
CUST_00943,Amanda Moore,2021-06-13,Enterprise,West,Enterprise,Active,anthonyclarke@example.com
CUST_00944,Casey Phelps,2023-05-02,SMB,West,Basic,Active,dcasey@example.org
CUST_00945,Edward Brown,2023-12-20,SMB,East,Basic,Churned,qmosley@example.net
CUST_00946,Jennifer Larsen,2023-11-30,Enterprise,International,Basic,Active,joelduncan@example.net
CUST_00947,Kelly Calderon,2023-12-14,SMB,North,Pro,Active,tyler13@example.net
CUST_00948,Robert Murphy,2024-02-18,SMB,East,Enterprise,Active,vshaffer@example.org
CUST_00949,Claudia Rodriguez,2023-07-29,Enterprise,South,Pro,Active,taragonzales@example.com
CUST_00950,Amy Ferguson,2024-02-01,Mid-Market,West,Basic,Active,stewartrodney@example.net
CUST_00951,Donald Mueller,2023-06-27,Mid-Market,International,Basic,Active,michaelbaldwin@example.com
CUST_00952,Walter Obrien,2023-02-01,SMB,International,Pro,Active,vazquezkristina@example.org
CUST_00953,James Fowler,2022-05-08,SMB,South,Enterprise,Active,rebecca18@example.org
CUST_00954,Jasmine Browning,2022-06-05,Mid-Market,International,Enterprise,Active,qpennington@example.com
CUST_00955,Rodney Young,2021-03-12,SMB,North,Enterprise,Active,michelemartin@example.com
CUST_00956,Sherry Wang,2022-09-11,SMB,International,Pro,Churned,rmccormick@example.org
CUST_00957,Teresa Ruiz,2022-07-20,SMB,South,Basic,Active,vhouse@example.net
CUST_00958,Thomas Garcia,2021-07-13,SMB,East,Pro,Churned,hollyhunter@example.com
CUST_00959,Nicholas Kelley,2024-04-07,Mid-Market,South,Basic,Active,shawn00@example.net
CUST_00960,Lorraine Gibbs,2024-03-11,Mid-Market,East,Basic,Active,aarongonzalez@example.com
CUST_00961,Bradley Moore,2021-12-21,SMB,West,Pro,Active,melaniejennings@example.com
CUST_00962,Shane Anderson,2021-07-15,SMB,West,Pro,Active,graceserrano@example.com
CUST_00963,Jason White,2021-06-10,Mid-Market,East,Pro,Active,kduffy@example.org
CUST_00964,Alexander Hansen,2023-06-09,SMB,International,Basic,Active,rebeccamccann@example.org
CUST_00965,Samuel Williams,2024-05-18,SMB,North,Enterprise,Active,jburke@example.org
CUST_00966,Carolyn Bradley,2023-12-10,SMB,North,Pro,Churned,higginsryan@example.com
CUST_00967,Kathleen Walker,2022-03-29,SMB,East,Basic,Churned,jamesatkins@example.com
CUST_00968,Johnny Anderson,2024-05-03,SMB,International,Enterprise,Active,carolcarney@example.com
CUST_00969,Chelsey White,2021-10-31,Enterprise,West,Pro,Active,anthonycherry@example.org
CUST_00970,Susan Wood,2023-03-29,Enterprise,North,Pro,Active,emiller@example.org
CUST_00971,Valerie Sanders,2021-10-04,Mid-Market,West,Pro,Active,jennifererickson@example.net
CUST_00972,Angel Hawkins,2024-02-24,Mid-Market,East,Basic,Active,cookjimmy@example.com
CUST_00973,Teresa Coffey DDS,2023-05-31,SMB,North,Basic,Active,smithwilliam@example.com
CUST_00974,James Wood,2023-05-18,SMB,West,Basic,Active,carpenterjorge@example.net
CUST_00975,Gerald Mcdonald Jr.,2022-09-17,Mid-Market,West,Basic,Churned,hthomas@example.com
CUST_00976,Carl Savage,2021-10-26,Mid-Market,West,Enterprise,Active,julie64@example.com
CUST_00977,Pam Baker,2021-11-16,SMB,West,Basic,Active,ryan25@example.net
CUST_00978,Pamela Hernandez DVM,2021-10-30,SMB,North,Basic,Active,jbrown@example.org
CUST_00979,Andrew Green,2021-08-16,SMB,West,Basic,Active,fgraham@example.org
CUST_00980,William Hoffman,2022-03-10,SMB,West,Basic,Churned,uvasquez@example.org
CUST_00981,Brandon Oneill,2021-10-17,SMB,East,Basic,Active,marybrady@example.com
CUST_00982,Mary Lewis,2023-12-15,SMB,International,Basic,Churned,foxashley@example.com
CUST_00983,Danielle Jimenez,2022-07-10,Mid-Market,West,Basic,Churned,clayanthony@example.net
CUST_00984,Mrs. Jacqueline Hickman,2022-07-10,SMB,South,Basic,Active,hooderic@example.org
CUST_00985,Michael Castillo,2022-08-23,SMB,North,Basic,Active,brooke05@example.org
CUST_00986,Tiffany Nguyen,2021-07-23,SMB,South,Basic,Active,jasonwilliams@example.net
CUST_00987,Robert Manning,2022-02-12,SMB,North,Pro,Active,qdavis@example.org
CUST_00988,Randy Ross,2022-05-22,SMB,North,Enterprise,Active,phelpsfrank@example.com
CUST_00989,Paul Valdez,2021-02-07,Mid-Market,West,Pro,Active,evanslaurie@example.net
CUST_00990,Emily Cohen,2023-10-24,Mid-Market,North,Pro,Active,michaeldavis@example.com
CUST_00991,Katherine Mcclure,2021-03-02,Enterprise,South,Basic,Active,madams@example.com
CUST_00992,Jay Richardson,2023-03-16,SMB,South,Basic,Active,ryansimmons@example.org
CUST_00993,Valerie Rhodes,2022-04-11,Enterprise,International,Basic,Active,sarahrose@example.net
CUST_00994,Donna Kim,2024-05-24,SMB,South,Pro,Active,ievans@example.net
CUST_00995,Sarah Mills,2024-01-14,SMB,North,Basic,Active,ashley81@example.org
CUST_00996,Kayla Gutierrez,2023-12-09,Mid-Market,West,Basic,Active,kguerrero@example.com
CUST_00997,Kevin Mack,2024-03-02,Mid-Market,West,Enterprise,Active,wilsondorothy@example.org
CUST_00998,Sarah Williams,2021-08-31,Mid-Market,International,Pro,Active,tmcdowell@example.com
CUST_00999,Jordan Santiago,2022-10-15,SMB,North,Basic,Active,matthew23@example.org
CUST_01000,William Green,2022-07-15,Mid-Market,South,Pro,Churned,hamiltonandrew@example.com
CUST_01001,Christopher Woods,2022-07-01,Mid-Market,North,Basic,Active,vmelton@example.net
CUST_01002,Elizabeth Li,2021-02-23,SMB,North,Pro,Active,hannah64@example.org
CUST_01003,Adrian Rodriguez,2024-05-23,SMB,East,Pro,Active,hortonjacob@example.org
CUST_01004,Matthew Santos,2023-08-29,SMB,South,Basic,Churned,ywilkinson@example.net
CUST_01005,Eric Ford,2021-01-31,Mid-Market,West,Basic,Active,hhenderson@example.org
CUST_01006,Nancy Wallace,2022-02-20,SMB,West,Basic,Active,cruiz@example.net
CUST_01007,Edward Gallegos,2023-10-01,Enterprise,International,Enterprise,Active,awilliams@example.org
CUST_01008,Michelle Petty,2021-03-27,SMB,South,Enterprise,Active,mmclaughlin@example.net
CUST_01009,Donna Freeman,2024-03-17,SMB,South,Pro,Active,upalmer@example.net
CUST_01010,Susan Dillon,2023-12-03,SMB,West,Enterprise,Churned,jenniferrice@example.com
CUST_01011,Kristen Adams,2022-05-19,SMB,International,Enterprise,Active,hsmall@example.com
CUST_01012,Maria West,2023-11-24,Mid-Market,East,Pro,Active,ssmith@example.net
CUST_01013,Gregg Hall,2022-09-16,SMB,South,Basic,Active,brianacohen@example.net
CUST_01014,Michelle Mcdonald,2021-04-22,Mid-Market,South,Basic,Active,jennifer66@example.net
CUST_01015,Heather Kennedy,2021-07-05,SMB,East,Pro,Active,christycampbell@example.net
CUST_01016,John Thompson,2024-01-25,Enterprise,International,Enterprise,Active,catherinegarcia@example.com
CUST_01017,Katherine Young,2024-04-23,Mid-Market,North,Pro,Active,kiddmichael@example.com
CUST_01018,Christopher Clayton,2022-10-26,SMB,North,Enterprise,Active,romanmatthew@example.org
CUST_01019,Barbara Walker,2021-09-11,SMB,West,Enterprise,Churned,victoria50@example.net
CUST_01020,Chris Vaughn,2023-02-26,SMB,North,Pro,Active,mccarthysara@example.com
CUST_01021,Tonya Campos,2024-02-02,SMB,North,Pro,Active,harringtonchelsea@example.org
CUST_01022,Amanda Garcia,2021-11-04,SMB,East,Enterprise,Churned,pittsrhonda@example.org
CUST_01023,Michelle Gill,2022-09-23,Enterprise,North,Enterprise,Active,goconnor@example.org
CUST_01024,Felicia Taylor,2021-08-29,SMB,East,Pro,Active,scottperry@example.org
CUST_01025,Robert Peterson,2021-01-26,SMB,West,Basic,Active,christopherwatson@example.com
CUST_01026,Maurice Hernandez,2023-10-08,SMB,North,Pro,Churned,icobb@example.com
CUST_01027,Jason Ellis,2021-06-12,SMB,South,Pro,Active,sherry72@example.org
CUST_01028,Kelly Jones,2024-02-16,Enterprise,South,Enterprise,Active,leroy26@example.org
CUST_01029,Andrew Nielsen,2022-12-16,Mid-Market,North,Basic,Churned,rachelbrown@example.net
CUST_01030,Rebecca Liu,2022-09-04,SMB,West,Pro,Active,robert84@example.net
CUST_01031,Susan Smith,2021-11-27,Enterprise,International,Basic,Active,rachel92@example.net
CUST_01032,Mathew Clay,2024-02-26,SMB,East,Pro,Churned,zterry@example.net
CUST_01033,Craig Turner,2021-07-10,SMB,International,Pro,Active,medinapeter@example.net
CUST_01034,Beth Braun,2023-05-26,Mid-Market,West,Enterprise,Active,jason88@example.com
CUST_01035,Nicole Moore,2022-07-17,Enterprise,North,Pro,Active,zamoraamber@example.com
CUST_01036,Raymond Barber,2021-04-30,Mid-Market,North,Basic,Churned,dennismckenzie@example.com
CUST_01037,Heather Williams,2023-09-18,SMB,International,Pro,Active,westashley@example.org
CUST_01038,William Trujillo,2023-05-25,SMB,West,Enterprise,Active,michaelmitchell@example.net
CUST_01039,Brenda Gray,2022-12-26,Mid-Market,International,Pro,Active,danielblack@example.org
CUST_01040,Heather Garcia,2023-10-17,SMB,West,Pro,Active,fpoole@example.org
CUST_01041,Stephen Alvarez,2022-02-01,Mid-Market,West,Pro,Churned,rmiller@example.net
CUST_01042,Justin Maxwell,2022-03-01,Enterprise,North,Pro,Active,breanna67@example.net
CUST_01043,Katherine Mcpherson,2024-02-22,SMB,South,Pro,Active,drewmartinez@example.net
CUST_01044,Walter Palmer,2022-06-06,Mid-Market,West,Pro,Active,bensonstanley@example.org
CUST_01045,Terry Wood,2021-01-13,Mid-Market,South,Pro,Churned,guzmanricky@example.org
CUST_01046,Dylan Mills,2021-03-01,Mid-Market,East,Basic,Active,watsonvickie@example.com
CUST_01047,Alfred Thomas,2023-09-09,Mid-Market,International,Enterprise,Active,twilliams@example.com
CUST_01048,Robert Burns,2023-08-02,SMB,East,Pro,Active,kelleycarlos@example.org
CUST_01049,Kenneth Knight,2023-04-28,SMB,West,Basic,Active,kimberly79@example.org
CUST_01050,Kathy Murray,2022-10-09,Enterprise,East,Pro,Active,jcontreras@example.net
CUST_01051,Robert Beck,2022-12-26,Enterprise,South,Pro,Churned,zhughes@example.com
CUST_01052,Tina Wu,2023-02-08,Enterprise,South,Enterprise,Active,debbie20@example.net
CUST_01053,Patricia Parker,2024-05-03,SMB,South,Pro,Churned,schneiderchristopher@example.net
CUST_01054,Nina Bernard,2021-03-06,SMB,International,Basic,Churned,karenshaw@example.org
CUST_01055,Timothy White,2022-09-12,Enterprise,South,Enterprise,Active,hilljamie@example.net
CUST_01056,Lauren Miller,2022-02-18,Mid-Market,West,Basic,Active,richard07@example.org
CUST_01057,Christopher Johnson,2023-10-22,Mid-Market,East,Basic,Churned,patrick11@example.org
CUST_01058,Dominique White,2022-09-28,Mid-Market,International,Pro,Active,moorestephanie@example.net
CUST_01059,Lucas Nguyen,2023-11-24,Enterprise,West,Enterprise,Active,reeveskenneth@example.org
CUST_01060,Jason Nguyen,2023-12-06,Enterprise,East,Pro,Active,hdavid@example.org
CUST_01061,Paul Willis,2021-06-28,Mid-Market,West,Basic,Active,gromero@example.com
CUST_01062,Debra Flores,2022-10-02,SMB,West,Basic,Churned,bjones@example.com
CUST_01063,Susan Smith,2022-02-15,SMB,North,Pro,Churned,sanchezangela@example.org
CUST_01064,Jason Miller,2021-08-29,Mid-Market,South,Basic,Active,kristathomas@example.net
CUST_01065,Dr. Kimberly Henderson,2024-02-21,Mid-Market,International,Basic,Active,dwilliams@example.net
CUST_01066,William Smith,2021-10-17,Mid-Market,South,Basic,Active,qnelson@example.net
CUST_01067,Gregory Chen,2022-09-30,SMB,North,Pro,Active,brandon89@example.org
CUST_01068,James Martinez,2023-08-23,Mid-Market,North,Pro,Active,jessicalutz@example.com
CUST_01069,Jonathan Pham,2023-03-14,Enterprise,North,Basic,Active,cynthia74@example.org
CUST_01070,Erica Clark,2023-07-03,SMB,West,Pro,Active,allen20@example.net
CUST_01071,Steven Chambers,2023-12-29,Mid-Market,West,Enterprise,Churned,speters@example.net
CUST_01072,James Miller PhD,2021-07-10,SMB,East,Enterprise,Active,ryanpatricia@example.net
CUST_01073,Caleb Stanton,2023-08-12,SMB,East,Pro,Active,wcarey@example.com
CUST_01074,Randy Terry,2022-06-13,SMB,International,Basic,Active,martinezmitchell@example.org
CUST_01075,Daniel Smith,2022-10-28,Mid-Market,West,Pro,Active,erin53@example.org
CUST_01076,Lori Stokes,2023-08-03,Enterprise,South,Pro,Active,jimsnyder@example.com
CUST_01077,Johnathan Padilla,2023-11-07,Mid-Market,East,Basic,Churned,adrianjoyce@example.net
CUST_01078,Sergio Carroll,2021-05-26,SMB,South,Enterprise,Active,mjackson@example.net
CUST_01079,Megan Morrison,2022-05-15,SMB,South,Pro,Active,cameronanderson@example.org
CUST_01080,Timothy Foley,2024-04-25,SMB,South,Basic,Active,james08@example.net
CUST_01081,Justin Gibson,2022-04-29,SMB,South,Pro,Churned,pdavidson@example.org
CUST_01082,Erica Richard,2023-09-24,SMB,West,Pro,Churned,rhill@example.net
CUST_01083,Isaiah Blake,2023-07-01,SMB,North,Basic,Churned,brandonhull@example.net
CUST_01084,Aaron Lee,2024-05-06,SMB,North,Basic,Active,beardlindsey@example.net
CUST_01085,Michael Rosario,2021-07-05,Mid-Market,West,Pro,Active,jamesmurphy@example.org
CUST_01086,Anne Castillo,2021-01-01,Enterprise,West,Pro,Active,watkinsconnie@example.com
CUST_01087,Danielle Wells,2024-03-29,SMB,South,Pro,Active,marissa58@example.org
CUST_01088,Patricia Harvey,2022-09-16,Mid-Market,South,Enterprise,Active,garrettbeth@example.org
CUST_01089,Sydney Bennett,2021-07-02,SMB,International,Pro,Active,pattonbryan@example.com
CUST_01090,Leslie Reynolds,2022-08-26,SMB,West,Pro,Churned,byrdanita@example.com
CUST_01091,Jennifer Williamson,2024-02-21,SMB,North,Enterprise,Active,mhall@example.net
CUST_01092,Jody Marshall,2022-04-27,Mid-Market,International,Enterprise,Active,nhobbs@example.org
CUST_01093,Timothy Logan,2023-04-12,SMB,West,Pro,Active,lholmes@example.org
CUST_01094,Adam Reeves,2022-01-21,SMB,East,Pro,Active,rebeccamartinez@example.net
CUST_01095,Jason Hardy,2022-08-14,SMB,South,Basic,Active,ilopez@example.org
CUST_01096,Eric Graham,2021-02-02,SMB,North,Basic,Churned,larry82@example.org
CUST_01097,Larry Carter,2021-10-06,SMB,International,Pro,Churned,holmesdiane@example.org
CUST_01098,Jonathon Conley,2024-05-22,SMB,East,Pro,Active,hendersonjames@example.org
CUST_01099,Christina Jones,2023-07-11,SMB,South,Pro,Active,elizabethneal@example.com
CUST_01100,Erin Lane,2023-10-18,Mid-Market,North,Pro,Active,christina65@example.org
CUST_01101,Shawn Lozano,2024-01-24,Mid-Market,South,Pro,Active,arobinson@example.net
CUST_01102,David Hanson,2023-01-25,Enterprise,East,Basic,Active,timothytate@example.com
CUST_01103,Jamie Ross,2023-12-15,SMB,North,Pro,Active,coxcharles@example.org
CUST_01104,Brenda Alexander,2021-06-10,SMB,East,Enterprise,Active,bradley03@example.org
CUST_01105,Daniel Green,2021-06-09,SMB,East,Basic,Active,matthewspencer@example.org
CUST_01106,Christopher Green,2022-12-05,SMB,East,Pro,Active,smitherica@example.com
CUST_01107,Stacey Morgan,2024-03-21,Enterprise,International,Pro,Active,kevinallen@example.com
CUST_01108,Teresa Rowland,2022-08-16,Mid-Market,West,Enterprise,Churned,ejohns@example.org
CUST_01109,Thomas Norton,2024-02-29,SMB,South,Pro,Churned,amandabenson@example.com
CUST_01110,Vanessa Sanchez,2022-08-21,SMB,East,Pro,Active,hinesbrenda@example.net
CUST_01111,Charles Wright,2023-11-02,SMB,North,Basic,Churned,monique89@example.com
CUST_01112,Brad Ruiz,2022-07-18,SMB,East,Basic,Active,jacksonpaul@example.net
CUST_01113,Jacqueline Stone,2024-04-26,Enterprise,North,Basic,Active,marcbrooks@example.net
CUST_01114,Dr. John Perkins,2022-04-29,SMB,North,Basic,Active,clarkpatricia@example.com
CUST_01115,Jennifer Torres,2021-06-22,SMB,South,Enterprise,Active,xduncan@example.com
CUST_01116,Brandy Miller,2023-04-26,SMB,West,Enterprise,Active,ostone@example.net
CUST_01117,Jose Rogers,2022-03-08,Mid-Market,East,Pro,Active,amcdonald@example.com
CUST_01118,Emily Reyes,2021-08-26,SMB,South,Basic,Churned,scottbaker@example.org
CUST_01119,Bradley Kirby,2023-12-27,SMB,East,Pro,Churned,hartmansara@example.org
CUST_01120,Isaac Payne,2023-12-23,SMB,South,Basic,Active,james54@example.com
CUST_01121,Patricia Bruce,2022-10-09,Enterprise,South,Enterprise,Active,janicebolton@example.net
CUST_01122,Susan Smith,2022-12-26,SMB,International,Basic,Active,juan56@example.com
CUST_01123,Norma Smith,2022-11-18,Mid-Market,International,Enterprise,Active,michelleperez@example.net
CUST_01124,Kara Black,2023-08-03,SMB,East,Basic,Active,dsharp@example.com
CUST_01125,Emily Lopez,2022-02-04,SMB,East,Pro,Active,cclark@example.net
CUST_01126,Charles Russo,2021-01-22,SMB,South,Enterprise,Active,sherry07@example.net
CUST_01127,Gina Barnes,2021-08-01,SMB,North,Basic,Active,sfarmer@example.net
CUST_01128,Kevin Bradley,2021-03-11,Mid-Market,South,Pro,Churned,weekseric@example.com
CUST_01129,Rebecca Mcintyre,2022-03-21,Enterprise,West,Enterprise,Active,nbaird@example.com
CUST_01130,James Wells,2024-05-23,SMB,North,Pro,Churned,ashley74@example.org
CUST_01131,Michael Thompson,2022-01-14,SMB,East,Enterprise,Active,mjohnson@example.org
CUST_01132,Jasmin Harris,2021-06-05,SMB,East,Basic,Active,donna17@example.org
CUST_01133,Adam Murphy,2022-10-25,SMB,South,Basic,Churned,hmyers@example.org
CUST_01134,Karen Jones,2023-03-07,SMB,North,Basic,Active,davidharris@example.com
CUST_01135,Mary Moore,2023-06-22,Enterprise,South,Enterprise,Churned,briana87@example.com
CUST_01136,William Griffin,2023-10-05,SMB,South,Basic,Churned,pjacobs@example.net
CUST_01137,Keith Henry,2021-08-06,SMB,East,Pro,Active,vjohnston@example.org
CUST_01138,Stanley Bryant,2024-03-16,SMB,North,Basic,Active,peter26@example.org
CUST_01139,Luke Reynolds,2021-01-02,SMB,East,Basic,Active,lbartlett@example.net
CUST_01140,Jennifer Bautista,2023-03-13,SMB,West,Basic,Active,nicolemoore@example.net
CUST_01141,Mary Jones,2023-06-13,SMB,East,Enterprise,Active,reginajenkins@example.net
CUST_01142,Jacob Campos,2022-04-08,SMB,North,Enterprise,Churned,robert24@example.org
CUST_01143,Julia Jones,2024-03-07,SMB,East,Enterprise,Active,vjames@example.com
CUST_01144,Jennifer Smith,2021-04-24,SMB,South,Basic,Active,fletcherderek@example.net
CUST_01145,Kari Jones,2022-11-28,SMB,East,Basic,Churned,jenniferkim@example.com
CUST_01146,Sarah Jackson,2021-12-28,SMB,East,Enterprise,Active,lawsongregory@example.org
CUST_01147,Jeanne Jones,2023-03-10,SMB,South,Pro,Active,byrderic@example.com
CUST_01148,Miguel Stafford,2023-06-16,SMB,North,Basic,Active,scottwilliams@example.net
CUST_01149,Margaret Moran,2024-04-29,Enterprise,West,Basic,Active,myerskyle@example.org
CUST_01150,Amber Bennett,2023-10-21,Mid-Market,East,Enterprise,Active,sarahbrooks@example.org
CUST_01151,Alan Johnson,2021-03-17,SMB,International,Pro,Active,rogersjames@example.net
CUST_01152,Tyler Davis,2022-03-10,Mid-Market,South,Pro,Active,jenniferwilliams@example.net
CUST_01153,Gabriel Hart,2024-01-04,SMB,West,Pro,Churned,colleenvilla@example.com
CUST_01154,Barbara Lewis,2021-10-17,SMB,North,Enterprise,Active,marcus06@example.net
CUST_01155,James Ellis,2022-05-13,Enterprise,East,Enterprise,Active,barrettjoshua@example.net
CUST_01156,Austin Robinson,2022-09-22,Enterprise,North,Basic,Active,katrina71@example.net
CUST_01157,Wanda Jefferson,2021-05-11,Enterprise,West,Pro,Active,johnathandavis@example.com
CUST_01158,Miss Megan Compton,2022-03-28,Enterprise,West,Pro,Churned,martinreid@example.net
CUST_01159,Samuel Olson,2023-04-04,Mid-Market,West,Basic,Active,andres97@example.com
CUST_01160,Natalie Gordon,2022-03-13,SMB,North,Pro,Active,hallchristina@example.org
CUST_01161,Oscar Todd,2021-10-17,SMB,North,Basic,Active,brownnicholas@example.com
CUST_01162,James May,2022-05-14,Mid-Market,North,Basic,Active,sandrageorge@example.com
CUST_01163,Erin Ramirez,2023-02-10,Enterprise,West,Basic,Active,meyertiffany@example.net
CUST_01164,Nicole Perez,2022-01-03,Enterprise,North,Pro,Active,matthew38@example.org
CUST_01165,Mary Wright,2023-09-02,SMB,South,Pro,Active,cathyjames@example.com
CUST_01166,Mark Brown,2023-04-24,Mid-Market,East,Pro,Active,mjones@example.org
CUST_01167,Brenda Harris,2023-10-21,Mid-Market,East,Pro,Active,thompsonana@example.org
CUST_01168,Blake Hardy,2023-05-08,Enterprise,South,Enterprise,Churned,frank33@example.com
CUST_01169,David Mitchell,2021-07-15,Mid-Market,East,Basic,Active,mfaulkner@example.com
CUST_01170,Karen Tapia,2023-08-09,SMB,East,Enterprise,Active,raymond27@example.com
CUST_01171,Leon Hamilton,2021-11-02,SMB,North,Basic,Active,lorileon@example.org
CUST_01172,Jessica Miller,2021-03-30,SMB,North,Pro,Churned,brooke28@example.net
CUST_01173,James Torres,2023-07-18,Mid-Market,South,Basic,Churned,nicholas97@example.org
CUST_01174,Miguel Gonzalez,2021-03-01,SMB,North,Enterprise,Active,adamhensley@example.net
CUST_01175,Katherine Frost,2024-04-28,Enterprise,West,Enterprise,Active,xwaller@example.com
CUST_01176,Martin Chapman MD,2022-04-17,Mid-Market,International,Pro,Active,riddledavid@example.net
CUST_01177,Phillip Krueger,2022-02-14,Mid-Market,West,Basic,Active,william75@example.net
CUST_01178,James Coleman,2023-06-12,Mid-Market,East,Pro,Churned,johnjohnson@example.com
CUST_01179,Megan Terry,2021-10-07,SMB,South,Pro,Active,josegibson@example.net
CUST_01180,David Lane,2022-11-19,Mid-Market,South,Basic,Churned,alexanderwise@example.net
CUST_01181,Janice Mccarthy,2023-08-12,SMB,North,Basic,Active,stonejacob@example.com
CUST_01182,Jeffery Holt,2024-05-21,Mid-Market,International,Basic,Churned,uwillis@example.com
CUST_01183,Tammy Booth,2024-03-29,SMB,International,Enterprise,Active,fieldskimberly@example.com
CUST_01184,Debra Clark,2023-09-29,SMB,International,Basic,Active,ahale@example.org
CUST_01185,April Jones,2021-01-30,Mid-Market,East,Pro,Active,pwarren@example.com
CUST_01186,Carolyn Brooks,2024-04-01,SMB,South,Basic,Churned,jameswhite@example.org
CUST_01187,Robert Lopez,2021-01-11,SMB,International,Enterprise,Active,bradylisa@example.org
CUST_01188,Steven Ortiz,2023-10-30,Enterprise,West,Enterprise,Churned,oneillgabriel@example.com
CUST_01189,Caleb Brown,2021-07-20,SMB,West,Pro,Active,richardstimothy@example.net
CUST_01190,Alexandra Adams,2023-04-13,Mid-Market,North,Pro,Active,ortegakristina@example.org
CUST_01191,Joseph Smith,2021-07-05,Enterprise,East,Basic,Churned,sarah75@example.net
CUST_01192,Jacob Wu,2024-03-14,SMB,East,Basic,Active,lisa56@example.com
CUST_01193,Vanessa Marks,2023-04-11,Enterprise,West,Pro,Active,smithmonica@example.com
CUST_01194,Stacy Taylor,2021-01-03,SMB,West,Pro,Active,meltonjoshua@example.net
CUST_01195,Danielle Hayes,2021-03-08,Enterprise,South,Enterprise,Active,qrobertson@example.org
CUST_01196,Mark Mcmahon,2024-03-24,SMB,East,Pro,Active,allen50@example.net
CUST_01197,Jeremy Lawson,2021-04-23,SMB,International,Basic,Active,ystevenson@example.org
CUST_01198,Todd David,2023-02-24,SMB,North,Basic,Active,shatfield@example.org
CUST_01199,Elizabeth Lee,2024-02-19,SMB,North,Basic,Active,mollywalter@example.net
CUST_01200,Bethany Robles,2022-11-17,SMB,North,Enterprise,Churned,marisa87@example.org
CUST_01201,Tina Olson,2024-04-03,Enterprise,International,Pro,Active,johnjackson@example.net
CUST_01202,Ashley Holder,2022-10-19,SMB,West,Enterprise,Active,martinsarah@example.com
CUST_01203,Connie Scott,2021-05-10,Mid-Market,South,Pro,Active,qlynn@example.org
CUST_01204,Tammy Schultz,2023-08-21,SMB,West,Pro,Active,sdavis@example.com
CUST_01205,Tara Miranda,2023-01-24,SMB,South,Pro,Active,schneidernicholas@example.net
CUST_01206,Molly Valdez,2021-05-15,SMB,International,Enterprise,Churned,ostokes@example.com
CUST_01207,Brandon Davis,2022-01-02,SMB,South,Basic,Churned,juliewilson@example.com
CUST_01208,Erik James,2021-10-31,SMB,South,Basic,Active,collinsbrittany@example.org
CUST_01209,Veronica Flores,2022-08-24,SMB,East,Pro,Active,lauren28@example.net
CUST_01210,Courtney Foster,2023-05-11,SMB,East,Enterprise,Active,sstewart@example.org
CUST_01211,Mr. Kyle Thomas DDS,2022-04-21,SMB,North,Basic,Active,georgekyle@example.net
CUST_01212,Zachary Mccarthy,2022-10-31,SMB,East,Basic,Active,nwelch@example.com
CUST_01213,Vincent Brown,2023-07-27,SMB,East,Pro,Active,eric33@example.net
CUST_01214,Tammy Parsons,2022-06-17,Enterprise,North,Enterprise,Active,tluna@example.net
CUST_01215,Caitlin Smith,2021-10-31,Mid-Market,West,Basic,Active,rrogers@example.com
CUST_01216,Norma Myers DDS,2024-01-02,SMB,International,Basic,Churned,justin38@example.com
CUST_01217,Frank Moody,2021-11-11,SMB,West,Enterprise,Churned,hornjenna@example.com
CUST_01218,Laura Ramos,2023-06-22,Enterprise,East,Enterprise,Active,jcarter@example.org
CUST_01219,Paul Moss,2022-10-12,Mid-Market,North,Pro,Active,coxmelissa@example.org
CUST_01220,Virginia Hernandez,2023-12-29,Enterprise,International,Pro,Active,kshelton@example.org
CUST_01221,William White,2021-10-25,SMB,East,Pro,Active,wilsonzachary@example.com
CUST_01222,Tracy Sims,2024-01-24,SMB,International,Basic,Active,hsanchez@example.org
CUST_01223,Eric Carlson,2022-08-17,Mid-Market,East,Pro,Active,denisebennett@example.net
CUST_01224,Megan Davis DDS,2024-03-03,SMB,West,Enterprise,Active,phill@example.com
CUST_01225,Bryan Miller,2023-09-08,SMB,North,Basic,Active,gmay@example.org
CUST_01226,Kenneth Armstrong,2023-04-03,Enterprise,South,Pro,Active,heather19@example.org
CUST_01227,Zachary Park,2024-05-30,Mid-Market,South,Basic,Active,ashley15@example.org
CUST_01228,Shannon Medina,2022-07-24,SMB,International,Basic,Churned,bhess@example.com
CUST_01229,Kimberly Burnett,2021-06-28,Enterprise,West,Enterprise,Active,lbrown@example.net
CUST_01230,Rachel Martinez,2023-11-14,Mid-Market,East,Pro,Active,tammymerritt@example.org
CUST_01231,Melissa Smith,2023-05-26,SMB,North,Basic,Active,hmcbride@example.org
CUST_01232,Daniel Martin,2023-07-02,Mid-Market,South,Basic,Active,melissa01@example.org
CUST_01233,Heidi Stephens,2023-05-02,Enterprise,South,Pro,Active,qrowland@example.org
CUST_01234,Angel Bautista,2023-05-19,Mid-Market,International,Enterprise,Active,donna72@example.net
CUST_01235,Erik Bartlett DVM,2021-10-22,Mid-Market,East,Enterprise,Active,haileybates@example.org
CUST_01236,Cole Evans,2021-05-16,SMB,International,Enterprise,Active,susanguzman@example.org
CUST_01237,Destiny Daniel,2022-07-14,SMB,North,Basic,Active,qjones@example.com
CUST_01238,Steven Ross,2021-10-08,SMB,West,Pro,Churned,duffyerica@example.net
CUST_01239,Dalton Soto,2022-09-11,SMB,East,Basic,Active,wanda35@example.net
CUST_01240,Samantha Jacobs,2021-02-24,Mid-Market,East,Pro,Active,uunderwood@example.com
CUST_01241,Victor Wright,2023-08-26,Mid-Market,East,Basic,Churned,david18@example.com
CUST_01242,Mark Cox,2022-05-17,SMB,North,Basic,Churned,kimberly23@example.com
CUST_01243,James Novak,2024-05-11,SMB,International,Pro,Active,ylynn@example.org
CUST_01244,Nicholas Parker,2023-09-02,SMB,International,Pro,Active,wdavis@example.net
CUST_01245,Diane Nelson,2021-02-05,SMB,West,Basic,Active,mosleygeorge@example.com
CUST_01246,Robert Byrd,2021-10-05,Mid-Market,South,Basic,Active,iwoods@example.com
CUST_01247,Jose Moore,2022-12-31,Enterprise,East,Basic,Churned,douglasbradley@example.com
CUST_01248,Nicholas Villegas,2022-02-01,Mid-Market,North,Pro,Active,erikabarnes@example.com
CUST_01249,William Lindsey,2024-01-19,Mid-Market,West,Basic,Active,joshua68@example.net
CUST_01250,Robin Torres,2022-07-10,Mid-Market,West,Enterprise,Active,mezarichard@example.com
CUST_01251,Madison Jones,2021-10-22,SMB,East,Basic,Churned,shirleymartin@example.org
CUST_01252,Dustin Noble,2022-11-28,SMB,East,Basic,Active,haydenroger@example.net
CUST_01253,Breanna Jimenez,2022-01-21,Mid-Market,East,Basic,Active,sullivanchristina@example.net
CUST_01254,Jeffery Ferguson,2023-12-26,SMB,International,Pro,Active,john89@example.org
CUST_01255,Traci Craig,2021-06-06,SMB,South,Enterprise,Churned,gregoryrichardson@example.org
CUST_01256,Tiffany Henderson,2023-01-13,Enterprise,South,Basic,Active,hjackson@example.com
CUST_01257,Danielle Ryan,2022-12-02,Mid-Market,East,Enterprise,Churned,robertstimothy@example.com
CUST_01258,Oscar Carroll,2021-09-21,Mid-Market,North,Pro,Active,sandrahickman@example.net
CUST_01259,Stephanie Walls,2021-09-24,Enterprise,North,Basic,Active,abrown@example.net
CUST_01260,Edwin Rodriguez,2021-02-08,Mid-Market,North,Enterprise,Active,pamela26@example.com
CUST_01261,Jeffrey Gonzalez,2023-11-18,SMB,North,Basic,Active,robertgentry@example.org
CUST_01262,Matthew Perez,2022-09-10,SMB,North,Enterprise,Active,xbrooks@example.com
CUST_01263,Kimberly Adams,2022-02-25,SMB,International,Enterprise,Active,cdouglas@example.org
CUST_01264,Paul Smith,2021-10-26,Mid-Market,North,Pro,Active,danielmitchell@example.org
CUST_01265,Patrick Santana,2021-11-25,SMB,South,Enterprise,Active,elizabethvaughan@example.net
CUST_01266,Mrs. Katherine Simpson,2021-05-20,SMB,East,Pro,Churned,markduran@example.com
CUST_01267,Tammy Cameron,2022-01-28,SMB,North,Basic,Active,ganderson@example.org
CUST_01268,Gregory Smith,2021-07-22,Mid-Market,North,Enterprise,Active,brettgallegos@example.com
CUST_01269,Nancy Hamilton,2024-04-22,SMB,East,Enterprise,Churned,justin16@example.org
CUST_01270,Monica Lopez,2023-02-17,SMB,West,Basic,Active,katie43@example.net
CUST_01271,Christina Mccarthy,2022-10-06,SMB,West,Pro,Churned,hayneswayne@example.org
CUST_01272,Scott Fuller,2022-08-14,Enterprise,West,Basic,Active,jeromeanderson@example.org
CUST_01273,Corey Thomas,2022-08-04,Enterprise,North,Basic,Active,jensenchristopher@example.org
CUST_01274,Joseph Graves,2022-04-08,SMB,West,Pro,Active,jeffreysimmons@example.org
CUST_01275,Maria Torres,2021-05-23,Mid-Market,North,Enterprise,Active,michael56@example.org
CUST_01276,Anthony Williams,2021-01-27,SMB,South,Enterprise,Active,guerreromarc@example.com
CUST_01277,Terry Garcia,2021-06-24,SMB,South,Basic,Churned,johnnyhenry@example.com
CUST_01278,Brent Smith,2021-12-12,Mid-Market,International,Pro,Churned,markfigueroa@example.com
CUST_01279,Leah Jacobs,2023-04-08,SMB,East,Basic,Churned,debraclark@example.com
CUST_01280,Brian Soto,2024-04-06,SMB,South,Pro,Active,williamstanya@example.net
CUST_01281,Cheryl Griffin,2022-12-31,SMB,International,Enterprise,Active,jonesamy@example.com
CUST_01282,John Juarez,2022-07-26,SMB,East,Pro,Churned,bradleylee@example.net
CUST_01283,Stephanie Malone,2022-04-18,SMB,East,Basic,Active,patricia71@example.com
CUST_01284,Jason Velazquez,2021-05-20,Enterprise,North,Basic,Active,jacksonjoshua@example.org
CUST_01285,Tyler Brown,2022-11-01,Enterprise,East,Basic,Active,joysanders@example.net
CUST_01286,Kayla Jones,2023-12-01,SMB,North,Basic,Active,ychristensen@example.net
CUST_01287,Jennifer Nelson,2023-10-02,SMB,West,Basic,Active,adamarmstrong@example.net
CUST_01288,Sherry Gibbs,2021-02-06,SMB,East,Enterprise,Active,ugordon@example.net
CUST_01289,Samuel Phillips,2023-02-25,Enterprise,International,Pro,Active,andrea23@example.org
CUST_01290,Dorothy Bowman,2021-12-29,SMB,North,Pro,Active,sara40@example.net
CUST_01291,Wanda Clark,2023-10-04,SMB,West,Basic,Active,smithmichael@example.net
CUST_01292,Erika Potts,2024-03-11,Mid-Market,West,Basic,Active,jennifer69@example.com
CUST_01293,Anthony Cabrera,2023-09-02,SMB,East,Pro,Active,jeffrey42@example.com
CUST_01294,Kimberly Irwin,2024-04-25,Mid-Market,South,Basic,Active,sharphailey@example.net
CUST_01295,Mark Munoz,2022-10-19,SMB,International,Basic,Churned,lisawalker@example.com
CUST_01296,Mark Garrison,2024-04-10,SMB,South,Basic,Churned,omoore@example.net
CUST_01297,Jackie Barrera,2022-12-08,SMB,North,Basic,Active,crawfordstephen@example.org
CUST_01298,John Blair,2022-04-26,Mid-Market,North,Basic,Active,andrew22@example.com
CUST_01299,Chelsea Thomas,2022-09-17,SMB,North,Enterprise,Churned,psanchez@example.com
CUST_01300,Joseph Acosta,2023-05-16,Mid-Market,North,Pro,Active,morrisonnicholas@example.org
CUST_01301,Adam Rivas,2024-04-19,SMB,West,Basic,Churned,andersonkayla@example.com
CUST_01302,Mark Smith,2021-07-20,Mid-Market,South,Pro,Active,rosariodaniel@example.net
CUST_01303,Sarah Miller,2023-10-27,Enterprise,South,Pro,Active,timothyhart@example.com
CUST_01304,Elizabeth Mendoza,2023-06-12,SMB,South,Basic,Churned,brianholt@example.net
CUST_01305,Alisha Williams,2024-01-03,SMB,North,Enterprise,Churned,curtis62@example.org
CUST_01306,Allison Simmons,2022-04-08,Mid-Market,East,Basic,Active,michaelmitchell@example.net
CUST_01307,Stephen Carson,2024-04-27,SMB,East,Pro,Active,vasquezvicki@example.org
CUST_01308,Tyler Howard,2022-03-06,Enterprise,East,Enterprise,Active,david10@example.net
CUST_01309,Jeffrey Rogers,2022-09-07,Enterprise,East,Enterprise,Active,erinhernandez@example.net
CUST_01310,Lori Mitchell,2023-11-22,SMB,South,Basic,Active,nelsonvictor@example.com
CUST_01311,Rita Dawson,2023-11-24,SMB,North,Basic,Active,mccormickmichelle@example.org
CUST_01312,Bridget Hernandez,2023-08-16,SMB,International,Basic,Churned,ygriffith@example.com
CUST_01313,Ashley Simmons,2023-06-08,SMB,International,Enterprise,Active,duane52@example.org
CUST_01314,Heather Snyder,2023-08-06,SMB,North,Basic,Churned,asteele@example.net
CUST_01315,Felicia Pham,2023-06-11,Mid-Market,South,Pro,Active,patrickdunn@example.net
CUST_01316,Kim Underwood,2023-04-25,SMB,East,Enterprise,Churned,tmiller@example.com
CUST_01317,Paula Shepherd,2022-04-29,Mid-Market,West,Basic,Active,jacquelineyoung@example.org
CUST_01318,Samuel Cox,2022-09-28,Enterprise,North,Basic,Active,hrosario@example.org
CUST_01319,Heather Atkinson,2021-03-17,SMB,East,Pro,Churned,kenneththomas@example.net
CUST_01320,Susan Sanchez,2022-07-23,Mid-Market,West,Basic,Active,briantaylor@example.net
CUST_01321,Jamie Johnson,2023-09-23,Mid-Market,International,Enterprise,Active,swatson@example.org
CUST_01322,Angela Monroe,2022-09-03,Enterprise,South,Enterprise,Active,anthonydiaz@example.org
CUST_01323,Adam Guerra,2021-07-04,SMB,South,Pro,Active,lhernandez@example.com
CUST_01324,Nicole Hale,2024-03-15,SMB,North,Enterprise,Active,theodore57@example.net
CUST_01325,Donna Moore,2023-12-12,SMB,West,Pro,Churned,munozglenn@example.org
CUST_01326,Ronnie Frazier,2022-10-04,SMB,North,Basic,Active,qspencer@example.net
CUST_01327,Michelle Henderson,2022-04-29,SMB,West,Basic,Active,josephdavis@example.com
CUST_01328,Beth Lewis,2022-07-17,Mid-Market,North,Basic,Active,robinsonisaiah@example.net
CUST_01329,Lisa Jones,2023-02-07,Mid-Market,East,Pro,Active,pwoods@example.net
CUST_01330,James Brown,2022-05-20,Enterprise,East,Pro,Active,deborah34@example.org
CUST_01331,Jack Maxwell,2023-01-24,SMB,South,Enterprise,Active,anthony42@example.net
CUST_01332,Daniel Smith,2021-04-22,Enterprise,East,Enterprise,Active,jacob30@example.org
CUST_01333,William Cunningham,2022-09-26,SMB,East,Basic,Active,uwilliams@example.org
CUST_01334,Alejandra Kelly,2024-01-01,SMB,West,Enterprise,Active,susan83@example.com
CUST_01335,Molly Dickson,2023-03-16,SMB,International,Basic,Active,riverapeggy@example.net
CUST_01336,Robert Hernandez,2022-04-28,SMB,International,Basic,Churned,cwoods@example.com
CUST_01337,Michael Miller,2022-10-12,SMB,South,Basic,Active,cisnerosjesse@example.org
CUST_01338,Martha Mack,2021-06-14,SMB,North,Pro,Active,victoriamason@example.net
CUST_01339,Kelly Mack,2022-11-13,SMB,South,Pro,Active,vfloyd@example.com
CUST_01340,Scott Jordan,2022-06-19,SMB,West,Enterprise,Active,nallen@example.net
CUST_01341,Christian Burton,2022-11-01,Mid-Market,West,Pro,Active,adavis@example.org
CUST_01342,Emily Dillon,2023-06-28,Enterprise,East,Basic,Active,portershawn@example.org
CUST_01343,Candice Ramirez,2022-10-05,Enterprise,East,Pro,Active,michael12@example.net
CUST_01344,Deanna Kennedy,2021-09-24,Enterprise,West,Basic,Active,kathryn72@example.org
CUST_01345,Katherine Cox,2023-09-07,SMB,South,Enterprise,Active,richard92@example.com
CUST_01346,Ryan Crane,2022-11-02,Enterprise,East,Basic,Active,christopher68@example.com
CUST_01347,Shawn Fleming,2023-02-12,Mid-Market,North,Pro,Active,figueroajohn@example.net
CUST_01348,Samuel Roberts,2024-02-18,SMB,International,Basic,Active,ashleynash@example.org
CUST_01349,Joel Davis,2022-02-11,SMB,International,Enterprise,Churned,imcdonald@example.com
CUST_01350,Christopher Rodriguez,2024-05-14,SMB,East,Basic,Churned,mtate@example.com
CUST_01351,Evan Davies,2021-08-29,Enterprise,International,Basic,Churned,vlewis@example.com
CUST_01352,Jesse Gardner,2023-10-10,SMB,International,Enterprise,Churned,nthomas@example.com
CUST_01353,Victoria Schroeder,2022-06-30,SMB,International,Basic,Churned,mayermichael@example.com
CUST_01354,Cindy Lewis,2024-05-13,SMB,International,Basic,Churned,cisnerosgabriela@example.com
CUST_01355,Christopher Thomas,2022-01-05,SMB,North,Pro,Active,richard47@example.com
CUST_01356,Mckenzie Green,2023-07-13,Enterprise,South,Basic,Active,davisrachel@example.com
CUST_01357,Elizabeth Gonzalez,2021-01-22,Mid-Market,East,Pro,Active,iolson@example.net
CUST_01358,Tracie Kim,2022-03-11,SMB,South,Enterprise,Active,jmorrow@example.net
CUST_01359,Nathan Lane,2021-07-15,SMB,South,Pro,Active,mariodowns@example.net
CUST_01360,Nancy Stewart,2022-12-27,Enterprise,East,Enterprise,Active,peggypeck@example.com
CUST_01361,Ashley Cordova,2021-04-04,SMB,East,Enterprise,Churned,ubaker@example.org
CUST_01362,Terri Mathews DDS,2023-01-30,SMB,International,Basic,Churned,johnsonjulie@example.org
CUST_01363,Joshua Martin,2021-12-14,SMB,North,Basic,Active,nrobinson@example.org
CUST_01364,Laura Smith,2022-10-12,SMB,North,Enterprise,Active,allen48@example.org
CUST_01365,Mariah Bryant,2021-09-19,Mid-Market,South,Basic,Active,ibell@example.com
CUST_01366,Pamela Wilson,2023-05-31,SMB,South,Basic,Churned,stephenbrooks@example.net
CUST_01367,Kimberly James,2022-06-25,SMB,West,Pro,Active,swalters@example.net
CUST_01368,Susan Garcia,2023-10-04,Mid-Market,West,Basic,Active,shafferdale@example.net
CUST_01369,Timothy Garcia,2023-06-21,Mid-Market,West,Enterprise,Churned,schultzwesley@example.org
CUST_01370,Sarah Lewis,2022-06-17,Enterprise,North,Basic,Active,harnold@example.org
CUST_01371,Tiffany Bell,2023-10-11,SMB,International,Basic,Churned,pgutierrez@example.net
CUST_01372,Jennifer Ayers,2023-10-07,Mid-Market,East,Pro,Churned,williamadams@example.net
CUST_01373,Ryan Pope,2022-02-22,SMB,South,Basic,Active,anunez@example.com
CUST_01374,Alexander Gibbs,2022-07-13,Mid-Market,East,Basic,Active,matthew96@example.org
CUST_01375,Jenna Jensen,2021-01-09,SMB,International,Basic,Active,zpoole@example.net
CUST_01376,Todd Myers,2023-10-18,SMB,North,Pro,Active,richardflores@example.org
CUST_01377,Brett Owen,2021-09-07,SMB,West,Basic,Active,welchkristen@example.net
CUST_01378,Sara Moore,2021-11-11,SMB,West,Enterprise,Churned,james10@example.com
CUST_01379,Randy Hernandez,2022-07-06,SMB,East,Pro,Active,armstronganthony@example.net
CUST_01380,Jesse Welch,2023-07-17,Enterprise,West,Enterprise,Active,jacob34@example.org
CUST_01381,Danielle Deleon,2024-03-11,SMB,International,Pro,Churned,qtownsend@example.org
CUST_01382,Timothy Burton,2021-04-24,SMB,South,Enterprise,Active,rodriguezsara@example.org
CUST_01383,Douglas Kline,2022-06-07,SMB,North,Pro,Churned,jonesmegan@example.org
CUST_01384,John Johnson,2022-03-03,SMB,North,Enterprise,Churned,tuckerconnie@example.org
CUST_01385,Jaime Edwards,2021-11-12,SMB,West,Basic,Churned,lstokes@example.com
CUST_01386,Christopher Bradley,2022-09-28,SMB,West,Pro,Active,wilsonmatthew@example.com
CUST_01387,Mr. Joshua Moore,2023-01-23,SMB,North,Basic,Active,sara39@example.org
CUST_01388,Kelly Hodges,2024-02-28,SMB,East,Enterprise,Active,michellewilson@example.org
CUST_01389,Charles Miller,2022-01-17,Enterprise,South,Pro,Active,josepholson@example.org
CUST_01390,Juan Phillips,2023-08-08,Mid-Market,South,Basic,Active,zgraham@example.org
CUST_01391,Craig Mathis,2023-12-16,SMB,International,Pro,Active,suzanne19@example.net
CUST_01392,Robert Mckay,2023-09-06,SMB,South,Basic,Active,chamilton@example.com
CUST_01393,Denise Flores,2022-05-25,SMB,South,Pro,Active,lawsonruben@example.net
CUST_01394,Steven Weiss,2021-04-03,Mid-Market,North,Basic,Active,cjackson@example.net
CUST_01395,Jason Munoz,2024-03-10,SMB,East,Pro,Active,raymond12@example.com
CUST_01396,Cody Sanchez,2021-02-03,Mid-Market,West,Pro,Churned,dianewatson@example.com
CUST_01397,Fernando Smith,2023-03-16,SMB,North,Basic,Churned,jason95@example.org
CUST_01398,Janice Guzman,2023-07-21,Mid-Market,South,Pro,Active,dakotaramirez@example.net
CUST_01399,Rhonda Powers,2022-01-19,Mid-Market,South,Enterprise,Active,bfleming@example.com
CUST_01400,Christina Williams,2021-08-06,Enterprise,South,Enterprise,Active,rjimenez@example.com
CUST_01401,Jesse Guzman,2023-09-05,Enterprise,North,Basic,Active,byoung@example.com
CUST_01402,Richard Johnston,2023-09-24,Mid-Market,West,Pro,Active,buckjustin@example.com
CUST_01403,Joseph Rose,2023-03-20,SMB,West,Pro,Active,deanna17@example.org
CUST_01404,Jennifer Turner,2021-02-02,Enterprise,North,Basic,Active,karen61@example.net
CUST_01405,Katherine Williams,2021-10-25,Mid-Market,East,Basic,Active,heather77@example.net
CUST_01406,Barbara Brooks,2022-01-26,Mid-Market,West,Pro,Churned,johnsonbrandon@example.org
CUST_01407,Wyatt Callahan,2021-08-27,SMB,South,Basic,Churned,fperez@example.org
CUST_01408,Robin Cabrera,2023-08-24,Mid-Market,International,Pro,Churned,villamiranda@example.com
CUST_01409,Amanda Williams,2023-03-14,Mid-Market,South,Basic,Churned,charles59@example.com
CUST_01410,Christopher Taylor,2023-05-02,Enterprise,West,Pro,Active,uwilson@example.org
CUST_01411,Stacy Church,2022-08-19,SMB,East,Pro,Churned,qwalsh@example.org
CUST_01412,Cynthia Woods,2023-09-27,Mid-Market,West,Pro,Active,ubray@example.net
CUST_01413,Mr. Ralph Dawson,2024-02-08,Enterprise,East,Basic,Churned,angelica33@example.net
CUST_01414,Wesley Brown,2023-10-11,SMB,East,Pro,Active,santiagotaylor@example.com
CUST_01415,Brian Clark,2021-11-27,SMB,South,Pro,Churned,kathleen47@example.net
CUST_01416,Jonathan Sloan,2022-03-26,Mid-Market,North,Basic,Active,sabrinacruz@example.com
CUST_01417,Kayla Deleon,2023-08-18,SMB,International,Enterprise,Churned,caseyhenderson@example.net
CUST_01418,Sergio Wong,2023-01-08,Mid-Market,International,Pro,Active,stevenrodriguez@example.org
CUST_01419,Steven Lopez,2022-08-02,SMB,East,Enterprise,Active,alvarezalyssa@example.com
CUST_01420,Timothy Miller,2021-11-17,Enterprise,North,Pro,Active,zlewis@example.net
CUST_01421,Gene Alexander,2022-09-14,Enterprise,International,Pro,Active,corey66@example.org
CUST_01422,James Wheeler,2022-06-19,SMB,South,Enterprise,Active,gstone@example.net
CUST_01423,David Rodriguez,2021-03-07,Mid-Market,International,Enterprise,Active,brownaustin@example.com
CUST_01424,Joseph Hill,2024-02-25,Mid-Market,North,Basic,Active,gmyers@example.org
CUST_01425,Sherry Adams,2021-04-06,Mid-Market,South,Basic,Active,georgeharris@example.net
CUST_01426,Kyle Gross,2023-11-22,SMB,International,Enterprise,Active,lopezrebecca@example.net
CUST_01427,Eric Knox,2023-07-26,Enterprise,International,Basic,Active,georgemaldonado@example.org
CUST_01428,Steven Thomas,2021-07-28,SMB,West,Enterprise,Active,waderonnie@example.org
CUST_01429,Dennis Jones,2022-02-25,Enterprise,East,Basic,Active,wheelertara@example.net
CUST_01430,Shane Kennedy,2023-11-03,Mid-Market,South,Basic,Active,fuentesashley@example.com
CUST_01431,Kelly Jackson,2021-10-10,SMB,South,Basic,Churned,kimberlygarcia@example.net
CUST_01432,John Bell,2021-01-14,Mid-Market,West,Enterprise,Active,elizabeth45@example.com
CUST_01433,Harold Mckinney,2021-06-24,SMB,East,Basic,Churned,rrodriguez@example.net
CUST_01434,Alicia Irwin,2022-05-18,SMB,East,Pro,Churned,donnathomas@example.com
CUST_01435,Kenneth Dominguez,2023-05-29,SMB,North,Pro,Active,vhoward@example.org
CUST_01436,Troy Fowler,2023-01-11,Mid-Market,International,Pro,Active,natalie87@example.net
CUST_01437,Thomas Bailey,2023-11-26,Mid-Market,West,Enterprise,Active,peter64@example.com
CUST_01438,Kevin Miles,2021-12-03,Enterprise,International,Basic,Active,hamiltonspencer@example.com
CUST_01439,Wayne Porter,2021-11-06,Mid-Market,International,Basic,Active,stevenhernandez@example.com
CUST_01440,Mary Torres,2023-12-01,Enterprise,West,Pro,Active,calvin40@example.com
CUST_01441,Douglas Watkins,2022-09-16,Mid-Market,West,Enterprise,Active,freemanadam@example.com
CUST_01442,April King,2023-12-17,Mid-Market,West,Basic,Active,natasha88@example.org
CUST_01443,Michelle Thomas,2024-01-20,Enterprise,East,Pro,Active,ryanhull@example.com
CUST_01444,John Gomez,2023-04-09,SMB,South,Pro,Active,ghenderson@example.com
CUST_01445,Linda Thompson,2023-03-10,SMB,East,Basic,Active,ushelton@example.net
CUST_01446,Randall Wright,2022-08-05,SMB,International,Basic,Churned,tspencer@example.com
CUST_01447,Keith Fuller,2021-11-24,SMB,South,Basic,Churned,nicholasliu@example.com
CUST_01448,Joseph Benson,2022-09-15,SMB,South,Pro,Active,taylor67@example.com
CUST_01449,Julia Gaines,2023-02-03,SMB,North,Basic,Churned,bernardrobert@example.org
CUST_01450,Elizabeth Sanchez,2021-09-13,SMB,West,Basic,Active,david89@example.com
CUST_01451,Ryan Martinez,2022-04-29,SMB,South,Basic,Active,fordkathryn@example.net
CUST_01452,Anthony Brown,2023-12-29,SMB,International,Pro,Active,cookconnor@example.com
CUST_01453,Melissa Lin,2024-03-19,Mid-Market,West,Basic,Active,yangemily@example.net
CUST_01454,Meredith Black,2022-11-03,SMB,North,Pro,Active,rtaylor@example.net
CUST_01455,Elizabeth Collins,2021-10-28,Mid-Market,East,Enterprise,Active,shaffercindy@example.org
CUST_01456,Aaron Munoz,2021-09-24,SMB,North,Basic,Active,meyerjohn@example.org
CUST_01457,Ross Wallace,2024-04-19,Mid-Market,East,Basic,Active,howekevin@example.com
CUST_01458,Dr. Sarah Payne,2023-05-18,SMB,East,Enterprise,Active,nvillarreal@example.org
CUST_01459,Mark Lopez,2023-05-04,SMB,West,Enterprise,Active,georgeharmon@example.net
CUST_01460,John Roberts,2021-09-22,Enterprise,West,Basic,Active,haleytrevor@example.net
CUST_01461,James Marsh,2023-07-22,SMB,West,Pro,Active,bbutler@example.org
CUST_01462,Jim Elliott,2021-09-01,SMB,South,Enterprise,Active,carpenteraustin@example.net
CUST_01463,Lisa Williams,2021-03-24,Mid-Market,East,Basic,Active,sydney77@example.com
CUST_01464,Christopher Mason,2022-08-26,Enterprise,South,Basic,Active,michaelmccarthy@example.com
CUST_01465,Carrie Hernandez,2021-04-10,SMB,East,Basic,Active,stephen24@example.net
CUST_01466,James Hendricks,2023-09-29,Mid-Market,North,Basic,Churned,ebennett@example.net
CUST_01467,Laura Pennington,2023-09-13,SMB,North,Basic,Active,david59@example.net
CUST_01468,Luis Powell,2023-09-01,SMB,West,Enterprise,Active,johnsonjessica@example.org
CUST_01469,Brian Villa,2023-08-02,SMB,North,Basic,Active,omorris@example.net
CUST_01470,Ashley Gilmore,2021-07-02,SMB,West,Basic,Active,acampos@example.org
CUST_01471,David Johnson,2023-03-21,SMB,North,Pro,Active,alexandernicholas@example.net
CUST_01472,Tammy Morris,2022-07-23,Enterprise,South,Pro,Active,ogray@example.net
CUST_01473,Christina Henry,2022-09-25,SMB,East,Pro,Active,jeremiah26@example.net
CUST_01474,Cheryl Perkins,2024-01-15,Enterprise,North,Pro,Active,harrislisa@example.org
CUST_01475,Jason Payne,2023-09-02,Enterprise,North,Pro,Active,petersonfaith@example.net
CUST_01476,Kathleen Collier,2021-02-08,Enterprise,East,Pro,Active,wmason@example.net
CUST_01477,Sarah Solis,2024-04-01,Mid-Market,West,Enterprise,Active,ypatterson@example.org
CUST_01478,Bethany Holmes,2021-04-03,SMB,South,Pro,Active,wilsonjerry@example.net
CUST_01479,Alison Nicholson,2021-02-19,SMB,North,Basic,Active,sandra46@example.net
CUST_01480,Shane Moore,2021-07-23,Mid-Market,North,Basic,Active,charles93@example.net
CUST_01481,Kathryn Ross,2021-11-12,Mid-Market,West,Basic,Active,gardnerpatricia@example.net
CUST_01482,Thomas Baker,2022-10-29,Mid-Market,East,Basic,Active,johnsonrobert@example.org
CUST_01483,Phillip Taylor,2021-10-19,SMB,North,Basic,Active,sandra03@example.com
CUST_01484,Travis Strong,2021-09-05,Mid-Market,West,Basic,Churned,reedchad@example.com
CUST_01485,Lisa Miller,2023-11-08,Mid-Market,North,Pro,Active,rpotts@example.net
CUST_01486,Andrew Romero,2023-08-10,Mid-Market,North,Basic,Active,ryan43@example.org
CUST_01487,Allison Casey,2021-02-08,Enterprise,East,Basic,Active,amandadalton@example.net
CUST_01488,Alicia Olson,2024-02-11,SMB,North,Pro,Active,scannon@example.org
CUST_01489,Jeffery Taylor,2023-10-22,Enterprise,South,Pro,Active,nwilson@example.com
CUST_01490,Greg Hull,2022-05-18,SMB,International,Basic,Active,jessechapman@example.org
CUST_01491,Paul Morton,2021-01-03,Mid-Market,East,Enterprise,Active,ritteralexis@example.net
CUST_01492,Anthony Brown,2021-12-09,SMB,West,Pro,Churned,cwhite@example.com
CUST_01493,Matthew Sanchez,2023-02-18,SMB,East,Pro,Active,david67@example.net
CUST_01494,Billy Wright,2022-07-31,SMB,West,Basic,Churned,troymoss@example.com
CUST_01495,Shannon Wallace,2023-03-21,SMB,South,Pro,Active,shelly84@example.net
CUST_01496,Steven Flores,2023-06-04,SMB,International,Pro,Churned,brownrachel@example.net
CUST_01497,Katelyn Miller,2022-12-03,SMB,International,Enterprise,Active,maureenmeyer@example.com
CUST_01498,Christine Watson,2022-10-21,SMB,South,Pro,Active,barryyoung@example.com
CUST_01499,Jordan Wilson,2021-10-01,SMB,North,Pro,Active,rhuff@example.com
CUST_01500,Elizabeth Hanna,2021-12-22,Enterprise,International,Pro,Active,ramirezchelsea@example.com
CUST_01501,James Wallace,2024-01-08,SMB,West,Pro,Churned,jamielopez@example.com
CUST_01502,Mary Johnson,2023-07-01,SMB,East,Pro,Active,sharon95@example.com
CUST_01503,Leslie Todd,2023-01-04,Mid-Market,West,Enterprise,Active,jessica96@example.com
CUST_01504,Tanya Goodwin,2021-09-13,SMB,International,Enterprise,Active,transtephanie@example.net
CUST_01505,William Nichols,2021-02-10,SMB,North,Pro,Active,karmstrong@example.net
CUST_01506,Tyler Mcdonald,2022-09-13,SMB,North,Pro,Active,davidsmith@example.net
CUST_01507,Angela Wright,2021-03-17,Mid-Market,International,Enterprise,Active,matthew60@example.net
CUST_01508,Derrick King,2022-02-06,SMB,North,Pro,Active,martinezashley@example.com
CUST_01509,Sarah Wallace,2023-10-22,SMB,South,Basic,Active,gonzalessteven@example.com
CUST_01510,Dr. Daniel Brown,2024-05-19,SMB,East,Pro,Active,hillcheryl@example.com
CUST_01511,Jessica Scott,2022-06-16,Enterprise,North,Basic,Active,jordan72@example.org
CUST_01512,Bridget Williamson,2022-07-16,SMB,West,Enterprise,Churned,halldiamond@example.org
CUST_01513,Shannon Riley,2023-12-28,SMB,West,Enterprise,Active,tranjeremy@example.net
CUST_01514,Vanessa Smith DVM,2023-05-25,SMB,North,Enterprise,Active,amber09@example.org
CUST_01515,Billy Wallace,2023-06-05,SMB,International,Basic,Active,youngmark@example.com
CUST_01516,Melanie Jones,2023-10-12,Mid-Market,East,Basic,Active,jliu@example.org
CUST_01517,Richard Rogers,2022-07-24,SMB,North,Enterprise,Active,xmerritt@example.com
CUST_01518,Elizabeth Johnson,2022-11-17,SMB,South,Basic,Churned,bradley29@example.org
CUST_01519,Daniel Edwards,2023-05-18,SMB,West,Basic,Active,shelby69@example.org
CUST_01520,Brittany Farmer,2021-05-09,SMB,South,Basic,Active,friedmansusan@example.org
CUST_01521,Yolanda Mccoy,2024-04-28,Enterprise,West,Pro,Active,hryan@example.net
CUST_01522,Lisa Hopkins,2023-08-28,SMB,North,Enterprise,Churned,mstewart@example.net
CUST_01523,David Sanchez,2022-04-30,Mid-Market,South,Basic,Active,jerry51@example.net
CUST_01524,Nicholas Beard,2023-07-04,SMB,West,Pro,Active,christopher88@example.org
CUST_01525,Martha Jacobs,2022-10-04,Enterprise,North,Basic,Active,ohartman@example.net
CUST_01526,Victoria Frost,2023-06-25,SMB,North,Enterprise,Churned,kimberlyrussell@example.net
CUST_01527,Lisa Flynn,2021-04-25,SMB,North,Pro,Active,lee16@example.com
CUST_01528,Brittany Snyder,2023-04-22,Mid-Market,North,Basic,Active,rachelwalter@example.org
CUST_01529,Jason Cannon,2023-02-26,SMB,North,Pro,Active,inewton@example.org
CUST_01530,Allison Jackson,2021-02-23,Mid-Market,North,Pro,Active,andersonmichelle@example.com
CUST_01531,Heather Morales,2024-05-03,Mid-Market,North,Basic,Active,jenniferwilson@example.com
CUST_01532,Lisa Mcknight,2021-09-16,SMB,International,Enterprise,Active,jonessamantha@example.com
CUST_01533,Lynn Yang,2023-06-30,Mid-Market,West,Pro,Active,eroberts@example.net
CUST_01534,Clifford Cannon,2024-04-12,Enterprise,North,Basic,Active,hernandezalan@example.net
CUST_01535,Matthew Gray,2024-01-14,SMB,South,Enterprise,Active,uthompson@example.net
CUST_01536,Raymond Hall,2023-01-26,Enterprise,South,Basic,Active,kpeterson@example.net
CUST_01537,Lauren Anthony,2022-05-02,SMB,North,Pro,Active,ymitchell@example.com
CUST_01538,Tiffany Williams,2022-02-05,SMB,South,Enterprise,Active,russellramirez@example.net
CUST_01539,Gregory Martin,2022-01-23,SMB,North,Basic,Active,joshua73@example.org
CUST_01540,Thomas Zhang,2022-11-10,SMB,East,Enterprise,Active,middletonelizabeth@example.org
CUST_01541,Juan Romero,2022-11-05,SMB,South,Basic,Churned,anthonyorr@example.net
CUST_01542,Chloe Freeman,2022-03-26,SMB,North,Enterprise,Active,woodjuan@example.net
CUST_01543,Jeremy Martinez,2022-03-13,SMB,East,Pro,Churned,hphillips@example.net
CUST_01544,Sarah Wallace,2023-02-09,SMB,South,Enterprise,Churned,fsnyder@example.org
CUST_01545,Monique Wilson MD,2021-06-01,Mid-Market,South,Enterprise,Active,garnerjeffrey@example.org
CUST_01546,Jonathon Hill,2024-04-14,SMB,South,Basic,Active,mannleroy@example.org
CUST_01547,Timothy Bauer,2022-08-05,Mid-Market,North,Enterprise,Churned,james80@example.net
CUST_01548,Danielle Willis,2024-02-10,SMB,South,Pro,Churned,emilybaker@example.org
CUST_01549,Mr. Jonathan Anderson,2021-07-27,Mid-Market,South,Basic,Churned,tapiamercedes@example.net
CUST_01550,Jeffrey Henry,2021-08-16,SMB,West,Basic,Active,jenniferwilliams@example.net
CUST_01551,James Silva,2023-02-02,Mid-Market,South,Pro,Active,todd24@example.org
CUST_01552,Mary Henry,2023-06-08,SMB,International,Enterprise,Active,iharper@example.com
CUST_01553,Daniel Mccarty,2022-01-24,Enterprise,International,Basic,Active,robert75@example.org
CUST_01554,Audrey Marshall,2022-05-16,Mid-Market,East,Basic,Active,donna56@example.net
CUST_01555,Stephen Larsen,2022-08-26,SMB,International,Pro,Active,rburke@example.org
CUST_01556,Derek Lewis,2021-09-16,Mid-Market,West,Basic,Active,xbrown@example.com
CUST_01557,Evan Myers,2021-06-16,SMB,North,Enterprise,Active,qcoleman@example.org
CUST_01558,Nicholas Morgan,2023-03-06,SMB,North,Pro,Active,parkerrobert@example.net
CUST_01559,Kimberly Chan,2023-08-09,SMB,East,Pro,Churned,gouldchristina@example.com
CUST_01560,Joshua Clements,2023-10-11,SMB,East,Pro,Active,langchristopher@example.net
CUST_01561,Harold Miranda,2021-03-16,SMB,West,Pro,Churned,penaapril@example.com
CUST_01562,Victoria Massey,2022-03-24,SMB,North,Pro,Active,oheath@example.com
CUST_01563,Susan Rivera,2023-02-06,SMB,International,Pro,Churned,angelawright@example.org
CUST_01564,Alejandro Bentley,2023-11-29,Enterprise,South,Enterprise,Active,masonlacey@example.org
CUST_01565,Eric Hall,2023-05-23,SMB,East,Pro,Active,arthurbrady@example.com
CUST_01566,Bonnie Yang,2022-07-14,Mid-Market,East,Basic,Active,michelle11@example.net
CUST_01567,Pamela Perry,2023-01-06,Mid-Market,East,Basic,Active,newtonamber@example.org
CUST_01568,Kevin Myers,2021-06-10,Mid-Market,East,Pro,Active,kristen68@example.net
CUST_01569,Donald Harris,2021-03-20,SMB,North,Basic,Active,tanya97@example.com
CUST_01570,Brandon Rasmussen,2022-07-17,Mid-Market,South,Pro,Active,timothy88@example.org
CUST_01571,Willie Luna,2024-01-18,SMB,International,Basic,Active,kathryn17@example.org
CUST_01572,Allison Wise,2023-04-08,Enterprise,West,Basic,Active,kwood@example.org
CUST_01573,Evelyn Pacheco,2023-11-16,SMB,North,Enterprise,Active,davisgary@example.com
CUST_01574,Angela Powell,2022-03-06,SMB,North,Enterprise,Active,kmills@example.org
CUST_01575,Johnny Jenkins,2023-08-03,SMB,West,Enterprise,Active,mary05@example.net
CUST_01576,Jennifer Smith,2023-05-06,Enterprise,South,Enterprise,Active,karinorton@example.net
CUST_01577,Dr. David Murray MD,2024-03-28,Mid-Market,South,Pro,Active,morseronald@example.org
CUST_01578,Peter Martin,2022-12-28,Mid-Market,East,Pro,Active,martinsamuel@example.org
CUST_01579,Jeff Jackson,2024-01-07,Mid-Market,South,Pro,Active,jtaylor@example.com
CUST_01580,Edward Graham,2021-10-12,SMB,North,Pro,Churned,jennifer48@example.com
CUST_01581,Jacqueline Santos,2024-05-19,SMB,East,Basic,Active,kellycohen@example.net
CUST_01582,Jacqueline Munoz,2023-03-12,SMB,South,Basic,Churned,vford@example.net
CUST_01583,Sarah Taylor,2023-07-14,Mid-Market,South,Pro,Active,asmith@example.org
CUST_01584,Austin Rowland,2021-12-30,Mid-Market,West,Basic,Churned,jacqueline31@example.net
CUST_01585,Brandon Weber,2021-05-23,SMB,North,Pro,Active,carlfields@example.org
CUST_01586,Adrian Lee,2023-12-10,Mid-Market,South,Basic,Churned,lori69@example.net
CUST_01587,Marcus Powell,2023-04-22,Enterprise,North,Pro,Active,ann31@example.net
CUST_01588,Nicholas Ramirez,2021-05-21,SMB,South,Basic,Active,anne28@example.net
CUST_01589,Janet Johnston,2022-09-27,SMB,International,Basic,Active,tammy97@example.org
CUST_01590,Richard Hays,2022-09-28,SMB,East,Pro,Active,noblechristina@example.org
CUST_01591,Shannon Morris,2021-01-16,SMB,South,Pro,Active,taylorlindsay@example.com
CUST_01592,Erin Mason,2022-05-21,Mid-Market,East,Enterprise,Active,allenphillip@example.com
CUST_01593,Heather Roberson,2024-03-25,SMB,East,Enterprise,Churned,alyssa93@example.org
CUST_01594,Sandra Dawson,2022-12-12,Enterprise,International,Pro,Active,fcastro@example.net
CUST_01595,Melissa Grant,2021-12-25,SMB,East,Basic,Active,lpearson@example.org
CUST_01596,Savannah Townsend,2023-02-27,Mid-Market,South,Pro,Active,jessica39@example.net
CUST_01597,Tammie Lee,2021-03-31,Mid-Market,South,Pro,Active,harold03@example.com
CUST_01598,Cory Willis,2022-08-21,SMB,East,Basic,Active,clinton54@example.net
CUST_01599,Lisa Johnson,2023-10-08,Enterprise,International,Pro,Active,darlene60@example.net
CUST_01600,Denise Brown,2021-08-04,SMB,South,Basic,Active,roysara@example.net
CUST_01601,Katherine Wells,2022-03-01,SMB,North,Pro,Active,johnsonanthony@example.net
CUST_01602,Noah Pitts,2023-08-04,SMB,West,Basic,Active,christopherflowers@example.org
CUST_01603,Mark Brown,2021-01-22,SMB,South,Enterprise,Churned,hodgejoshua@example.org
CUST_01604,Nancy Cook,2023-08-09,SMB,West,Basic,Active,rachael29@example.net
CUST_01605,Kelli Shepard,2023-06-16,Enterprise,North,Pro,Active,qbutler@example.net
CUST_01606,Corey Juarez,2021-02-06,SMB,North,Enterprise,Active,jessicamiller@example.com
CUST_01607,Lee Barker,2021-12-11,Mid-Market,West,Basic,Churned,vthompson@example.org
CUST_01608,Justin Wilson,2023-01-04,SMB,North,Pro,Churned,scarroll@example.org
CUST_01609,Julie Wilson,2023-06-25,SMB,East,Enterprise,Active,whitechristopher@example.com
CUST_01610,Tracy Wang,2021-07-30,SMB,East,Enterprise,Active,robinsonnicholas@example.org
CUST_01611,Terri Parker,2023-02-12,Mid-Market,North,Basic,Active,julierojas@example.com
CUST_01612,Michael Thompson,2021-07-07,SMB,North,Basic,Churned,annettegutierrez@example.org
CUST_01613,Curtis Krause,2021-05-10,Enterprise,West,Basic,Active,heidi41@example.com
CUST_01614,Jack Barton,2021-12-10,SMB,West,Enterprise,Active,rgallegos@example.org
CUST_01615,Ruben Cruz,2022-10-23,Enterprise,West,Pro,Active,victoriahamilton@example.net
CUST_01616,Rebecca Clark,2023-05-27,Mid-Market,East,Basic,Churned,christopher34@example.org
CUST_01617,Andre Wilson,2023-04-04,Mid-Market,North,Basic,Active,thomasmcdonald@example.com
CUST_01618,James Chapman,2022-07-25,Enterprise,North,Basic,Active,morrisdaniel@example.com
CUST_01619,Aimee Fisher,2022-09-10,Mid-Market,North,Basic,Active,matthew12@example.com
CUST_01620,John Lopez,2024-03-11,SMB,West,Enterprise,Churned,gonzaleschristina@example.net
CUST_01621,Jessica Ross,2023-03-07,SMB,International,Pro,Active,johnnybrooks@example.com
CUST_01622,Mr. Andrew Hickman,2022-10-14,SMB,South,Pro,Active,kathrynsantana@example.net
CUST_01623,Jeffery Adams,2024-04-13,SMB,North,Basic,Active,kwatkins@example.net
CUST_01624,Eric Carlson,2021-01-28,SMB,East,Pro,Churned,stephaniebradley@example.org
CUST_01625,Gary Choi,2023-05-28,SMB,South,Enterprise,Active,parkerkatie@example.com
CUST_01626,Christopher Smith,2022-08-31,SMB,South,Basic,Churned,jamesjackson@example.com
CUST_01627,David Harris,2024-05-09,Mid-Market,North,Pro,Active,ramseyeric@example.net
CUST_01628,Jacqueline Woods,2022-10-13,Mid-Market,North,Enterprise,Active,cory86@example.net
CUST_01629,John Bennett,2022-08-14,SMB,International,Pro,Active,wmccarthy@example.org
CUST_01630,Fernando Mcconnell,2022-02-26,Mid-Market,South,Pro,Active,smejia@example.net
CUST_01631,Jessica Long,2022-04-01,SMB,North,Pro,Active,reedelizabeth@example.net
CUST_01632,Stephen Thompson,2021-01-13,Mid-Market,South,Basic,Churned,mikemorgan@example.org
CUST_01633,Nicole Melendez,2021-10-17,SMB,North,Enterprise,Active,devinlopez@example.org
CUST_01634,Brandon Cruz,2022-02-23,Enterprise,East,Basic,Active,ronaldmitchell@example.com
CUST_01635,Karen Green,2022-02-09,Enterprise,South,Pro,Active,zwhite@example.net
CUST_01636,Ashley Drake,2023-07-08,Mid-Market,South,Basic,Active,gina16@example.org
CUST_01637,Carl Hunter,2023-01-07,Mid-Market,East,Enterprise,Active,psmith@example.net
CUST_01638,Raymond Turner,2023-06-07,Mid-Market,East,Pro,Active,judy19@example.com
CUST_01639,Priscilla Joseph,2023-02-21,SMB,North,Enterprise,Active,daniel26@example.net
CUST_01640,Sheila Miller,2024-01-06,Enterprise,South,Enterprise,Active,rogerssarah@example.net
CUST_01641,Jose Mendez,2023-07-18,SMB,East,Basic,Churned,dgraham@example.com
CUST_01642,Sean Stevens,2023-08-20,SMB,South,Pro,Churned,smallgina@example.com
CUST_01643,Michael Wang,2023-02-06,SMB,International,Basic,Active,danielsguy@example.com
CUST_01644,Jeremy Evans,2023-02-04,SMB,International,Enterprise,Active,larsonmichael@example.org
CUST_01645,Jennifer Thompson,2021-03-21,Mid-Market,North,Enterprise,Active,martinezduane@example.com
CUST_01646,Donald Bonilla,2023-06-13,Enterprise,North,Enterprise,Active,samanthaberger@example.net
CUST_01647,Laura Williams,2023-09-28,SMB,South,Enterprise,Active,nathan29@example.net
CUST_01648,Sonia Reyes,2023-05-19,Mid-Market,South,Basic,Active,morgandana@example.com
CUST_01649,Alex Clements,2021-02-27,Mid-Market,West,Basic,Active,jennifer16@example.org
CUST_01650,Laura Cooley,2021-10-29,SMB,East,Basic,Churned,heatherwilliams@example.net
CUST_01651,Philip Kim,2021-01-26,SMB,West,Enterprise,Churned,joshuapowers@example.net
CUST_01652,Christopher Mitchell,2024-04-15,Enterprise,South,Pro,Active,russellandrew@example.com
CUST_01653,Denise Ford,2021-12-06,Enterprise,International,Enterprise,Active,colton30@example.net
CUST_01654,Arthur Roberts,2023-02-23,Mid-Market,International,Basic,Active,omatthews@example.net
CUST_01655,James Spears,2021-07-02,SMB,International,Enterprise,Churned,cooperluis@example.com
CUST_01656,Scott Porter,2022-07-05,SMB,West,Enterprise,Active,emilyscott@example.org
CUST_01657,Laura Miller,2021-12-11,SMB,South,Basic,Active,whoffman@example.org
CUST_01658,William Wood,2023-12-12,Enterprise,West,Basic,Active,karen77@example.org
CUST_01659,Kevin Weber,2022-01-17,Mid-Market,North,Pro,Active,wperry@example.org
CUST_01660,Diane Manning,2023-07-12,Mid-Market,International,Basic,Active,nicholasmedina@example.com
CUST_01661,Sarah Davis,2022-01-28,Mid-Market,West,Basic,Active,jasonrodriguez@example.com
CUST_01662,Christopher Waters,2021-08-12,SMB,East,Pro,Active,wpierce@example.org
CUST_01663,Kyle Flores,2022-07-21,Mid-Market,South,Basic,Churned,crystal58@example.net
CUST_01664,Courtney Powell,2021-07-26,Enterprise,East,Basic,Churned,cmitchell@example.org
CUST_01665,Cassandra Roberts,2021-03-27,Mid-Market,West,Enterprise,Churned,kathryn21@example.com
CUST_01666,Jennifer Barnes,2022-06-29,SMB,East,Basic,Active,danamontgomery@example.org
CUST_01667,Kathy Miller,2023-01-30,SMB,South,Basic,Active,udougherty@example.net
CUST_01668,Keith Kennedy,2023-01-10,Mid-Market,North,Basic,Active,craneandrew@example.net
CUST_01669,Martha Arnold,2022-11-08,Mid-Market,South,Basic,Active,melissamartin@example.com
CUST_01670,Cynthia Kennedy,2021-10-12,Enterprise,South,Enterprise,Churned,marcuscarter@example.org
CUST_01671,Joel Sanchez,2022-05-25,Enterprise,International,Pro,Active,yfritz@example.org
CUST_01672,Kathryn Rodriguez,2023-04-27,SMB,East,Pro,Active,monica23@example.com
CUST_01673,Andrea Goodman,2022-10-22,Enterprise,International,Pro,Churned,ecamacho@example.com
CUST_01674,Jason Green,2022-10-29,Mid-Market,West,Basic,Active,baldwincatherine@example.net
CUST_01675,Jessica Carey,2021-06-16,Mid-Market,West,Pro,Active,carterraymond@example.net
CUST_01676,Heidi Moran,2021-07-25,SMB,East,Enterprise,Active,hpatterson@example.org
CUST_01677,Dennis Bryan,2023-12-02,Mid-Market,North,Basic,Active,bowenmichael@example.net
CUST_01678,Thomas Pope,2023-10-17,SMB,North,Pro,Active,josephrivera@example.net
CUST_01679,Steven Vasquez,2023-08-15,Mid-Market,East,Pro,Churned,katherinepeterson@example.net
CUST_01680,Richard Lyons,2022-05-09,Mid-Market,West,Basic,Active,brooke22@example.net
CUST_01681,Daniel Wood,2021-08-05,Mid-Market,West,Enterprise,Active,jennifer42@example.net
CUST_01682,Karen Gonzales,2023-02-25,SMB,International,Basic,Active,eric22@example.net
CUST_01683,James Walsh,2021-09-10,Mid-Market,East,Basic,Active,rosalesbrandy@example.org
CUST_01684,Deanna Griffith,2022-11-13,SMB,East,Pro,Active,kwoods@example.com
CUST_01685,Laurie Mason,2022-12-04,SMB,East,Enterprise,Active,nicholas72@example.net
CUST_01686,Mr. James Barnett,2024-02-25,SMB,South,Pro,Active,petersonkyle@example.org
CUST_01687,Lee Daniel,2022-08-19,Mid-Market,South,Basic,Churned,santosmichael@example.com
CUST_01688,Margaret Smith,2021-08-26,Enterprise,International,Pro,Active,judithcox@example.org
CUST_01689,Brett Rivera,2021-01-04,Enterprise,South,Basic,Active,nelsonsuzanne@example.net
CUST_01690,Angela Yates,2023-05-18,SMB,South,Basic,Active,pknight@example.org
CUST_01691,Patrick Norris,2023-12-01,Mid-Market,West,Pro,Active,jeremylove@example.org
CUST_01692,Lee Arnold,2023-08-02,SMB,North,Basic,Active,pauljessica@example.org
CUST_01693,Brandi Turner,2023-07-23,SMB,North,Basic,Churned,jeremywillis@example.net
CUST_01694,Brett Keith,2021-03-12,Mid-Market,West,Pro,Active,florescynthia@example.org
CUST_01695,Jeremy Alvarez,2024-03-21,Mid-Market,North,Enterprise,Active,danielsjason@example.com
CUST_01696,Adam Jordan,2023-02-11,SMB,West,Pro,Churned,cortezscott@example.net
CUST_01697,Robert Mendez,2022-04-06,SMB,West,Basic,Active,qgay@example.com
CUST_01698,Katherine Thompson,2023-09-26,Enterprise,North,Enterprise,Active,ppalmer@example.com
CUST_01699,Joseph Peterson,2021-11-23,Mid-Market,International,Enterprise,Active,connie12@example.com
CUST_01700,Steven Hicks,2022-12-15,SMB,West,Basic,Active,emartin@example.com
CUST_01701,Anna Atkins,2022-02-04,Mid-Market,South,Pro,Active,dana82@example.org
CUST_01702,Pamela Lewis,2024-04-03,SMB,South,Basic,Active,luke87@example.org
CUST_01703,Tanya Clark,2021-12-02,Enterprise,South,Enterprise,Active,mariolee@example.com
CUST_01704,Sarah Bishop,2022-03-06,Mid-Market,International,Pro,Active,markblack@example.com
CUST_01705,Rachel Chan,2024-03-24,SMB,North,Pro,Churned,jeremy47@example.com
CUST_01706,Eric Acosta,2023-05-25,SMB,South,Enterprise,Active,shannon69@example.com
CUST_01707,Abigail Case,2023-08-29,Mid-Market,South,Basic,Churned,schmittmichael@example.org
CUST_01708,Pamela Smith,2024-04-30,Enterprise,West,Enterprise,Active,jasonmoran@example.com
CUST_01709,Allison Simmons,2021-09-01,Enterprise,North,Pro,Active,jnguyen@example.net
CUST_01710,Daniel Shaw,2023-02-08,SMB,International,Pro,Active,daniel32@example.com
CUST_01711,Teresa Watkins,2023-08-08,SMB,North,Pro,Active,harringtonpeter@example.net
CUST_01712,Mr. Lawrence Brooks,2023-01-23,SMB,West,Basic,Churned,brownmatthew@example.net
CUST_01713,Thomas Rodriguez,2023-11-10,Enterprise,East,Basic,Active,nicolejones@example.net
CUST_01714,Christian Hernandez,2021-07-13,SMB,East,Enterprise,Active,audrey81@example.com
CUST_01715,Kenneth Farmer,2023-06-08,Mid-Market,East,Pro,Active,angela40@example.org
CUST_01716,Andrea Hartman,2024-01-06,Enterprise,West,Basic,Active,susan57@example.net
CUST_01717,Cathy Mcdonald,2024-01-04,SMB,East,Basic,Active,mcox@example.net
CUST_01718,Deanna Munoz,2024-01-09,SMB,West,Basic,Active,taylordawn@example.com
CUST_01719,John Williams,2021-08-29,SMB,West,Basic,Churned,durhamwilliam@example.org
CUST_01720,Whitney Moyer,2022-10-06,SMB,East,Basic,Churned,kristy74@example.net
CUST_01721,Austin Jones,2024-02-26,Enterprise,North,Basic,Active,mccannkimberly@example.net
CUST_01722,Jose York,2022-09-04,SMB,North,Basic,Active,mbishop@example.org
CUST_01723,Jessica Hill,2021-01-01,SMB,International,Pro,Churned,vpreston@example.org
CUST_01724,Angel Holland,2022-08-24,Enterprise,International,Enterprise,Active,shawn60@example.com
CUST_01725,Abigail Clayton,2023-12-07,Mid-Market,West,Pro,Active,smithmarcus@example.org
CUST_01726,Daniel Craig,2021-07-22,SMB,East,Pro,Active,amanda39@example.com
CUST_01727,Michelle Ray,2022-03-17,Enterprise,North,Basic,Active,kendraharris@example.org
CUST_01728,Joseph Blackburn,2021-09-21,SMB,South,Basic,Active,chanamber@example.org
CUST_01729,Ethan Hall,2021-12-01,Mid-Market,South,Pro,Active,jamesmartin@example.com
CUST_01730,Thomas Barton,2021-10-21,Enterprise,South,Basic,Active,taylorrachel@example.com
CUST_01731,Travis Johnson,2022-01-30,Enterprise,International,Pro,Active,omargriffin@example.com
CUST_01732,Ray Lawrence,2021-12-02,SMB,East,Pro,Active,davisgregory@example.net
CUST_01733,Barbara Sherman,2021-02-23,Mid-Market,South,Enterprise,Active,shepardjoy@example.com
CUST_01734,Emily Lee,2024-01-29,Mid-Market,East,Basic,Active,marshmichael@example.com
CUST_01735,Theresa Smith,2022-07-14,Mid-Market,International,Basic,Churned,zlara@example.org
CUST_01736,Tracy Copeland,2022-04-01,SMB,North,Basic,Active,pbautista@example.com
CUST_01737,Michael Santos,2022-09-20,Enterprise,North,Enterprise,Active,bliu@example.com
CUST_01738,Stephanie Williams,2024-03-17,SMB,South,Basic,Active,gregorysmith@example.net
CUST_01739,Michael Farmer,2021-12-16,SMB,International,Pro,Active,carlsonjason@example.net
CUST_01740,Jacqueline Perry,2023-12-25,SMB,West,Basic,Active,robertthompson@example.net
CUST_01741,Natalie Patrick,2022-06-15,SMB,East,Pro,Churned,michaelbuckley@example.org
CUST_01742,Damon Powell,2023-02-15,SMB,North,Basic,Active,regina49@example.com
CUST_01743,Alexander Johnson,2023-01-29,Mid-Market,East,Enterprise,Active,jjohnson@example.com
CUST_01744,James George,2022-01-10,Mid-Market,West,Pro,Active,ericsmith@example.org
CUST_01745,William Rodriguez,2023-05-27,Mid-Market,South,Pro,Active,amarshall@example.net
CUST_01746,Scott Pacheco,2021-06-28,SMB,North,Enterprise,Active,collinsterrance@example.com
CUST_01747,Matthew Diaz,2021-06-12,Mid-Market,North,Basic,Churned,woodskaitlyn@example.net
CUST_01748,Daniel Anderson,2021-06-23,Mid-Market,East,Basic,Active,jeremiahmiller@example.org
CUST_01749,Diane Gilbert,2023-05-19,SMB,International,Pro,Active,jeremylopez@example.net
CUST_01750,Michael Murray,2023-12-27,SMB,East,Basic,Active,kathleen25@example.com
CUST_01751,Charles Doyle,2021-01-15,Mid-Market,International,Pro,Active,adkinslauren@example.net
CUST_01752,Craig White,2023-12-18,SMB,North,Pro,Active,cynthiaconley@example.org
CUST_01753,Frank Armstrong,2023-12-09,Enterprise,North,Pro,Active,mmathews@example.net
CUST_01754,Tricia Sullivan,2022-12-25,Mid-Market,North,Basic,Active,shawnbaker@example.com
CUST_01755,Douglas Mack,2021-08-20,Mid-Market,South,Basic,Active,matthew24@example.com
CUST_01756,Katherine Dunn,2021-08-30,SMB,International,Enterprise,Churned,barnettmatthew@example.net
CUST_01757,Richard Simmons,2024-03-10,SMB,North,Basic,Active,oconnelldavid@example.org
CUST_01758,Sandra Martinez,2023-11-22,SMB,International,Enterprise,Active,david54@example.com
CUST_01759,William Miller,2023-09-27,Enterprise,East,Pro,Churned,raymondpugh@example.net
CUST_01760,Ryan Walker,2021-08-08,Enterprise,South,Pro,Churned,gonzalezjulie@example.net
CUST_01761,Brittany Heath,2021-07-27,SMB,South,Basic,Active,mcbridemichael@example.org
CUST_01762,Yolanda Jackson,2023-04-22,Mid-Market,International,Pro,Churned,craigmartin@example.net
CUST_01763,Courtney Arias,2022-04-09,SMB,West,Basic,Active,amberfriedman@example.com
CUST_01764,Diana Haley,2024-01-04,Mid-Market,International,Basic,Active,hphillips@example.com
CUST_01765,Julie Taylor,2021-11-28,Enterprise,West,Pro,Active,aaron48@example.net
CUST_01766,Thomas Austin,2022-02-11,SMB,International,Basic,Churned,brownrobert@example.org
CUST_01767,Mr. William Bray,2022-11-10,Mid-Market,South,Basic,Active,petermoore@example.com
CUST_01768,Corey Flowers,2022-06-29,Mid-Market,East,Basic,Churned,perezstacy@example.org
CUST_01769,Becky Singh,2021-09-18,SMB,West,Pro,Active,jamiethomas@example.com
CUST_01770,Alexandra Wilson,2023-03-08,SMB,East,Enterprise,Churned,alexandria97@example.org
CUST_01771,Elizabeth Martinez,2022-12-06,SMB,North,Enterprise,Active,whernandez@example.net
CUST_01772,Dillon Travis,2022-12-02,SMB,West,Basic,Active,qmassey@example.org
CUST_01773,Jessica Jackson,2022-08-01,SMB,East,Basic,Active,oblake@example.net
CUST_01774,Zachary Morrison,2023-11-14,SMB,North,Basic,Churned,john76@example.com
CUST_01775,Brian Carrillo,2022-05-22,Mid-Market,South,Basic,Active,rebecca85@example.com
CUST_01776,Danielle Kelly,2021-07-31,Mid-Market,West,Pro,Active,garcialinda@example.org
CUST_01777,Connie Hamilton,2024-04-25,SMB,International,Basic,Active,dalton78@example.net
CUST_01778,Jamie Stone,2022-07-15,Enterprise,South,Basic,Active,gwilliams@example.net
CUST_01779,Maria Garcia,2021-07-06,SMB,East,Pro,Active,wilsonkathryn@example.com
CUST_01780,Michelle Munoz,2022-04-19,Mid-Market,West,Pro,Active,chiggins@example.com
CUST_01781,Jessica Murray,2021-04-16,Mid-Market,South,Basic,Active,bentleylisa@example.net
CUST_01782,Jessica Odonnell,2023-05-07,Mid-Market,South,Basic,Active,ashleyjohnson@example.com
CUST_01783,Thomas Pham,2022-10-21,SMB,North,Basic,Churned,qatkinson@example.com
CUST_01784,Hailey Beltran,2022-01-14,SMB,North,Enterprise,Churned,joshuabowers@example.com
CUST_01785,William Baker,2021-01-28,SMB,North,Basic,Active,jasontownsend@example.net
CUST_01786,Natalie Mullins,2023-01-11,SMB,South,Basic,Active,megangates@example.com
CUST_01787,Joshua Trujillo,2022-07-20,SMB,North,Pro,Churned,leslietorres@example.net
CUST_01788,Jared Howell,2024-05-17,Mid-Market,North,Enterprise,Churned,katherineharris@example.net
CUST_01789,Mr. Jeffrey Ward,2022-01-26,SMB,West,Enterprise,Churned,susanmorris@example.org
CUST_01790,Eric Hunter,2022-12-04,Mid-Market,International,Basic,Active,katherine82@example.com
CUST_01791,Angela Davis,2021-11-11,SMB,East,Enterprise,Churned,jphelps@example.net
CUST_01792,Hector Anderson,2024-02-22,Mid-Market,South,Pro,Active,vgarcia@example.com
CUST_01793,Tricia Nguyen,2023-06-13,SMB,West,Pro,Churned,scottwilliams@example.net
CUST_01794,Willie Johnson,2021-02-14,Mid-Market,East,Enterprise,Churned,marthalucero@example.org
CUST_01795,Jessica Cain,2024-03-05,Mid-Market,South,Enterprise,Churned,alexandersanchez@example.org
CUST_01796,Karen Gonzales,2023-10-11,SMB,West,Basic,Active,robertabbott@example.net
CUST_01797,Kenneth Barrera,2023-11-10,SMB,North,Enterprise,Active,tfrancis@example.com
CUST_01798,Deborah Wood,2022-01-12,SMB,South,Pro,Churned,lukekelly@example.net
CUST_01799,Scott Andersen,2023-11-17,SMB,North,Pro,Active,laurariley@example.org
CUST_01800,Dr. Katie Alvarez,2022-03-28,SMB,South,Pro,Churned,daniel93@example.net
CUST_01801,Michael Bray,2023-12-29,Mid-Market,North,Basic,Active,stevenandrews@example.org
CUST_01802,Jeffrey Garza,2021-09-30,Enterprise,International,Basic,Active,bentongeorge@example.net
CUST_01803,Matthew Huang,2022-03-07,SMB,North,Pro,Active,jdillon@example.org
CUST_01804,Ana Higgins,2023-01-26,Enterprise,East,Basic,Active,stacey09@example.com
CUST_01805,Phillip Anderson,2021-10-01,SMB,South,Enterprise,Active,clewis@example.com
CUST_01806,Megan Rivera,2021-01-22,SMB,North,Basic,Active,ithomas@example.net
CUST_01807,Shari Arellano,2021-02-02,Mid-Market,North,Enterprise,Active,josephmichael@example.org
CUST_01808,Andrea Brown,2021-08-06,SMB,West,Enterprise,Active,ucross@example.org
CUST_01809,Kyle Blake,2024-05-22,SMB,South,Enterprise,Active,maryjohnson@example.com
CUST_01810,Evelyn Davis,2024-04-06,SMB,South,Basic,Active,rberry@example.com
CUST_01811,Jane Wells,2023-06-08,SMB,South,Basic,Active,isaac45@example.org
CUST_01812,Sherry Porter,2022-01-14,SMB,North,Basic,Active,jorgegonzalez@example.com
CUST_01813,Miss Gina Walton,2022-01-05,Mid-Market,International,Pro,Active,andrew90@example.net
CUST_01814,Jake Jackson,2023-03-19,Enterprise,North,Basic,Active,smithpaul@example.org
CUST_01815,Laura Brooks,2023-07-21,Mid-Market,South,Basic,Active,sosajacob@example.net
CUST_01816,Mr. William Davis DDS,2021-01-25,SMB,East,Basic,Active,carolberry@example.com
CUST_01817,Sheryl Thompson,2021-03-31,Mid-Market,West,Basic,Churned,lisawallace@example.net
CUST_01818,Joshua Rubio,2024-05-13,SMB,International,Basic,Churned,aguirrelarry@example.com
CUST_01819,Michael Lawrence,2022-11-25,SMB,North,Enterprise,Active,racheljimenez@example.net
CUST_01820,Louis Rogers,2023-06-29,Enterprise,West,Basic,Active,jmcfarland@example.com
CUST_01821,Terry Barnett,2024-01-19,Mid-Market,North,Pro,Active,morganmichael@example.org
CUST_01822,Katherine Bauer,2021-07-30,SMB,West,Basic,Active,howardsabrina@example.com
CUST_01823,Susan Zimmerman,2021-01-03,Enterprise,South,Enterprise,Active,abbottchristopher@example.net
CUST_01824,Joseph Andrews,2022-08-11,Enterprise,North,Pro,Active,psherman@example.org
CUST_01825,Chad Gallagher,2021-08-19,SMB,International,Basic,Active,sheryl66@example.com
CUST_01826,John Henry,2022-08-01,SMB,International,Basic,Active,anna96@example.com
CUST_01827,Dr. Dustin Sutton Jr.,2021-06-23,SMB,International,Basic,Active,lopezchristopher@example.net
CUST_01828,Laura Thompson,2024-05-13,SMB,East,Basic,Churned,jocelyn80@example.org
CUST_01829,Janice Bell,2022-08-11,Mid-Market,West,Enterprise,Active,colongabrielle@example.com
CUST_01830,Kelly Thompson,2022-06-28,Enterprise,West,Enterprise,Active,erin03@example.org
CUST_01831,Cody Walker,2021-11-01,SMB,North,Basic,Active,charles37@example.org
CUST_01832,Lisa Williams,2023-09-07,Enterprise,South,Basic,Active,sharris@example.org
CUST_01833,Abigail Allen,2021-10-24,Enterprise,West,Pro,Active,tracey63@example.com
CUST_01834,Jennifer Moore,2022-10-16,SMB,South,Basic,Active,christyscott@example.com
CUST_01835,Michelle Barrera,2022-11-14,SMB,East,Enterprise,Churned,jamie46@example.net
CUST_01836,Rodney Bennett,2024-01-31,SMB,South,Enterprise,Active,lisafreeman@example.net
CUST_01837,Michael Williams,2023-02-27,SMB,West,Pro,Churned,sanderson@example.org
CUST_01838,Brian Moore,2022-03-26,SMB,West,Pro,Active,ijones@example.com
CUST_01839,Patrick Moses,2021-02-05,Mid-Market,International,Basic,Active,smitchell@example.com
CUST_01840,Deborah Juarez,2022-12-17,SMB,North,Basic,Active,mcarson@example.org
CUST_01841,Kathleen Martinez,2023-08-01,SMB,North,Enterprise,Churned,harrisondaniel@example.org
CUST_01842,James Miller,2022-05-12,SMB,International,Enterprise,Churned,allenchristina@example.com
CUST_01843,Jessica Hammond,2021-10-21,Mid-Market,North,Pro,Active,kaylahardy@example.org
CUST_01844,Tiffany Peterson,2021-08-06,Enterprise,South,Enterprise,Active,sandra57@example.org
CUST_01845,Amy James,2021-03-03,Enterprise,International,Enterprise,Active,william32@example.net
CUST_01846,Matthew Gonzales,2023-05-03,Enterprise,North,Basic,Active,pjones@example.net
CUST_01847,Kristin Thomas,2022-09-06,Mid-Market,West,Pro,Active,brian16@example.net
CUST_01848,Lisa Jackson,2021-01-28,SMB,East,Pro,Churned,mitchell21@example.net
CUST_01849,James Hart,2021-12-22,Mid-Market,North,Enterprise,Active,hmack@example.org
CUST_01850,Amanda Gardner,2023-07-20,Enterprise,West,Enterprise,Active,banksrenee@example.net
CUST_01851,Diane Jensen,2022-04-11,SMB,East,Enterprise,Active,pkent@example.net
CUST_01852,David Baird DDS,2021-09-14,Mid-Market,East,Enterprise,Active,jcalhoun@example.com
CUST_01853,Heather Thomas,2024-02-20,Mid-Market,South,Basic,Active,sylviaprice@example.com
CUST_01854,Isabel Smith,2023-04-10,Enterprise,East,Pro,Active,douglas76@example.net
CUST_01855,Sarah Archer,2022-02-03,Mid-Market,East,Enterprise,Active,marygomez@example.com
CUST_01856,Jason Quinn,2022-11-19,Enterprise,West,Basic,Churned,dfarley@example.com
CUST_01857,Maurice Anderson,2024-05-07,Mid-Market,North,Pro,Churned,johnmarquez@example.net
CUST_01858,Shane Hopkins,2021-03-08,SMB,North,Basic,Churned,rachel86@example.com
CUST_01859,Cindy Thomas,2023-09-18,Enterprise,North,Pro,Churned,danielsshaun@example.net
CUST_01860,Curtis Morgan,2023-01-01,Mid-Market,North,Enterprise,Active,donnagiles@example.com
CUST_01861,Jeremy Benson,2023-03-12,SMB,South,Pro,Active,lbradley@example.com
CUST_01862,Miss Patricia Davidson,2023-04-15,SMB,North,Pro,Active,edwardstewart@example.org
CUST_01863,Bianca Velazquez,2021-02-18,SMB,West,Pro,Active,cheryl98@example.net
CUST_01864,Amanda Davis,2022-08-18,Mid-Market,International,Pro,Churned,milleralan@example.org
CUST_01865,Brandon Huynh,2022-04-20,SMB,East,Basic,Active,james23@example.com
CUST_01866,Heidi Blankenship,2021-11-26,SMB,West,Pro,Active,talvarez@example.org
CUST_01867,Brian Hoffman,2023-12-08,SMB,East,Enterprise,Active,frankwilson@example.net
CUST_01868,Justin Fuller,2023-01-08,Mid-Market,South,Enterprise,Active,hannah31@example.net
CUST_01869,Susan Davis,2023-03-05,SMB,West,Basic,Churned,taylorparker@example.com
CUST_01870,Randall Willis,2024-03-07,SMB,International,Pro,Active,sarah99@example.org
CUST_01871,Alejandro Vasquez,2022-09-26,SMB,North,Enterprise,Active,nicole15@example.org
CUST_01872,Marcus Byrd,2021-07-12,SMB,North,Enterprise,Active,danieldonovan@example.net
CUST_01873,Mark Carter,2024-03-26,Mid-Market,North,Basic,Active,gomeztonya@example.com
CUST_01874,Steven Butler,2022-06-13,Enterprise,West,Basic,Active,michaelking@example.net
CUST_01875,Joseph Moon,2021-10-15,SMB,South,Enterprise,Active,kflores@example.org
CUST_01876,Melody Baker,2022-08-11,SMB,South,Pro,Active,rmorgan@example.net
CUST_01877,Mary Hopkins MD,2023-01-22,SMB,North,Enterprise,Active,andersontiffany@example.net
CUST_01878,Kenneth Turner,2023-04-27,SMB,North,Basic,Active,rebeccajames@example.org
CUST_01879,Debra Brooks,2021-04-27,Mid-Market,West,Enterprise,Active,linda66@example.net
CUST_01880,Tommy Ball,2021-08-04,Mid-Market,North,Enterprise,Active,tracyadams@example.com
CUST_01881,Angela Wade,2023-03-07,Mid-Market,North,Basic,Active,michelle10@example.org
CUST_01882,Ashley Jones,2024-01-01,SMB,East,Basic,Active,calvin93@example.org
CUST_01883,Alexandra Smith,2023-03-24,SMB,West,Basic,Active,molly91@example.org
CUST_01884,Tracie Costa,2024-05-22,Mid-Market,South,Basic,Active,kristi19@example.org
CUST_01885,Charles Hardin,2021-03-20,SMB,South,Pro,Active,lopezjennifer@example.org
CUST_01886,Rickey Hall,2024-03-09,SMB,North,Basic,Churned,lovepaul@example.net
CUST_01887,Karen Gonzalez,2023-01-11,SMB,International,Basic,Active,ljacobs@example.com
CUST_01888,Michael Hancock,2021-02-16,SMB,North,Basic,Active,ramoswilliam@example.org
CUST_01889,Craig Thomas,2021-06-21,SMB,East,Basic,Churned,hollywarner@example.org
CUST_01890,Samuel Avila,2023-07-14,Mid-Market,International,Basic,Active,franciscoreid@example.net
CUST_01891,Jason Davidson,2021-04-21,SMB,South,Pro,Churned,ronaldsummers@example.net
CUST_01892,Adam Zamora,2021-12-03,SMB,West,Basic,Churned,juan21@example.org
CUST_01893,Gregory Quinn,2021-11-26,SMB,East,Pro,Active,wmiller@example.net
CUST_01894,William Craig,2021-01-21,Mid-Market,East,Enterprise,Active,brianna59@example.net
CUST_01895,Laura Acosta,2024-03-30,SMB,West,Basic,Active,shannon75@example.com
CUST_01896,John Gardner,2022-10-11,Mid-Market,International,Enterprise,Churned,jeremyjackson@example.net
CUST_01897,John Murray,2022-10-11,SMB,East,Enterprise,Churned,dford@example.com
CUST_01898,Oscar Cruz,2021-01-08,SMB,East,Pro,Active,markskristina@example.com
CUST_01899,Lynn Ross MD,2024-03-30,SMB,East,Enterprise,Churned,edwardshah@example.org
CUST_01900,James Hernandez,2024-01-24,Mid-Market,South,Enterprise,Active,james76@example.org
CUST_01901,Tyler Dunn,2022-01-27,SMB,North,Basic,Active,jameslawson@example.com
CUST_01902,Travis Moore,2021-02-03,SMB,West,Basic,Active,gomezdaniel@example.com
CUST_01903,Lisa Thomas,2023-10-20,Mid-Market,North,Enterprise,Active,alara@example.com
CUST_01904,Eric Moore,2024-01-16,SMB,South,Pro,Active,gabriella69@example.org
CUST_01905,Kendra Peterson,2023-07-29,SMB,International,Basic,Active,lindsay25@example.net
CUST_01906,Amy West,2023-02-21,Mid-Market,East,Pro,Active,usanchez@example.net
CUST_01907,Shane Edwards,2021-07-23,SMB,East,Pro,Active,jbuchanan@example.com
CUST_01908,Erin Lee,2023-04-23,SMB,East,Basic,Churned,tammyharrington@example.net
CUST_01909,Crystal Watkins,2023-06-29,SMB,East,Pro,Active,lisawright@example.net
CUST_01910,Alec Dixon,2022-03-10,SMB,International,Pro,Churned,cruzeddie@example.com
CUST_01911,John Morrison,2023-08-20,SMB,North,Basic,Active,carl63@example.com
CUST_01912,Helen Strickland,2023-03-22,Mid-Market,East,Enterprise,Churned,owright@example.org
CUST_01913,Roger Olson,2022-06-26,Mid-Market,South,Basic,Active,kristenfrye@example.com
CUST_01914,Miss Kimberly Holloway,2021-01-09,SMB,West,Enterprise,Active,susanharper@example.org
CUST_01915,Antonio Dyer,2023-02-06,Mid-Market,North,Basic,Active,john66@example.net
CUST_01916,Alexandra Green,2021-12-16,SMB,South,Pro,Active,kennethjohnson@example.net
CUST_01917,Angela Marshall,2022-01-30,SMB,International,Basic,Active,seanreyes@example.org
CUST_01918,Olivia Rodriguez,2023-05-29,Mid-Market,International,Basic,Churned,stephen39@example.com
CUST_01919,Kevin Morris,2022-10-14,SMB,North,Enterprise,Active,martinezmindy@example.net
CUST_01920,Charles Decker,2023-10-30,Mid-Market,West,Basic,Churned,opierce@example.com
CUST_01921,Jennifer Nguyen,2022-06-17,SMB,West,Basic,Active,schneidermario@example.net
CUST_01922,Jorge Sharp,2021-02-22,Mid-Market,North,Basic,Active,tylermcintosh@example.org
CUST_01923,Joseph Bentley,2024-01-19,SMB,North,Pro,Active,christopherward@example.com
CUST_01924,Jason Potter,2021-09-25,Enterprise,West,Basic,Active,dmorales@example.net
CUST_01925,Richard Neal,2022-03-31,SMB,North,Enterprise,Churned,olsenshane@example.org
CUST_01926,Sheila Perez,2023-02-14,SMB,West,Basic,Active,newmanangela@example.org
CUST_01927,Melissa Mendoza,2021-02-17,SMB,International,Basic,Active,robinsonjesse@example.org
CUST_01928,Brenda Flores,2024-05-05,SMB,East,Basic,Churned,qavila@example.com
CUST_01929,Ralph Vasquez,2021-06-08,Enterprise,North,Basic,Active,cpierce@example.org
CUST_01930,Christine Aguilar,2023-10-03,Mid-Market,South,Enterprise,Active,baileychristopher@example.com
CUST_01931,Sandra Sanders,2022-03-07,Mid-Market,East,Pro,Active,amandaherman@example.net
CUST_01932,Deborah Brooks,2021-11-26,Mid-Market,International,Basic,Churned,mmoore@example.net
CUST_01933,Craig Hurst,2024-05-27,Enterprise,East,Basic,Active,swilson@example.com
CUST_01934,Larry Curtis,2024-05-13,Enterprise,South,Basic,Active,hharris@example.org
CUST_01935,Brian Fitzpatrick,2022-01-30,Mid-Market,International,Pro,Active,jameshudson@example.net
CUST_01936,Michael Lewis,2022-03-19,SMB,West,Pro,Active,michael03@example.net
CUST_01937,Sarah Robinson,2022-03-27,Enterprise,South,Basic,Active,collinsjavier@example.org
CUST_01938,Christine Arroyo,2022-02-13,SMB,South,Basic,Active,dcortez@example.com
CUST_01939,Carmen Vasquez,2023-10-13,Mid-Market,South,Pro,Active,laura31@example.net
CUST_01940,Aaron Johnson,2022-02-10,SMB,South,Enterprise,Active,vincentstacey@example.org
CUST_01941,James Carroll,2024-04-10,SMB,South,Basic,Active,coltonrichardson@example.net
CUST_01942,Jay Walter,2023-09-27,SMB,North,Basic,Active,ramirezdesiree@example.com
CUST_01943,Stephanie Turner,2022-10-15,Mid-Market,South,Pro,Active,stephen31@example.net
CUST_01944,Melanie Johnson,2023-02-05,SMB,East,Pro,Active,hthompson@example.org
CUST_01945,Jordan Tanner,2023-11-14,SMB,International,Pro,Churned,joseph97@example.org
CUST_01946,Brittany Brown,2023-12-23,Mid-Market,International,Pro,Active,fjohnson@example.com
CUST_01947,Jennifer Dudley,2022-01-16,Enterprise,South,Basic,Active,douglassusan@example.com
CUST_01948,Michelle Harris,2022-10-06,Enterprise,South,Pro,Active,andrew43@example.org
CUST_01949,Rita Forbes,2023-08-12,Mid-Market,South,Basic,Active,russomary@example.com
CUST_01950,Michele Conner,2022-08-04,Mid-Market,North,Basic,Active,mitchellchristopher@example.com
CUST_01951,John Martin,2024-05-29,SMB,South,Basic,Active,jessica82@example.com
CUST_01952,Hannah Thompson,2023-05-14,SMB,East,Pro,Active,wwatson@example.com
CUST_01953,Michael Preston,2021-04-12,Mid-Market,North,Enterprise,Active,bward@example.org
CUST_01954,Stacey Cook,2021-09-12,SMB,South,Enterprise,Active,debbie78@example.net
CUST_01955,Andrew Hunter,2021-02-13,SMB,North,Pro,Churned,carolfernandez@example.net
CUST_01956,Robert Taylor,2023-08-04,SMB,International,Enterprise,Churned,makaylasanders@example.com
CUST_01957,Wanda Stephens,2023-12-17,SMB,International,Pro,Churned,johnstonjonathan@example.net
CUST_01958,Carmen Perez,2023-05-01,SMB,North,Basic,Active,tracy55@example.net
CUST_01959,Kelly Weiss,2024-02-14,Mid-Market,South,Enterprise,Active,barbarabrady@example.net
CUST_01960,Ashley Bowman,2023-07-20,SMB,South,Basic,Active,smoore@example.org
CUST_01961,Stephanie Costa,2021-07-30,SMB,West,Enterprise,Churned,simpsonruth@example.net
CUST_01962,Dana Sullivan,2022-10-24,Enterprise,North,Basic,Active,amberdavis@example.org
CUST_01963,Andre Martinez,2023-01-26,SMB,North,Basic,Active,mariabecker@example.org
CUST_01964,Trevor Henderson,2021-04-18,SMB,West,Basic,Churned,dorothy09@example.com
CUST_01965,James Torres,2021-06-03,SMB,International,Basic,Churned,lreid@example.org
CUST_01966,Vanessa Porter,2021-12-15,SMB,South,Enterprise,Active,anthony76@example.net
CUST_01967,Jenny Matthews,2021-10-31,SMB,South,Basic,Active,stacy70@example.com
CUST_01968,John Bullock,2023-07-05,SMB,South,Enterprise,Active,fking@example.org
CUST_01969,Ronald Welch,2023-10-01,SMB,East,Basic,Active,gibsonkaitlyn@example.org
CUST_01970,Julie Morris,2022-06-25,Mid-Market,North,Pro,Active,arobinson@example.org
CUST_01971,Carl Huffman,2022-05-12,SMB,West,Basic,Active,wallssean@example.net
CUST_01972,Donald Cunningham,2023-10-10,SMB,North,Basic,Churned,kingdavid@example.net
CUST_01973,Steven Carter Jr.,2022-01-20,Enterprise,West,Basic,Active,carolyn61@example.net
CUST_01974,Ryan Gonzalez,2023-11-19,Mid-Market,West,Enterprise,Active,ywright@example.net
CUST_01975,Susan Barton,2021-11-12,SMB,East,Basic,Active,turnerjeffrey@example.net
CUST_01976,Katherine Reeves,2023-03-01,Enterprise,International,Basic,Active,garciadonald@example.net
CUST_01977,Lisa Johnson,2022-01-20,SMB,West,Pro,Churned,srichardson@example.com
CUST_01978,Joseph Benson,2024-03-28,Mid-Market,International,Pro,Active,barnesarthur@example.com
CUST_01979,Jennifer Brown,2022-05-08,Enterprise,West,Enterprise,Churned,natalie57@example.com
CUST_01980,Dana Reilly,2023-12-24,SMB,East,Basic,Active,davidmartin@example.net
CUST_01981,Craig Keller,2023-06-03,Mid-Market,North,Enterprise,Active,angela71@example.net
CUST_01982,Jason Castro,2023-06-23,Mid-Market,South,Pro,Active,jamesevans@example.net
CUST_01983,Alexandra Brown,2023-05-16,Enterprise,West,Pro,Active,rodriguezelizabeth@example.net
CUST_01984,Elizabeth Cain,2024-05-29,Mid-Market,South,Basic,Active,samantha73@example.org
CUST_01985,Karen Lewis,2021-08-16,Mid-Market,East,Pro,Active,paulschultz@example.net
CUST_01986,Andrea Estrada,2021-05-15,Enterprise,South,Basic,Active,michellejones@example.net
CUST_01987,Angel Martin DDS,2023-04-09,Mid-Market,West,Enterprise,Active,xfranco@example.org
CUST_01988,Jennifer Goodwin,2022-07-04,Enterprise,International,Pro,Active,harrellkimberly@example.org
CUST_01989,Nicholas Brooks,2024-05-06,Mid-Market,East,Basic,Active,oobrien@example.net
CUST_01990,Karen Avery,2023-09-04,Enterprise,International,Basic,Active,wlucas@example.net
CUST_01991,Kyle Roberts,2021-05-23,SMB,North,Pro,Churned,reynoldsanthony@example.org
CUST_01992,Michele Waters,2023-08-30,Mid-Market,International,Pro,Active,woodphillip@example.com
CUST_01993,Victoria Peterson,2021-12-16,Enterprise,International,Enterprise,Active,samantha78@example.com
CUST_01994,Seth Barker,2024-04-09,SMB,International,Pro,Churned,taylordavis@example.com
CUST_01995,Kim Jensen,2021-02-05,SMB,North,Pro,Active,kingjoseph@example.com
CUST_01996,Linda Perez,2021-12-09,SMB,East,Enterprise,Active,rebecca93@example.com
CUST_01997,Cheryl Rogers,2022-11-19,SMB,West,Basic,Active,mramirez@example.com
CUST_01998,Chelsea Austin,2023-09-24,SMB,South,Enterprise,Churned,leahbarker@example.org
CUST_01999,Heather Daniels,2022-11-15,SMB,South,Enterprise,Active,james79@example.net
CUST_02000,Nathaniel Walter,2024-05-05,SMB,International,Enterprise,Active,jamietyler@example.com
CUST_02001,Matthew Crawford,2021-10-30,Mid-Market,East,Pro,Active,peterlove@example.net
CUST_02002,Glenn Scott,2023-10-17,SMB,North,Pro,Churned,kingtammy@example.net
CUST_02003,Mrs. Chelsea Villa,2022-02-27,SMB,South,Pro,Active,jgibson@example.net
CUST_02004,Kayla Fisher,2022-07-15,Mid-Market,East,Enterprise,Active,brent67@example.net
CUST_02005,Jeffrey Edwards,2023-12-16,SMB,South,Enterprise,Churned,herbertward@example.org
CUST_02006,Benjamin Rodriguez,2024-04-21,SMB,South,Basic,Active,david16@example.org
CUST_02007,Matthew Brown,2023-12-02,SMB,North,Basic,Active,morganclaudia@example.com
CUST_02008,David Robinson,2024-03-06,SMB,West,Basic,Active,sarah53@example.org
CUST_02009,Kevin Farmer,2023-10-19,SMB,International,Basic,Active,lindabryan@example.org
CUST_02010,Alicia Martin,2022-08-17,Enterprise,East,Pro,Active,lisa11@example.org
CUST_02011,Connie Stevens,2022-08-27,SMB,South,Basic,Churned,patricialowery@example.com
CUST_02012,David Parker,2021-04-19,Enterprise,East,Basic,Active,ogriffin@example.org
CUST_02013,Jennifer Wallace,2021-04-13,Enterprise,West,Basic,Active,jocelyncruz@example.net
CUST_02014,Allison Hubbard,2024-02-23,Mid-Market,International,Basic,Churned,nicolehenry@example.net
CUST_02015,Alex Romero,2022-02-07,Enterprise,International,Basic,Active,mmassey@example.org
CUST_02016,Michael Burke,2022-12-28,SMB,North,Basic,Churned,zjackson@example.org
CUST_02017,Harry Hill,2021-07-20,SMB,South,Basic,Active,rachel69@example.com
CUST_02018,Melissa Elliott,2023-06-12,SMB,North,Pro,Active,chavezlauren@example.com
CUST_02019,Heather Smith,2022-02-13,Mid-Market,West,Pro,Active,bramsey@example.org
CUST_02020,Gregory Adams,2022-09-01,Mid-Market,South,Basic,Active,timothy23@example.net
CUST_02021,Linda Patrick,2023-06-14,SMB,South,Pro,Churned,wernermichael@example.org
CUST_02022,Thomas Davis,2023-01-03,SMB,East,Pro,Active,wrightalicia@example.com
CUST_02023,Edward Garrison,2021-02-26,Mid-Market,South,Pro,Active,monica23@example.com
CUST_02024,Joseph Hall,2021-10-15,Enterprise,North,Enterprise,Active,oliverashley@example.net
CUST_02025,Joshua Mcmahon,2021-09-18,Mid-Market,East,Basic,Active,joelmorton@example.org
CUST_02026,Angela Mejia,2023-03-16,SMB,North,Enterprise,Churned,lisa28@example.org
CUST_02027,Kristen Wood,2023-11-27,SMB,West,Pro,Active,ericfrederick@example.org
CUST_02028,Erika Jackson,2021-08-08,Enterprise,West,Basic,Active,william08@example.net
CUST_02029,Jennifer Jackson,2022-11-10,Enterprise,East,Basic,Active,imoore@example.org
CUST_02030,Sandra Berry,2021-04-19,Enterprise,East,Pro,Active,steven72@example.net
CUST_02031,David Bowman,2021-10-07,SMB,International,Pro,Churned,jonesnicholas@example.org
CUST_02032,Joseph Burns,2022-09-29,SMB,South,Enterprise,Active,upierce@example.com
CUST_02033,Julie Holland,2022-02-16,SMB,East,Enterprise,Churned,kristin96@example.com
CUST_02034,Jennifer Gordon,2021-07-18,Enterprise,North,Pro,Active,cmartinez@example.org
CUST_02035,Zachary Wilkinson,2023-03-12,Enterprise,East,Basic,Churned,munozrobert@example.com
CUST_02036,Alexander Freeman,2022-04-27,Enterprise,International,Pro,Active,lewiskimberly@example.org
CUST_02037,Kevin Blake,2021-09-10,SMB,West,Enterprise,Active,deborahturner@example.org
CUST_02038,Steven Mckee,2022-05-08,SMB,West,Basic,Churned,tommy77@example.com
CUST_02039,Julie Perry,2022-08-17,SMB,East,Pro,Churned,sanchezdustin@example.net
CUST_02040,Elizabeth Brown,2022-07-18,Enterprise,South,Pro,Active,pblankenship@example.com
CUST_02041,Edward Nicholson,2023-05-21,SMB,South,Basic,Churned,ewilliams@example.org
CUST_02042,Corey Weeks,2024-04-03,Mid-Market,South,Basic,Active,alexgarcia@example.net
CUST_02043,Debra Johnson,2021-03-29,SMB,East,Enterprise,Active,crystalwatson@example.com
CUST_02044,Robert Stevens,2023-07-28,Mid-Market,International,Basic,Active,justin08@example.net
CUST_02045,Jeffrey Freeman,2023-10-28,SMB,International,Basic,Churned,estradaamy@example.net
CUST_02046,Andrea Donaldson,2021-12-24,SMB,East,Pro,Active,trivera@example.com
CUST_02047,Madison Thomas,2021-10-14,Mid-Market,South,Pro,Active,christopherreyes@example.com
CUST_02048,Andrew Smith,2023-09-18,SMB,South,Basic,Active,jameshudson@example.com
CUST_02049,Sonya Simmons,2023-11-05,SMB,East,Pro,Active,veronica30@example.org
CUST_02050,Andrew Acosta,2024-04-04,SMB,South,Basic,Active,robinsonrose@example.org
CUST_02051,Katherine Miller,2021-11-22,SMB,North,Pro,Churned,vcain@example.net
CUST_02052,Jacqueline Harrison,2022-10-25,SMB,West,Pro,Active,barbara85@example.net
CUST_02053,Kelsey Contreras,2022-04-30,SMB,West,Enterprise,Churned,linda33@example.org
CUST_02054,Dillon Case,2023-05-11,SMB,South,Pro,Active,victor60@example.net
CUST_02055,Scott Rodriguez,2021-05-30,Enterprise,North,Basic,Active,angelarichard@example.org
CUST_02056,Danielle Stein,2021-12-23,Mid-Market,North,Pro,Active,terrywilliam@example.com
CUST_02057,Jennifer Rivera,2024-03-21,SMB,International,Basic,Active,sanchezcindy@example.net
CUST_02058,Erik Small,2022-04-07,Mid-Market,West,Pro,Active,bsullivan@example.org
CUST_02059,William Cook,2022-01-29,Mid-Market,West,Enterprise,Churned,david37@example.com
CUST_02060,Jennifer Lewis,2021-03-10,Enterprise,North,Enterprise,Active,satkinson@example.org
CUST_02061,Carmen Moore,2024-01-25,SMB,South,Basic,Active,brittney11@example.org
CUST_02062,Omar Hernandez,2023-12-18,Mid-Market,International,Pro,Active,fvasquez@example.net
CUST_02063,Wendy Smith,2022-12-23,SMB,East,Pro,Active,antoniocarter@example.com
CUST_02064,Tamara Graves,2023-06-18,SMB,West,Enterprise,Active,williamspatricia@example.com
CUST_02065,Zachary Miller,2023-11-26,Mid-Market,North,Basic,Active,mendezlori@example.org
CUST_02066,Stephanie Holloway,2022-11-09,Enterprise,East,Basic,Churned,lrodriguez@example.com
CUST_02067,Kelly Decker,2023-03-11,SMB,West,Basic,Active,dillon79@example.com
CUST_02068,Ricardo Robertson,2021-06-03,Enterprise,International,Enterprise,Active,sobrien@example.com
CUST_02069,Samuel Ortega,2022-10-02,Mid-Market,East,Pro,Active,wpatrick@example.net
CUST_02070,Matthew Briggs,2023-08-23,Enterprise,North,Pro,Active,proman@example.com
CUST_02071,Christine Murray,2023-05-14,SMB,North,Pro,Churned,benjaminbrown@example.org
CUST_02072,Zachary Martinez,2024-01-26,Mid-Market,North,Enterprise,Active,campbellmarvin@example.com
CUST_02073,Michelle Graham,2021-05-08,Mid-Market,International,Enterprise,Active,spearselizabeth@example.net
CUST_02074,Laurie Pineda,2021-03-14,Enterprise,International,Enterprise,Active,pauladouglas@example.com
CUST_02075,Corey Jones,2021-06-15,Enterprise,West,Pro,Active,randalllinda@example.com
CUST_02076,Jonathan Barrett,2021-08-02,SMB,West,Basic,Churned,ubowers@example.com
CUST_02077,Gabriel Levy,2022-09-14,SMB,South,Pro,Active,wbarrett@example.net
CUST_02078,Catherine Booth,2021-02-23,SMB,International,Basic,Active,stephanieperry@example.com
CUST_02079,Felicia Williams,2021-02-07,SMB,International,Pro,Active,johnmunoz@example.com
CUST_02080,Michelle Butler,2023-05-31,Enterprise,West,Enterprise,Active,welchjennifer@example.net
CUST_02081,Aaron Webb,2023-01-24,SMB,North,Basic,Active,jasoncook@example.net
CUST_02082,Natasha Hill,2021-07-08,Mid-Market,North,Enterprise,Active,lpreston@example.net
CUST_02083,Christina Carrillo,2024-01-04,Mid-Market,International,Pro,Active,gibsonjennifer@example.net
CUST_02084,Zachary Bryant,2021-04-27,SMB,West,Basic,Churned,marvin69@example.net
CUST_02085,Amy Gallegos,2022-12-18,Enterprise,North,Basic,Active,mhickman@example.net
CUST_02086,Ethan Garza,2023-03-26,SMB,North,Enterprise,Active,pbaker@example.org
CUST_02087,Mary Riley,2024-01-19,Enterprise,South,Basic,Active,hbaker@example.org
CUST_02088,Trevor Cole,2022-03-28,SMB,International,Enterprise,Active,dsmith@example.org
CUST_02089,Denise Olsen,2022-05-16,Mid-Market,East,Basic,Active,usmith@example.net
CUST_02090,Patricia Alvarado,2021-04-21,Mid-Market,East,Pro,Active,nzhang@example.net
CUST_02091,Donna Wilson,2021-06-10,Mid-Market,East,Enterprise,Active,saraprice@example.net
CUST_02092,Joshua Gonzalez,2024-02-07,Enterprise,North,Enterprise,Active,pmiller@example.org
CUST_02093,Alicia Anderson,2022-04-27,Mid-Market,North,Enterprise,Active,gary44@example.com
CUST_02094,Jeffery Daniel,2023-10-19,SMB,North,Pro,Active,connor44@example.net
CUST_02095,Margaret Jones,2021-06-23,Mid-Market,South,Pro,Churned,morganfarrell@example.org
CUST_02096,Andrea Townsend,2023-02-23,SMB,North,Basic,Active,tammy17@example.com
CUST_02097,Ralph Chan,2023-06-02,Enterprise,North,Basic,Active,edixon@example.net
CUST_02098,Rachel Kelly,2021-02-23,SMB,West,Basic,Active,gomezpaul@example.org
CUST_02099,Danielle Smith,2022-06-22,SMB,West,Basic,Active,gayfrancis@example.com
CUST_02100,Robert Nichols,2023-06-08,SMB,South,Enterprise,Active,writter@example.net
CUST_02101,Gerald Price,2021-08-12,SMB,West,Enterprise,Active,ggarcia@example.com
CUST_02102,Connor Walsh,2024-01-01,SMB,South,Enterprise,Active,cherryjulie@example.net
CUST_02103,Phyllis Grant,2021-11-29,SMB,East,Pro,Active,phughes@example.com
CUST_02104,Andrew Chavez,2021-02-01,SMB,North,Enterprise,Churned,duncanandre@example.net
CUST_02105,Mariah Perry,2024-01-17,SMB,International,Basic,Churned,montesmichelle@example.org
CUST_02106,Brendan Meyer,2022-07-05,SMB,South,Basic,Active,watkinsthomas@example.net
CUST_02107,Molly Peterson DDS,2021-09-12,SMB,East,Enterprise,Active,hartmandanielle@example.org
CUST_02108,Rodney Carter,2023-06-28,SMB,West,Enterprise,Active,brownkevin@example.org
CUST_02109,Robyn Kidd,2023-09-11,Mid-Market,International,Pro,Active,matthew61@example.net
CUST_02110,Jonathan Rodgers,2021-06-12,SMB,East,Pro,Churned,sjohnson@example.com
CUST_02111,Brandon Taylor,2022-01-04,SMB,North,Basic,Churned,coxcody@example.com
CUST_02112,Emily Martinez,2022-04-11,SMB,East,Basic,Active,brandimiller@example.org
CUST_02113,Ryan Pierce,2021-08-23,Enterprise,North,Pro,Active,cainana@example.net
CUST_02114,Kimberly Escobar,2022-10-12,Mid-Market,South,Pro,Churned,craig60@example.com
CUST_02115,Jennifer Barrett,2022-06-15,SMB,West,Basic,Active,joyce21@example.org
CUST_02116,Leah Rodriguez,2024-01-12,Enterprise,West,Enterprise,Active,zwilliams@example.com
CUST_02117,Brian Moore,2023-06-28,SMB,North,Basic,Churned,christopherjackson@example.net
CUST_02118,Mercedes Garcia,2023-05-02,Enterprise,East,Basic,Churned,ruizjessica@example.org
CUST_02119,Tyler Shields,2024-05-28,Mid-Market,North,Basic,Active,veronicasmith@example.net
CUST_02120,Laura Blair,2023-08-22,Mid-Market,West,Pro,Active,travisyoung@example.com
CUST_02121,Michael Lee,2022-08-19,Mid-Market,South,Basic,Active,max69@example.com
CUST_02122,Donna Wright,2022-10-04,SMB,East,Basic,Active,mannjonathan@example.net
CUST_02123,Dr. Jared Lee III,2022-12-06,SMB,East,Pro,Active,barbaraolsen@example.net
CUST_02124,Michael Anderson,2021-11-04,Mid-Market,West,Pro,Active,halljohn@example.org
CUST_02125,Melinda Anderson,2022-04-05,SMB,North,Basic,Active,joshuarodriguez@example.org
CUST_02126,Michelle Greer,2024-01-09,SMB,West,Pro,Active,gutierrezmatthew@example.com
CUST_02127,Nathaniel Floyd,2023-08-26,SMB,North,Pro,Active,mark66@example.net
CUST_02128,Denise Alvarado,2024-03-24,SMB,North,Basic,Churned,jamiegomez@example.net
CUST_02129,Mary Burns,2023-01-12,Mid-Market,West,Basic,Active,samuel40@example.com
CUST_02130,Antonio Small,2023-07-01,Mid-Market,West,Enterprise,Active,goodmanalice@example.org
CUST_02131,Stanley Taylor,2023-11-02,SMB,South,Basic,Churned,gregory07@example.net
CUST_02132,Jesse Turner,2023-05-08,Mid-Market,North,Pro,Active,shannonbarker@example.com
CUST_02133,Tracey Nelson,2022-05-17,SMB,International,Enterprise,Active,iwalker@example.org
CUST_02134,Maria Cruz,2022-06-18,Mid-Market,North,Pro,Active,danielgriffith@example.net
CUST_02135,Brett Atkins,2023-11-01,Mid-Market,South,Basic,Active,julie01@example.net
CUST_02136,Ashley Roach,2022-01-04,SMB,West,Pro,Active,lisa89@example.net
CUST_02137,Kendra White,2024-02-10,Enterprise,South,Basic,Active,amadden@example.org
CUST_02138,Erin Norris,2023-06-03,SMB,International,Basic,Churned,abradley@example.com
CUST_02139,Brian Torres,2023-12-21,Mid-Market,East,Basic,Active,zking@example.com
CUST_02140,Lori Santiago,2024-02-15,SMB,South,Basic,Churned,cody79@example.org
CUST_02141,Erika Hodge,2022-11-21,Mid-Market,West,Basic,Active,thomas38@example.com
CUST_02142,Jeffrey Hart DDS,2022-12-28,SMB,North,Enterprise,Active,cunninghamderrick@example.com
CUST_02143,Christine Gutierrez,2023-06-12,SMB,West,Pro,Churned,garciaveronica@example.net
CUST_02144,Chad Rojas,2024-04-22,SMB,North,Basic,Active,nathanjohnson@example.org
CUST_02145,Jennifer Esparza,2024-04-30,SMB,International,Basic,Active,forozco@example.com
CUST_02146,Lisa Davis,2021-12-28,SMB,South,Pro,Active,kylie83@example.org
CUST_02147,Donald Jackson,2022-09-01,SMB,North,Enterprise,Active,howetracy@example.org
CUST_02148,Stacy Garcia,2023-11-07,Enterprise,East,Pro,Active,sandyramirez@example.com
CUST_02149,Taylor Mullins,2022-01-01,Mid-Market,South,Basic,Active,anthonydavis@example.net
CUST_02150,Mary Lee,2022-03-08,Enterprise,International,Enterprise,Active,jimwilliams@example.org
CUST_02151,Daniel Anderson,2022-12-13,Mid-Market,South,Enterprise,Active,cbrown@example.org
CUST_02152,Amanda Swanson,2021-12-13,Enterprise,South,Basic,Active,michaelsherman@example.com
CUST_02153,Jessica Watts,2022-04-20,SMB,West,Enterprise,Active,thomassmith@example.com
CUST_02154,Christopher Cameron,2021-12-12,Enterprise,West,Basic,Churned,wrodriguez@example.org
CUST_02155,Christian Rodriguez,2022-02-04,SMB,East,Enterprise,Churned,hollymartin@example.net
CUST_02156,Kristen Byrd,2024-03-15,SMB,North,Basic,Active,olivia29@example.net
CUST_02157,Cindy Cole,2021-08-13,Mid-Market,East,Basic,Active,cherylnorton@example.com
CUST_02158,Larry Howe,2023-10-08,SMB,International,Basic,Churned,gonzalezkenneth@example.net
CUST_02159,Brandon Perkins,2021-08-27,SMB,West,Enterprise,Active,rachelhall@example.net
CUST_02160,Shannon Castro,2021-06-02,SMB,North,Pro,Active,lblankenship@example.net
CUST_02161,Brandy Holmes,2023-11-17,SMB,East,Basic,Active,laurenallen@example.org
CUST_02162,Lisa Wilkerson,2021-03-20,Enterprise,International,Pro,Active,ambermiller@example.net
CUST_02163,Debbie Rivera,2024-02-18,SMB,South,Enterprise,Active,mariawilliams@example.com
CUST_02164,Christine Pratt,2021-01-17,SMB,East,Basic,Churned,hollydavis@example.org
CUST_02165,Andrea Le,2022-02-05,SMB,North,Enterprise,Churned,rojasmarc@example.org
CUST_02166,Wendy Morgan,2022-08-02,Mid-Market,West,Enterprise,Churned,cannonkimberly@example.net
CUST_02167,Shari Sharp,2022-03-15,SMB,East,Basic,Churned,morriskatherine@example.net
CUST_02168,Angela Lee,2021-12-31,Enterprise,North,Pro,Churned,gonzalespatricia@example.net
CUST_02169,Richard Goodman,2022-04-26,SMB,East,Pro,Active,ballvanessa@example.com
CUST_02170,Brian Rocha,2022-09-07,SMB,North,Pro,Active,karen42@example.org
CUST_02171,Brittany Barnett,2023-03-15,SMB,East,Pro,Active,hmitchell@example.org
CUST_02172,Roger Roberts,2022-08-12,SMB,North,Basic,Active,edwardstaylor@example.net
CUST_02173,Alexander Greene,2021-12-27,Mid-Market,South,Basic,Active,stanleynina@example.com
CUST_02174,Glenn Ward,2021-09-20,Mid-Market,West,Basic,Active,alyssa66@example.net
CUST_02175,Jason Salinas,2023-04-24,SMB,East,Enterprise,Active,vickiwood@example.org
CUST_02176,Roberto Glover,2023-04-18,Enterprise,North,Basic,Churned,jblair@example.net
CUST_02177,John Russell,2023-03-13,SMB,South,Basic,Active,robertchase@example.net
CUST_02178,Henry Lutz,2023-09-22,Mid-Market,North,Basic,Active,davidbrown@example.org
CUST_02179,Sharon King,2023-04-20,Mid-Market,South,Enterprise,Active,zamorarose@example.net
CUST_02180,Mario Green,2021-08-14,SMB,West,Pro,Active,amywells@example.org
CUST_02181,Jamie Gallagher,2021-02-10,SMB,East,Basic,Active,rossjohn@example.net
CUST_02182,Michael Montgomery,2022-11-14,Enterprise,West,Basic,Active,jessica89@example.net
CUST_02183,Monica Russell,2023-11-29,SMB,West,Pro,Churned,andrewsuarez@example.net
CUST_02184,Nathan Kirk,2023-03-22,SMB,West,Enterprise,Active,tlewis@example.com
CUST_02185,Shane Short,2022-11-10,Mid-Market,International,Enterprise,Active,sonia62@example.com
CUST_02186,Jacqueline Roberts,2021-02-11,SMB,North,Basic,Active,lopezkristina@example.net
CUST_02187,Gina Vega,2021-03-28,SMB,West,Pro,Churned,james01@example.com
CUST_02188,Jason Ramirez,2022-05-22,Mid-Market,West,Basic,Churned,william88@example.org
CUST_02189,Monica Richardson,2023-04-01,SMB,South,Enterprise,Churned,mariahill@example.net
CUST_02190,Julie Decker,2021-06-01,SMB,North,Basic,Active,nunezmatthew@example.com
CUST_02191,Amy Farrell,2024-01-15,SMB,North,Pro,Active,jamesrobinson@example.com
CUST_02192,Joseph Matthews,2022-02-02,Mid-Market,West,Pro,Active,fosterjeffrey@example.org
CUST_02193,Ann Dawson,2021-02-17,SMB,South,Enterprise,Active,ufox@example.org
CUST_02194,Lisa Gonzalez,2024-03-26,SMB,International,Basic,Active,mccoyjames@example.org
CUST_02195,Mathew Key,2024-02-23,Mid-Market,International,Basic,Active,khanmelissa@example.net
CUST_02196,Bradley Brady,2023-02-23,Mid-Market,East,Pro,Churned,uchang@example.com
CUST_02197,Tyler Garrison,2024-01-25,SMB,South,Basic,Active,smithjack@example.org
CUST_02198,Alyssa Rodriguez PhD,2022-04-21,SMB,North,Pro,Active,dunnmary@example.net
CUST_02199,Dana Bennett,2021-10-22,SMB,South,Basic,Active,fwalsh@example.com
CUST_02200,Samantha Carlson,2023-10-01,SMB,North,Basic,Active,nrangel@example.net
CUST_02201,Jacob Conner,2023-12-08,Enterprise,West,Pro,Active,normajones@example.net
CUST_02202,Bryce Fox,2022-06-01,SMB,West,Basic,Active,daniel43@example.org
CUST_02203,John Massey,2024-03-03,SMB,North,Enterprise,Active,katherinerussell@example.org
CUST_02204,Brooke Lewis,2024-02-26,SMB,North,Basic,Active,charleshayes@example.com
CUST_02205,Billy Scott,2022-10-22,SMB,West,Basic,Active,dominguezmeredith@example.com
CUST_02206,Joshua Shepard,2021-06-16,SMB,West,Pro,Active,gallegoscrystal@example.com
CUST_02207,Timothy Patterson,2021-01-28,Mid-Market,North,Basic,Churned,stonecody@example.net
CUST_02208,Richard Smith,2021-08-21,SMB,South,Basic,Churned,acevedonancy@example.org
CUST_02209,Christina Myers,2023-09-25,Mid-Market,West,Basic,Churned,meyerskathryn@example.com
CUST_02210,Jesus Flores,2021-08-29,SMB,North,Pro,Active,corythompson@example.org
CUST_02211,Gilbert Williams,2023-12-07,Mid-Market,West,Enterprise,Active,lhicks@example.com
CUST_02212,Karina Boone,2022-08-18,SMB,North,Pro,Active,phines@example.org
CUST_02213,Victoria Guerra,2023-11-30,Mid-Market,West,Pro,Active,kara01@example.org
CUST_02214,Julian Leon,2021-10-05,SMB,South,Basic,Churned,vdeleon@example.com
CUST_02215,Scott Durham,2022-01-03,SMB,South,Pro,Churned,ricklewis@example.net
CUST_02216,Nathaniel Brown,2022-01-20,Enterprise,South,Enterprise,Active,shannon09@example.org
CUST_02217,Wendy Carpenter,2023-08-18,Enterprise,North,Pro,Active,prattjustin@example.org
CUST_02218,Michelle Chavez,2022-12-08,Enterprise,International,Pro,Active,brandi26@example.net
CUST_02219,Loretta Garrett,2023-05-23,SMB,West,Basic,Active,qkane@example.com
CUST_02220,Maria Malone,2022-06-06,Mid-Market,South,Pro,Active,hdavis@example.com
CUST_02221,Richard Riley,2021-07-30,SMB,East,Basic,Active,dylancunningham@example.com
CUST_02222,Jonathan Collins,2023-12-06,Mid-Market,North,Basic,Active,stephaniezamora@example.org
CUST_02223,Richard Weiss,2024-04-27,SMB,West,Basic,Active,kimberly66@example.net
CUST_02224,Teresa Russell,2023-08-28,SMB,East,Pro,Churned,branchthomas@example.com
CUST_02225,Joyce Butler,2021-10-28,Enterprise,North,Basic,Active,maygordon@example.org
CUST_02226,Tommy Ramsey,2021-04-17,SMB,North,Basic,Churned,markbates@example.com
CUST_02227,Stephanie Meyer,2022-09-12,SMB,East,Pro,Active,hufftina@example.org
CUST_02228,Toni Clay,2023-03-01,Enterprise,South,Pro,Active,jarvisrachel@example.net
CUST_02229,Gloria Dunn,2021-06-10,Mid-Market,South,Enterprise,Active,richardhines@example.net
CUST_02230,Jessica Adams,2022-07-23,SMB,International,Enterprise,Active,wberry@example.com
CUST_02231,Tammy Robinson,2022-05-29,SMB,East,Pro,Active,gstokes@example.net
CUST_02232,Sonya Miranda,2021-02-21,SMB,South,Pro,Active,ashley14@example.org
CUST_02233,Jennifer Hernandez,2023-05-19,SMB,South,Enterprise,Churned,melissa40@example.org
CUST_02234,Carly Goodwin,2023-02-23,SMB,International,Enterprise,Active,smithmelissa@example.com
CUST_02235,Susan Price,2023-01-10,SMB,North,Enterprise,Active,wilsontina@example.com
CUST_02236,Angela Barnett,2023-01-26,Enterprise,North,Basic,Active,madison00@example.org
CUST_02237,Anthony Wong,2022-07-18,SMB,South,Basic,Active,cartercatherine@example.net
CUST_02238,Jesse Ayala,2022-07-16,Mid-Market,West,Enterprise,Active,monicaavery@example.net
CUST_02239,Charles Blair,2023-08-23,SMB,International,Enterprise,Active,dananelson@example.com
CUST_02240,Kyle Myers,2024-01-23,SMB,East,Pro,Active,kleinshane@example.org
CUST_02241,Pamela Jenkins,2021-11-10,Enterprise,International,Basic,Active,caitlyncooper@example.net
CUST_02242,Nichole Vasquez,2021-09-02,Mid-Market,North,Enterprise,Churned,dlivingston@example.org
CUST_02243,Tara Jones,2024-01-20,SMB,North,Basic,Churned,andrew88@example.com
CUST_02244,Cory Harris,2022-11-13,SMB,West,Pro,Active,christopheranderson@example.com
CUST_02245,Timothy Harris,2024-04-16,SMB,West,Basic,Active,irodriguez@example.org
CUST_02246,Daniel Ferrell,2023-05-03,Mid-Market,West,Basic,Active,erikamiller@example.org
CUST_02247,Brian Christensen,2023-10-25,SMB,West,Basic,Churned,mandypetty@example.com
CUST_02248,Jon Berry,2024-05-31,Mid-Market,North,Basic,Active,nicholas33@example.com
CUST_02249,Michael Phillips,2021-01-07,SMB,West,Basic,Active,brittany29@example.com
CUST_02250,Sean Carter,2021-06-26,SMB,East,Basic,Active,dudleycody@example.com
CUST_02251,Anthony Hayes,2021-06-26,SMB,North,Basic,Churned,marilyn67@example.net
CUST_02252,Charles Ford,2021-01-22,SMB,West,Enterprise,Churned,kcontreras@example.org
CUST_02253,Roy Fowler,2022-05-21,Mid-Market,West,Basic,Active,lshannon@example.net
CUST_02254,Ashley Lee,2021-09-29,SMB,International,Enterprise,Active,ijackson@example.com
CUST_02255,Katherine Simon,2024-03-03,Mid-Market,South,Basic,Active,bhall@example.org
CUST_02256,Kimberly Mcdowell,2021-12-29,Mid-Market,International,Basic,Active,amyferrell@example.com
CUST_02257,Darryl Christensen,2022-12-29,Mid-Market,North,Pro,Active,vasquezjacqueline@example.net
CUST_02258,Jessica Becker,2021-12-16,Mid-Market,South,Pro,Churned,chavezisabel@example.com
CUST_02259,Kathleen Mccullough,2022-03-08,SMB,East,Basic,Active,michellesmith@example.org
CUST_02260,Charles Hopkins,2022-08-15,Mid-Market,West,Pro,Active,henrysoto@example.com
CUST_02261,Angelica Long,2022-07-05,SMB,West,Pro,Churned,alexis58@example.com
CUST_02262,Melissa Sullivan,2021-03-06,SMB,East,Basic,Active,jessicamills@example.org
CUST_02263,Kenneth Murphy,2023-08-15,SMB,East,Pro,Active,wnovak@example.net
CUST_02264,Kristin Ferguson,2021-03-11,Mid-Market,East,Basic,Active,joe99@example.net
CUST_02265,Joshua Smith,2021-11-22,Enterprise,International,Basic,Active,davidsellers@example.com
CUST_02266,Tiffany Holt,2023-01-04,Mid-Market,North,Pro,Active,eileendaniels@example.net
CUST_02267,Melissa Romero,2023-07-24,SMB,North,Basic,Active,deborah49@example.com
CUST_02268,Lisa Spencer,2022-05-14,SMB,East,Pro,Churned,hollandjustin@example.com
CUST_02269,Katie Rivers,2022-09-07,Mid-Market,West,Basic,Churned,dominguezscott@example.com
CUST_02270,Cynthia Stephens,2023-11-05,SMB,International,Basic,Churned,mmyers@example.net
CUST_02271,Mary Johnson,2024-04-29,Mid-Market,East,Basic,Churned,xhill@example.org
CUST_02272,Amy Burton,2023-12-10,SMB,International,Enterprise,Churned,isimpson@example.com
CUST_02273,Chris Hanson,2022-11-14,SMB,North,Enterprise,Active,twagner@example.org
CUST_02274,Beverly Black,2021-10-17,Enterprise,West,Basic,Active,troybrady@example.net
CUST_02275,Melanie Smith,2021-10-30,SMB,North,Basic,Churned,faithsparks@example.com
CUST_02276,Derrick Johnson,2022-02-21,Mid-Market,North,Basic,Active,karla66@example.net
CUST_02277,Melissa Carroll,2023-02-06,SMB,East,Basic,Churned,nunezgary@example.net
CUST_02278,Paul Phelps,2023-03-19,Mid-Market,East,Basic,Active,john86@example.com
CUST_02279,Christina Gomez,2022-05-13,SMB,West,Pro,Active,jacob32@example.net
CUST_02280,Laura Adams,2021-10-01,Enterprise,West,Basic,Active,ogreer@example.org
CUST_02281,Stephanie Armstrong,2023-05-20,Mid-Market,West,Basic,Active,petersonfrank@example.org
CUST_02282,Sydney Lopez,2024-04-16,SMB,West,Basic,Churned,jennifer72@example.com
CUST_02283,Wayne Jackson,2023-01-12,SMB,North,Basic,Active,mirandawalker@example.net
CUST_02284,Melissa Garcia,2021-06-08,SMB,West,Pro,Active,castropeter@example.com
CUST_02285,Matthew Stone,2023-06-11,Enterprise,North,Basic,Active,jherring@example.com
CUST_02286,Frank Freeman,2022-09-30,Mid-Market,North,Basic,Active,mallory30@example.org
CUST_02287,Marcus Rich,2023-05-14,SMB,International,Basic,Churned,housedaniel@example.com
CUST_02288,Carmen Gonzalez,2021-06-19,Mid-Market,North,Pro,Active,brandi40@example.org
CUST_02289,Christine Parker,2021-01-26,SMB,South,Pro,Churned,kelly15@example.com
CUST_02290,Daniel Thompson,2021-01-24,Enterprise,West,Pro,Active,lisaalvarez@example.net
CUST_02291,Robert West,2022-09-13,SMB,West,Pro,Active,brandon94@example.org
CUST_02292,Maria Rodriguez,2023-07-12,SMB,West,Basic,Active,johnsonmichael@example.com
CUST_02293,Joseph Bright,2023-01-18,SMB,West,Pro,Churned,mhoffman@example.net
CUST_02294,Norma Smith,2021-06-13,Mid-Market,West,Pro,Churned,david88@example.net
CUST_02295,Hannah Martin,2022-02-09,Mid-Market,East,Enterprise,Active,savannahgrant@example.com
CUST_02296,Tyler Shields,2023-08-10,SMB,South,Enterprise,Churned,csparks@example.net
CUST_02297,Edwin Jackson,2024-05-12,Enterprise,South,Pro,Active,gmccarthy@example.com
CUST_02298,Dr. Diana Chen,2021-02-18,Mid-Market,South,Basic,Active,yoconnell@example.com
CUST_02299,Sarah Roberts,2022-10-27,Mid-Market,North,Basic,Active,kevinmendez@example.org
CUST_02300,Robin Patterson,2023-12-25,Enterprise,West,Basic,Active,anthony00@example.org
CUST_02301,Eric Fowler,2021-10-24,Mid-Market,North,Basic,Active,charlesyoung@example.net
CUST_02302,Sonya Wilcox,2022-05-15,Mid-Market,International,Basic,Active,miranda13@example.org
CUST_02303,John Boyd,2024-03-11,SMB,West,Enterprise,Active,lpeters@example.net
CUST_02304,Eric Rosales,2021-07-27,Enterprise,North,Basic,Active,ncruz@example.net
CUST_02305,Jonathan Jefferson DVM,2022-09-11,SMB,International,Basic,Active,rodneynolan@example.com
CUST_02306,Eileen Gutierrez,2021-06-12,Enterprise,South,Enterprise,Active,andersonmeghan@example.net
CUST_02307,Tamara Roberts,2022-06-19,Mid-Market,North,Basic,Active,foxlinda@example.org
CUST_02308,Rhonda Rodriguez,2021-04-11,SMB,West,Pro,Active,jamesbrown@example.org
CUST_02309,Sherry Brewer,2022-01-16,SMB,South,Enterprise,Churned,claire06@example.net
CUST_02310,Brandon Sanchez,2022-08-07,SMB,International,Pro,Churned,tracy38@example.com
CUST_02311,Joseph Wang,2021-09-23,Mid-Market,South,Basic,Active,fstone@example.net
CUST_02312,Richard Yoder,2021-07-18,SMB,East,Enterprise,Churned,qmarshall@example.net
CUST_02313,Kristina Baker,2022-08-13,Enterprise,North,Basic,Active,nicholashuffman@example.org
CUST_02314,Luke Dixon,2024-05-04,SMB,South,Pro,Active,qreyes@example.net
CUST_02315,Brian Brown,2022-11-29,Mid-Market,North,Enterprise,Active,jenniferhorne@example.net
CUST_02316,Arthur Mcdaniel,2023-10-19,SMB,International,Basic,Churned,scottlove@example.org
CUST_02317,Mary Levy,2021-03-08,SMB,South,Pro,Active,nguyengerald@example.net
CUST_02318,Susan Lewis,2022-12-09,SMB,East,Basic,Churned,gkeith@example.net
CUST_02319,Gabriel Nash,2022-10-08,SMB,South,Pro,Active,bowmanjoel@example.net
CUST_02320,Steven Nguyen,2022-12-22,SMB,East,Basic,Active,jacqueline39@example.net
CUST_02321,Justin Parker,2022-08-05,Mid-Market,West,Enterprise,Active,umartinez@example.net
CUST_02322,Patrick Snyder,2021-09-27,SMB,International,Basic,Active,lindseyroberts@example.org
CUST_02323,Debbie King,2022-03-09,SMB,South,Basic,Active,ucarr@example.org
CUST_02324,Jeremy Summers,2023-04-02,SMB,North,Basic,Active,ksmith@example.org
CUST_02325,Christopher Rivera,2022-07-26,Mid-Market,International,Basic,Active,fwolf@example.net
CUST_02326,John Woodard,2022-10-13,Mid-Market,International,Basic,Active,devon88@example.org
CUST_02327,Alfred Leonard,2023-08-09,SMB,South,Basic,Churned,taylormichael@example.net
CUST_02328,Shari Kelley,2023-03-31,SMB,International,Basic,Churned,benjaminwilliams@example.net
CUST_02329,Robert Parks MD,2021-12-19,SMB,East,Basic,Active,nbailey@example.net
CUST_02330,Michele Watson,2023-05-07,Enterprise,South,Pro,Active,jack86@example.org
CUST_02331,Tammy Tyler,2023-10-28,SMB,North,Pro,Active,harrisjoshua@example.com
CUST_02332,James Miller,2022-10-28,SMB,International,Pro,Active,daniel15@example.org
CUST_02333,Shelby Duncan,2023-01-29,Mid-Market,West,Pro,Churned,johnsonedward@example.net
CUST_02334,Timothy Mcmahon,2023-11-14,SMB,South,Enterprise,Active,elizabeth14@example.org
CUST_02335,Matthew Moss,2022-05-06,SMB,South,Basic,Churned,brianmorrow@example.org
CUST_02336,Wendy Miller,2022-08-24,SMB,South,Enterprise,Churned,hdavis@example.org
CUST_02337,Mark Dennis,2024-05-20,Enterprise,East,Pro,Active,clarkdavid@example.net
CUST_02338,Toni Ortiz,2021-08-16,Mid-Market,East,Basic,Active,brianobrien@example.net
CUST_02339,Audrey Reyes,2022-05-17,SMB,International,Enterprise,Active,andersonhenry@example.org
CUST_02340,Amanda Taylor,2023-04-13,SMB,North,Basic,Active,dorothy87@example.org
CUST_02341,Marcus Blair,2023-05-05,SMB,North,Enterprise,Active,carterjames@example.com
CUST_02342,Joshua Guerrero,2024-05-28,SMB,West,Pro,Active,qcurtis@example.com
CUST_02343,Ashley Duran,2021-05-03,SMB,East,Basic,Churned,gregory14@example.org
CUST_02344,Melanie Garrett,2023-01-15,Mid-Market,West,Enterprise,Active,sandraheath@example.net
CUST_02345,Vicki Hernandez,2021-09-12,SMB,South,Pro,Churned,nicholas09@example.org
CUST_02346,Holly Ponce,2021-08-17,SMB,East,Enterprise,Active,efranco@example.net
CUST_02347,April Galvan,2022-05-13,Mid-Market,North,Pro,Active,david97@example.org
CUST_02348,Crystal Chavez,2021-06-01,Mid-Market,East,Basic,Active,joshuacoleman@example.com
CUST_02349,Kimberly Hughes,2022-12-03,SMB,West,Enterprise,Churned,jasonjohnson@example.org
CUST_02350,Paula Johnson,2024-03-09,Mid-Market,West,Enterprise,Active,bconrad@example.org
CUST_02351,Christopher Hall,2021-02-23,Enterprise,East,Basic,Active,kramirez@example.net
CUST_02352,Jessica Griffith,2021-11-21,Mid-Market,South,Basic,Active,reynoldsmichelle@example.org
CUST_02353,Carlos Heath,2021-11-13,Mid-Market,West,Pro,Active,petersonjose@example.org
CUST_02354,Melinda May,2023-02-26,SMB,South,Basic,Churned,jacquelinedelacruz@example.org
CUST_02355,Caleb Jensen,2021-10-31,Mid-Market,East,Enterprise,Active,kfrye@example.net
CUST_02356,Jay Buchanan,2023-11-25,Mid-Market,West,Pro,Active,woodbrittany@example.com
CUST_02357,Jeffery Thompson,2021-11-16,SMB,South,Basic,Active,johnskinner@example.org
CUST_02358,Danielle Hamilton,2023-09-21,SMB,South,Pro,Active,williamsbrian@example.org
CUST_02359,Kayla Williams,2023-02-17,SMB,East,Pro,Churned,shafferjill@example.com
CUST_02360,Ashlee Ross,2022-04-05,SMB,South,Basic,Churned,burnsrodney@example.org
CUST_02361,Kelly Burnett,2022-02-08,SMB,North,Pro,Active,seth29@example.org
CUST_02362,Ashley Cooper,2023-12-10,SMB,International,Enterprise,Active,fordjames@example.org
CUST_02363,Brian Brown,2021-07-22,SMB,North,Basic,Active,martinnovak@example.com
CUST_02364,Joseph Hill,2024-01-07,SMB,International,Basic,Active,james62@example.org
CUST_02365,Allison Cunningham,2022-05-23,SMB,East,Basic,Churned,michaelvillarreal@example.net
CUST_02366,Jeffery Jordan,2022-05-17,SMB,International,Basic,Churned,tyler31@example.net
CUST_02367,Cristian Lambert,2022-06-29,SMB,International,Basic,Active,catherinemoore@example.com
CUST_02368,Sara Preston,2021-05-11,Enterprise,West,Basic,Active,fmorrow@example.com
CUST_02369,Kelly Rivas,2022-05-15,Enterprise,North,Basic,Active,dsmith@example.com
CUST_02370,Jeffery Collins,2021-04-15,SMB,East,Pro,Active,courtney01@example.org
CUST_02371,Kevin Estrada,2021-06-20,SMB,North,Basic,Active,sloanbenjamin@example.net
CUST_02372,Lauren Stephens,2022-09-07,Enterprise,East,Pro,Active,hooveranna@example.net
CUST_02373,Lynn Adams,2023-06-26,SMB,North,Enterprise,Active,edwardselizabeth@example.net
CUST_02374,Richard Williams,2023-07-24,Mid-Market,East,Enterprise,Active,mortonkenneth@example.net
CUST_02375,Tanya Foster,2021-12-28,Mid-Market,South,Pro,Active,pfowler@example.org
CUST_02376,Kevin Jennings,2022-06-26,SMB,East,Basic,Active,jreyes@example.net
CUST_02377,Jason Reyes,2022-09-25,Mid-Market,East,Basic,Active,hernandeztodd@example.org
CUST_02378,Mr. David Rivas,2021-01-14,Enterprise,North,Enterprise,Active,samuel38@example.net
CUST_02379,Donna Carroll,2021-05-15,SMB,North,Pro,Active,forbessean@example.org
CUST_02380,Rodney Baker,2022-12-03,SMB,International,Basic,Active,qcharles@example.org
CUST_02381,John Robertson,2022-04-20,SMB,West,Basic,Churned,danieljenkins@example.org
CUST_02382,Mary Mccoy,2021-07-30,SMB,East,Basic,Active,cody81@example.org
CUST_02383,Michael Gilbert,2022-10-26,SMB,West,Basic,Churned,hlester@example.org
CUST_02384,Tonya Simon,2021-11-18,SMB,International,Enterprise,Active,sarah80@example.org
CUST_02385,Tanya Shannon,2023-05-04,SMB,East,Pro,Active,amanda21@example.com
CUST_02386,Sophia Boyd,2022-09-14,Mid-Market,East,Enterprise,Active,ashleyalexander@example.net
CUST_02387,Timothy Ryan,2022-10-08,Mid-Market,West,Pro,Active,cainjordan@example.org
CUST_02388,Francisco Estrada,2023-04-08,Mid-Market,South,Basic,Churned,meganjames@example.org
CUST_02389,Jamie Duran,2023-07-25,Mid-Market,North,Pro,Active,villawilliam@example.com
CUST_02390,Leslie Moody,2022-06-09,Enterprise,North,Pro,Active,gcastro@example.org
CUST_02391,Paul Lane,2022-10-30,Mid-Market,West,Basic,Active,dbeck@example.com
CUST_02392,Henry Reeves,2023-06-21,SMB,East,Enterprise,Active,rebecca19@example.com
CUST_02393,Jeffery Snyder,2023-09-10,Enterprise,South,Basic,Active,gregorymitchell@example.net
CUST_02394,Courtney Sharp,2023-03-10,SMB,International,Enterprise,Active,daniel79@example.net
CUST_02395,Jennifer Carter,2024-05-27,SMB,South,Pro,Active,dyersara@example.net
CUST_02396,Sandy Bennett,2024-01-07,Enterprise,South,Basic,Active,jenniferwalls@example.com
CUST_02397,Jesse Edwards,2021-06-01,SMB,North,Basic,Active,wallaceeric@example.com
CUST_02398,Charles Zavala,2021-11-05,SMB,North,Pro,Active,bethany36@example.com
CUST_02399,Beth Shaw,2022-11-03,SMB,South,Pro,Active,josephross@example.net
CUST_02400,Lisa Beard,2022-08-20,SMB,East,Basic,Active,tracifoster@example.org
CUST_02401,Nicole Wallace DDS,2022-10-05,Enterprise,International,Enterprise,Active,ejohnson@example.org
CUST_02402,Daniel Gallegos,2022-03-16,Mid-Market,West,Enterprise,Active,michaelcampos@example.net
CUST_02403,Carla Hoover,2022-06-15,SMB,South,Pro,Churned,jenniferrodriguez@example.org
CUST_02404,Jason Smith,2023-04-22,SMB,North,Basic,Active,tinawilliams@example.com
CUST_02405,Jorge Morales,2021-05-04,SMB,West,Enterprise,Active,kentmichael@example.com
CUST_02406,Kathleen Baker,2021-03-07,SMB,South,Basic,Active,pattersondebra@example.org
CUST_02407,Denise French,2022-08-02,SMB,East,Basic,Active,emorales@example.com
CUST_02408,Kari Buck,2024-02-18,SMB,East,Pro,Active,bartondavid@example.com
CUST_02409,Laura Payne,2021-06-29,SMB,West,Enterprise,Active,paynestephanie@example.net
CUST_02410,James Whitaker,2021-05-30,SMB,North,Pro,Active,collinmiller@example.com
CUST_02411,Ryan Garcia,2021-11-08,Mid-Market,East,Basic,Active,marydean@example.com
CUST_02412,Theresa Gardner,2023-12-17,Enterprise,South,Pro,Active,hollyperkins@example.net
CUST_02413,Jessica Conrad,2023-04-03,SMB,International,Enterprise,Active,sbradley@example.org
CUST_02414,Kevin Werner,2022-04-07,Enterprise,North,Enterprise,Active,rodriguezchristina@example.net
CUST_02415,Catherine Kirk,2022-10-31,Mid-Market,East,Enterprise,Active,pvang@example.net
CUST_02416,Stacy Williams,2022-12-28,SMB,West,Basic,Active,joneschristian@example.net
CUST_02417,Crystal Carlson,2021-10-31,SMB,North,Pro,Churned,uclark@example.org
CUST_02418,Michael Martinez,2021-03-22,Mid-Market,East,Basic,Active,mark90@example.com
CUST_02419,Mr. Kristopher Curtis,2022-10-08,SMB,South,Enterprise,Active,lindsay48@example.net
CUST_02420,Anthony Knapp,2022-07-10,SMB,North,Basic,Churned,rfleming@example.net
CUST_02421,Lisa Reynolds,2023-06-20,SMB,North,Enterprise,Churned,ywilliams@example.com
CUST_02422,Adrian Gibbs,2022-03-04,SMB,International,Basic,Active,leroy57@example.com
CUST_02423,Steven Duncan,2023-02-19,Mid-Market,North,Basic,Active,kayla33@example.net
CUST_02424,Alyssa Anderson,2024-03-30,Enterprise,East,Enterprise,Active,jonathan66@example.org
CUST_02425,Cathy Barnes,2023-09-29,Enterprise,North,Enterprise,Active,brian65@example.net
CUST_02426,Crystal Brown,2022-03-07,Mid-Market,South,Enterprise,Active,lmartin@example.org
CUST_02427,Edward Richmond,2021-08-18,SMB,South,Basic,Active,epatterson@example.net
CUST_02428,Emily Taylor,2021-07-24,Enterprise,South,Basic,Active,christina60@example.org
CUST_02429,Douglas Lucero,2022-09-08,SMB,South,Enterprise,Churned,watsonteresa@example.net
CUST_02430,Danielle Robles,2023-08-24,SMB,West,Pro,Churned,aholder@example.net
CUST_02431,John Black,2021-04-03,SMB,International,Pro,Churned,folson@example.net
CUST_02432,Shannon Thompson,2021-11-15,Mid-Market,North,Pro,Churned,scott04@example.com
CUST_02433,Nathan Sparks,2022-03-06,SMB,East,Basic,Active,daniellecoleman@example.org
CUST_02434,Tamara Brown,2021-11-19,SMB,South,Basic,Active,jeremy75@example.org
CUST_02435,Michael Blair,2022-01-07,Mid-Market,North,Pro,Active,murraymichael@example.net
CUST_02436,William Gould,2022-02-22,SMB,North,Enterprise,Active,kylemartinez@example.net
CUST_02437,Crystal Nguyen,2022-10-20,SMB,South,Enterprise,Churned,michael40@example.org
CUST_02438,Jessica Torres,2021-10-23,Enterprise,East,Basic,Active,justin75@example.net
CUST_02439,Craig Beard,2023-12-12,Enterprise,East,Basic,Active,taylorjames@example.net
CUST_02440,Mrs. Kimberly Cannon,2023-05-10,Enterprise,North,Basic,Active,nfleming@example.net
CUST_02441,Angela Gonzales,2024-01-05,Enterprise,International,Pro,Active,pduran@example.net
CUST_02442,Martin Newton,2023-09-03,SMB,North,Enterprise,Active,mjackson@example.net
CUST_02443,Melinda Weiss,2023-01-19,SMB,West,Basic,Active,agomez@example.net
CUST_02444,Rebecca Jones,2024-03-15,SMB,East,Basic,Churned,crivers@example.com
CUST_02445,Mark Johnson,2022-04-07,Mid-Market,International,Basic,Active,markgardner@example.org
CUST_02446,Steven Rivera,2021-08-04,SMB,South,Pro,Churned,nicolesmith@example.net
CUST_02447,Natalie Robertson,2023-08-05,Mid-Market,South,Pro,Active,galexander@example.com
CUST_02448,Andrea Coleman,2021-09-27,SMB,International,Pro,Active,joshuaking@example.net
CUST_02449,Deborah Simmons,2021-03-12,Mid-Market,West,Basic,Active,lorikoch@example.net
CUST_02450,Lance Robinson,2022-01-09,SMB,West,Pro,Churned,smithgina@example.net
CUST_02451,Daisy Larson,2023-03-24,SMB,North,Enterprise,Active,amandahorne@example.net
CUST_02452,Shelly Moss,2024-03-28,SMB,South,Pro,Active,hmcneil@example.net
CUST_02453,Stacey Duran,2023-06-20,SMB,South,Pro,Churned,torrestricia@example.com
CUST_02454,Brandi Mendoza,2022-11-22,Mid-Market,International,Enterprise,Active,mary24@example.com
CUST_02455,Robert Hensley,2024-01-30,Mid-Market,International,Basic,Active,lpage@example.com
CUST_02456,Dalton Hawkins,2022-06-23,Enterprise,West,Enterprise,Churned,brittanymartin@example.org
CUST_02457,Ricky Hernandez,2021-09-16,Mid-Market,International,Pro,Churned,gallowaydonna@example.com
CUST_02458,Thomas Moore,2022-08-29,SMB,North,Enterprise,Churned,tonyaholmes@example.net
CUST_02459,Michelle Hawkins,2021-06-19,Mid-Market,East,Pro,Active,garymartinez@example.org
CUST_02460,David Small,2023-11-13,SMB,West,Basic,Churned,brownalexa@example.com
CUST_02461,Brian Kent,2022-12-26,SMB,North,Basic,Active,hespinoza@example.org
CUST_02462,Sabrina Lopez,2021-04-07,SMB,East,Pro,Active,srobles@example.org
CUST_02463,Cynthia Tran,2023-12-24,Mid-Market,International,Basic,Churned,debra19@example.net
CUST_02464,Rachel Hill,2022-04-09,Mid-Market,East,Pro,Active,jamesparker@example.net
CUST_02465,Michael Davis,2023-05-19,SMB,International,Basic,Active,gonzalezkendra@example.org
CUST_02466,Paul Moon,2022-08-31,Mid-Market,International,Enterprise,Active,woodlisa@example.com
CUST_02467,Leah Kim,2022-10-22,SMB,East,Pro,Churned,riverarebecca@example.org
CUST_02468,William Barnett,2024-02-13,SMB,South,Basic,Active,eadams@example.org
CUST_02469,Jenna Watson,2021-05-17,Mid-Market,East,Pro,Churned,fletcherjanet@example.org
CUST_02470,Mrs. Jillian Nguyen,2022-05-12,Mid-Market,West,Basic,Active,lmendez@example.com
CUST_02471,Julie Mills,2022-05-25,Mid-Market,East,Pro,Active,richardsonanna@example.org
CUST_02472,Joshua Phillips,2023-04-03,Enterprise,South,Enterprise,Active,nicholasswanson@example.net
CUST_02473,Caitlin Lawson,2023-06-28,SMB,North,Enterprise,Churned,riceamber@example.net
CUST_02474,Stephanie Knight,2023-12-03,Mid-Market,East,Basic,Active,rrice@example.net
CUST_02475,Rachael Jones,2023-06-17,Enterprise,East,Pro,Active,watsonbrittany@example.org
CUST_02476,Ryan Hudson,2021-05-25,Enterprise,East,Pro,Active,mjohnson@example.org
CUST_02477,Tony Anderson,2021-03-25,SMB,International,Pro,Active,shawn89@example.net
CUST_02478,Chelsea Smith,2024-04-13,SMB,East,Basic,Churned,tranadam@example.net
CUST_02479,Charles Jones,2022-08-20,SMB,East,Enterprise,Churned,gward@example.com
CUST_02480,Autumn Tucker,2024-05-11,Enterprise,East,Enterprise,Active,janice27@example.com
CUST_02481,Cody Jones,2023-06-05,Mid-Market,East,Enterprise,Active,juanfranklin@example.net
CUST_02482,Chad Adams,2022-07-19,SMB,South,Enterprise,Active,donaldhahn@example.com
CUST_02483,Angela Brown,2022-05-30,SMB,West,Basic,Active,jennifer54@example.org
CUST_02484,Juan Becker,2022-05-13,Enterprise,West,Basic,Active,todd05@example.com
CUST_02485,Beth Kirk,2023-09-27,Mid-Market,South,Pro,Active,davidkane@example.com
CUST_02486,Michelle Smith,2023-02-23,SMB,East,Basic,Churned,brownreginald@example.net
CUST_02487,Jennifer Sampson,2021-07-21,Enterprise,East,Enterprise,Active,ijackson@example.com
CUST_02488,Julie Thompson,2024-05-21,Enterprise,South,Enterprise,Active,samanthacarr@example.net
CUST_02489,Diana Brown,2023-06-21,Mid-Market,South,Pro,Active,hmeyer@example.org
CUST_02490,Dennis Chavez,2023-06-04,SMB,International,Pro,Active,taylorrobert@example.com
CUST_02491,Kimberly Velazquez,2022-11-05,Enterprise,North,Pro,Active,adam10@example.com
CUST_02492,Margaret Mullins,2022-06-04,SMB,West,Enterprise,Active,davisautumn@example.org
CUST_02493,Sarah Blackwell,2022-07-21,SMB,International,Basic,Active,zavaladiane@example.com
CUST_02494,Brad Beard,2022-06-23,Enterprise,International,Pro,Active,jeremy70@example.net
CUST_02495,Andrew Ford,2022-10-22,Mid-Market,International,Pro,Active,rwheeler@example.org
CUST_02496,John Escobar,2023-10-21,SMB,North,Enterprise,Active,wileyaudrey@example.com
CUST_02497,Erin Carter,2022-04-12,Mid-Market,West,Pro,Active,laurenboyd@example.com
CUST_02498,Laura Grimes,2023-04-12,Mid-Market,North,Enterprise,Active,mcooper@example.com
CUST_02499,John Wilson,2022-06-27,SMB,South,Basic,Active,chunglaura@example.net
CUST_02500,Vanessa Harris,2023-01-11,SMB,South,Basic,Active,lisa13@example.net
CUST_02501,Amanda Cook,2024-04-06,SMB,North,Basic,Active,michaelhoffman@example.net
CUST_02502,Michael Jones,2024-02-21,SMB,South,Pro,Active,jason57@example.com
CUST_02503,Sierra Allen,2021-07-05,Mid-Market,North,Pro,Active,robertbrown@example.com
CUST_02504,Jessica Mcgee,2021-10-26,SMB,International,Pro,Active,jlee@example.org
CUST_02505,Whitney Macdonald DVM,2021-08-01,SMB,International,Basic,Active,amyponce@example.com
CUST_02506,Janet Jarvis,2024-03-13,SMB,West,Enterprise,Active,richard28@example.org
CUST_02507,Anthony Velasquez,2022-05-19,Mid-Market,West,Basic,Active,janet65@example.com
CUST_02508,Heather Diaz,2022-03-25,SMB,East,Basic,Churned,kmoore@example.org
CUST_02509,Alexandra Johnson,2021-01-26,Mid-Market,North,Pro,Active,rachel51@example.org
CUST_02510,Michael Cross DDS,2023-06-18,SMB,East,Enterprise,Active,prestoncory@example.org
CUST_02511,Julie Romero MD,2023-11-29,SMB,South,Pro,Active,thomaslinda@example.net
CUST_02512,Melanie Brown,2022-06-20,SMB,International,Enterprise,Active,garyjohnson@example.net
CUST_02513,Tamara Edwards,2023-01-29,SMB,South,Enterprise,Active,holly12@example.org
CUST_02514,Mary White,2021-06-07,SMB,East,Basic,Active,kristen95@example.org
CUST_02515,Scott Malone,2022-05-21,Enterprise,International,Enterprise,Active,millerdaniel@example.org
CUST_02516,Tara Knox,2023-11-06,SMB,International,Basic,Active,tammy94@example.com
CUST_02517,Lisa Johnson,2022-04-12,SMB,West,Basic,Active,bradley71@example.com
CUST_02518,Sarah Ford,2022-04-04,SMB,East,Pro,Active,galvanjeanette@example.net
CUST_02519,Maria Mcintyre,2023-10-16,SMB,East,Basic,Active,williamstoni@example.com
CUST_02520,Lisa Booker,2023-07-08,Enterprise,North,Enterprise,Active,harrisphyllis@example.org
CUST_02521,Gregory Pace,2021-10-30,Enterprise,International,Basic,Churned,rosshunter@example.net
CUST_02522,Diane Jones,2022-06-01,Mid-Market,South,Enterprise,Active,courtney13@example.net
CUST_02523,Luis Mcclain,2021-10-01,SMB,East,Pro,Active,michael35@example.net
CUST_02524,Brianna Ward,2022-09-16,Mid-Market,East,Pro,Active,johnsonrick@example.com
CUST_02525,Laura Schneider,2021-10-23,SMB,International,Enterprise,Active,jduncan@example.org
CUST_02526,James Gonzales,2021-04-19,SMB,International,Pro,Active,bradley37@example.net
CUST_02527,Michael Moran,2021-05-11,Mid-Market,International,Basic,Active,eileenhudson@example.com
CUST_02528,Michael Downs,2024-05-16,SMB,North,Pro,Active,andrewlong@example.com
CUST_02529,Ryan Moore,2023-10-11,SMB,North,Enterprise,Active,alan25@example.org
CUST_02530,Daniel Gray,2023-03-05,Mid-Market,South,Basic,Active,david62@example.com
CUST_02531,Joshua White,2022-01-10,Mid-Market,West,Pro,Churned,burtondoris@example.net
CUST_02532,Brittany Mccormick,2023-10-21,Mid-Market,International,Pro,Churned,mark11@example.org
CUST_02533,Amanda Williams,2021-06-17,Mid-Market,South,Basic,Active,ccombs@example.com
CUST_02534,Mark Haley,2024-05-26,SMB,North,Pro,Churned,pdixon@example.org
CUST_02535,Steven Davis,2021-01-04,SMB,North,Pro,Active,ywallace@example.org
CUST_02536,Abigail Kemp,2021-02-26,SMB,South,Basic,Active,susan75@example.net
CUST_02537,Vicki Hayes,2021-12-20,SMB,North,Basic,Churned,christopherwatkins@example.net
CUST_02538,Emily Foster,2022-12-09,SMB,North,Basic,Churned,stephanieallen@example.net
CUST_02539,Cassidy Smith,2021-12-29,SMB,South,Basic,Active,stephengomez@example.org
CUST_02540,Joel Ford,2021-11-01,SMB,North,Enterprise,Active,nealdavid@example.com
CUST_02541,Robert Wilkinson,2021-09-04,Mid-Market,International,Pro,Active,jenniferpierce@example.org
CUST_02542,Michael Jackson,2022-01-05,Mid-Market,South,Basic,Active,carlosmeadows@example.net
CUST_02543,Kelly Browning,2021-11-14,Mid-Market,North,Basic,Active,parksariana@example.com
CUST_02544,Brian Kim,2024-01-28,SMB,International,Enterprise,Active,martin81@example.net
CUST_02545,Emily Brady,2021-05-15,SMB,West,Enterprise,Active,sjackson@example.org
CUST_02546,Jose Fletcher,2022-01-21,Mid-Market,West,Basic,Active,sally78@example.net
CUST_02547,Cindy Kelley,2023-09-11,Enterprise,International,Basic,Active,jfranklin@example.net
CUST_02548,Karen Jackson,2021-07-22,SMB,West,Pro,Active,martin40@example.net
CUST_02549,Jose Jackson,2024-02-28,Enterprise,International,Pro,Active,dmartin@example.org
CUST_02550,Lisa Herrera,2022-02-16,SMB,East,Basic,Churned,derekdougherty@example.org
CUST_02551,Donald Freeman,2023-05-24,Enterprise,South,Enterprise,Active,diana28@example.net
CUST_02552,Jason Ashley,2022-10-21,Mid-Market,East,Pro,Active,barbara30@example.net
CUST_02553,Mark Smith,2022-08-12,SMB,International,Basic,Active,walterstiffany@example.com
CUST_02554,Melissa Robinson,2021-07-02,SMB,North,Pro,Active,davidgonzales@example.com
CUST_02555,Bethany Liu,2022-10-05,SMB,East,Enterprise,Active,nathanlee@example.org
CUST_02556,Jennifer Mercado,2022-01-21,SMB,South,Basic,Active,mking@example.org
CUST_02557,Samantha Cooper,2023-06-08,SMB,West,Enterprise,Active,sarahgonzales@example.com
CUST_02558,Steven Davis,2021-04-02,SMB,South,Basic,Active,davidjones@example.org
CUST_02559,Wanda Davis,2022-10-18,Enterprise,International,Enterprise,Churned,harrisonnicholas@example.net
CUST_02560,Tony Perkins,2021-02-01,Mid-Market,East,Basic,Churned,davidglover@example.com
CUST_02561,Vincent Weaver,2022-08-18,Mid-Market,North,Enterprise,Churned,carl66@example.org
CUST_02562,Brad Melton,2021-12-29,Mid-Market,West,Enterprise,Active,barnesalexis@example.org
CUST_02563,Justin Richardson,2021-04-02,SMB,West,Basic,Churned,zskinner@example.com
CUST_02564,Sherri Williams,2023-05-16,SMB,South,Pro,Active,jackiespears@example.org
CUST_02565,Regina Cox,2022-07-13,SMB,South,Enterprise,Active,turnerjustin@example.com
CUST_02566,Andrew Sanford,2022-01-24,Enterprise,South,Enterprise,Active,rpetty@example.com
CUST_02567,Chelsea Walker,2023-03-21,SMB,East,Pro,Churned,tcooper@example.net
CUST_02568,Carol Lopez,2021-05-25,SMB,West,Basic,Active,paulhamilton@example.org
CUST_02569,Wayne Scott,2022-01-11,Enterprise,East,Enterprise,Active,vwade@example.com
CUST_02570,Kristen Flores,2023-03-27,Mid-Market,International,Pro,Active,craigrobertson@example.net
CUST_02571,Tina Ferguson,2021-09-02,Mid-Market,South,Enterprise,Active,mavery@example.net
CUST_02572,Natalie Conrad,2023-10-17,SMB,North,Basic,Churned,danielleramsey@example.net
CUST_02573,Kyle Fleming,2021-08-17,SMB,East,Basic,Churned,jeffrey85@example.org
CUST_02574,Michelle Rivers,2021-05-19,SMB,West,Basic,Churned,stacey25@example.net
CUST_02575,Joseph Walker,2024-05-07,SMB,North,Pro,Active,stacy03@example.org
CUST_02576,Ruben Charles,2022-03-07,SMB,International,Pro,Active,xsullivan@example.net
CUST_02577,Scott Osborne,2022-05-29,Enterprise,North,Basic,Active,khendricks@example.net
CUST_02578,Gary Chavez,2023-03-13,Mid-Market,East,Basic,Active,jennifer53@example.com
CUST_02579,Jessica Elliott,2022-02-03,SMB,North,Pro,Active,phillip98@example.com
CUST_02580,Amy Clark,2022-05-19,SMB,South,Basic,Active,david25@example.com
CUST_02581,Joseph Odonnell,2022-10-13,Mid-Market,East,Basic,Churned,sara94@example.net
CUST_02582,Glenn Hodges,2021-12-14,SMB,East,Pro,Active,marcuscase@example.net
CUST_02583,Eric Griffin,2022-04-24,Mid-Market,International,Basic,Churned,castanedajohn@example.com
CUST_02584,Desiree Allen,2024-03-07,Enterprise,South,Basic,Active,bakerpaul@example.com
CUST_02585,Michael Baker,2021-06-01,Mid-Market,East,Pro,Churned,johnmerritt@example.com
CUST_02586,Elizabeth Stewart,2023-03-02,SMB,East,Pro,Churned,jason07@example.net
CUST_02587,Matthew Ellis,2023-10-02,SMB,West,Pro,Active,woodwarderin@example.org
CUST_02588,Matthew Simon,2021-11-10,Mid-Market,East,Enterprise,Active,wbentley@example.org
CUST_02589,Bryan Richardson,2021-12-24,SMB,South,Basic,Active,jdavis@example.com
CUST_02590,Daniel Ochoa,2021-02-12,Mid-Market,North,Basic,Active,jocelyn26@example.net
CUST_02591,Debbie Richard,2024-01-14,Mid-Market,South,Basic,Active,fwilliams@example.org
CUST_02592,Carla Wong,2022-03-03,SMB,East,Basic,Active,holtrobert@example.com
CUST_02593,Samantha Walker,2023-06-29,Mid-Market,West,Pro,Active,iford@example.net
CUST_02594,Michael Russell,2021-09-30,SMB,West,Basic,Active,taylorrodriguez@example.org
CUST_02595,Amber Hines,2022-02-03,Mid-Market,North,Basic,Active,lisa78@example.org
CUST_02596,Timothy Nguyen,2023-08-07,SMB,South,Enterprise,Active,johnsonsamantha@example.com
CUST_02597,Cassandra Anderson,2022-03-14,SMB,East,Pro,Active,jacob73@example.org
CUST_02598,Larry Perez,2023-04-25,SMB,East,Pro,Churned,hammondjeff@example.com
CUST_02599,Lori Miller,2023-02-27,Mid-Market,North,Pro,Active,rebekahgonzalez@example.org
CUST_02600,Gregory Fletcher,2022-02-27,Mid-Market,North,Enterprise,Active,uthompson@example.org
CUST_02601,Charlotte Barber,2024-02-28,SMB,West,Basic,Active,wbowers@example.org
CUST_02602,Tracy Bell,2021-11-05,SMB,West,Pro,Active,reneehernandez@example.org
CUST_02603,Patricia Ramos,2023-09-24,SMB,North,Enterprise,Active,patriciamorrison@example.org
CUST_02604,Jack Wells,2021-03-14,SMB,West,Pro,Active,kimberlyperez@example.org
CUST_02605,Brandon Bell,2021-04-19,SMB,North,Basic,Active,harrisonchristopher@example.org
CUST_02606,Judy Dixon,2021-11-05,Enterprise,South,Enterprise,Active,ylawson@example.org
CUST_02607,Renee Gallegos,2022-10-09,Mid-Market,East,Basic,Active,patrickgarcia@example.com
CUST_02608,James Gomez,2022-08-17,SMB,West,Pro,Active,patriciagrant@example.net
CUST_02609,Catherine Davis,2021-12-01,SMB,International,Basic,Active,owade@example.com
CUST_02610,Pamela Ferguson,2024-02-06,SMB,North,Pro,Active,kimberly73@example.com
CUST_02611,Dennis Thomas,2022-05-26,SMB,West,Basic,Active,tinahaas@example.org
CUST_02612,Tamara Romero,2021-03-22,SMB,South,Basic,Churned,websterkelly@example.org
CUST_02613,William Hodge,2021-02-10,Mid-Market,North,Basic,Active,jenniferortega@example.net
CUST_02614,Cathy Navarro,2024-03-17,SMB,South,Basic,Churned,richard62@example.net
CUST_02615,Gail Watson MD,2024-03-06,SMB,International,Enterprise,Active,oallen@example.net
CUST_02616,Robert Jones,2021-12-29,Mid-Market,South,Basic,Churned,schmidtjoseph@example.net
CUST_02617,Desiree Carey,2022-02-08,Mid-Market,North,Basic,Active,washingtonleslie@example.net
CUST_02618,Patricia Delgado,2021-06-20,Mid-Market,International,Pro,Active,eddie13@example.com
CUST_02619,Matthew Hicks,2024-04-23,SMB,East,Pro,Active,elizabeth39@example.net
CUST_02620,Jacob Brown,2022-07-28,Mid-Market,North,Enterprise,Active,krystal05@example.com
CUST_02621,Benjamin Thompson,2021-12-08,SMB,South,Basic,Churned,richardsonronnie@example.net
CUST_02622,Billy Miranda,2023-06-06,Mid-Market,South,Basic,Active,mark40@example.net
CUST_02623,Anna Le,2021-06-14,Mid-Market,West,Enterprise,Active,brittanyhayes@example.com
CUST_02624,Cody Woods,2021-01-22,Enterprise,International,Enterprise,Active,shepherdandrew@example.org
CUST_02625,Christopher Smith,2023-02-18,Enterprise,International,Basic,Active,udavis@example.net
CUST_02626,Eric Everett,2023-01-22,SMB,South,Basic,Active,karenjordan@example.net
CUST_02627,Joseph Holland,2022-12-02,SMB,South,Enterprise,Churned,hjohnson@example.com
CUST_02628,Christopher Henry,2022-07-31,Mid-Market,North,Basic,Active,zhall@example.net
CUST_02629,Mrs. Jessica Price,2022-10-15,SMB,North,Enterprise,Active,stevensmatthew@example.net
CUST_02630,Kimberly Alvarez,2021-08-08,SMB,North,Basic,Churned,ogomez@example.org
CUST_02631,Melinda Mccullough,2022-05-01,Mid-Market,East,Basic,Active,james91@example.net
CUST_02632,Erin Lopez,2022-11-30,SMB,North,Basic,Active,hunter12@example.org
CUST_02633,Kevin Bell,2023-08-02,SMB,East,Basic,Active,hamptontom@example.com
CUST_02634,Douglas Bowman,2021-04-26,Mid-Market,East,Pro,Active,timothy00@example.org
CUST_02635,Justin Foster,2021-07-07,Mid-Market,North,Pro,Active,amy67@example.com
CUST_02636,Jerome Cole,2022-03-07,Enterprise,West,Pro,Churned,nicole16@example.org
CUST_02637,Gregory Vazquez,2023-09-02,Enterprise,East,Basic,Active,scottmark@example.org
CUST_02638,Harry Hale,2023-08-19,SMB,West,Pro,Churned,lgonzalez@example.net
CUST_02639,Dominic Simmons,2022-01-14,SMB,North,Enterprise,Active,sydneyalexander@example.org
CUST_02640,Krystal Howard,2024-01-16,Enterprise,South,Enterprise,Active,nwalker@example.org
CUST_02641,Linda Ball,2022-01-21,Mid-Market,West,Basic,Active,michealrodriguez@example.net
CUST_02642,Jason Clark,2024-04-28,Mid-Market,North,Enterprise,Active,jimmy15@example.net
CUST_02643,Joseph Horn,2022-05-29,Mid-Market,North,Pro,Active,cheryl54@example.com
CUST_02644,Danielle Compton,2022-05-31,SMB,West,Pro,Churned,nancy43@example.com
CUST_02645,Rachel Conner,2021-05-04,Mid-Market,East,Basic,Active,cheryl69@example.net
CUST_02646,Nicole Sanchez,2023-07-03,SMB,West,Basic,Churned,joshua74@example.org
CUST_02647,Debra Ortiz,2023-01-11,SMB,East,Basic,Active,foxerica@example.net
CUST_02648,Carolyn Walker,2022-10-16,SMB,East,Enterprise,Active,vincent29@example.net
CUST_02649,Timothy Mcneil,2023-09-29,SMB,East,Pro,Active,cory21@example.org
CUST_02650,Dr. Jill Brown MD,2021-03-29,SMB,East,Basic,Active,egill@example.com
CUST_02651,Samuel Bailey,2023-04-06,Mid-Market,South,Enterprise,Active,crystal65@example.com
CUST_02652,Kevin Villarreal,2023-03-01,SMB,North,Pro,Active,benjaminsmith@example.com
CUST_02653,Jeffrey Torres,2021-11-02,Enterprise,South,Basic,Active,hernandezcheryl@example.net
CUST_02654,Alexander Merritt,2021-12-20,Enterprise,West,Enterprise,Active,daniel13@example.net
CUST_02655,Felicia Long,2023-08-26,SMB,North,Basic,Churned,allison96@example.org
CUST_02656,George Byrd,2022-09-14,Mid-Market,South,Basic,Active,jmaynard@example.com
CUST_02657,Angela Berry,2024-05-27,SMB,North,Basic,Active,sherylgreen@example.com
CUST_02658,Chelsea Dominguez,2021-05-03,Mid-Market,North,Enterprise,Active,fhughes@example.org
CUST_02659,Joshua Watson,2024-05-29,Enterprise,West,Enterprise,Active,kennethwhite@example.com
CUST_02660,Michael Taylor,2023-05-03,Mid-Market,West,Enterprise,Active,jamesellis@example.org
CUST_02661,Daniel Rodriguez,2022-09-29,SMB,South,Pro,Active,jesse79@example.com
CUST_02662,Melissa Owen,2022-08-01,Mid-Market,North,Basic,Active,iharrington@example.org
CUST_02663,Rick Hinton,2024-03-03,Mid-Market,North,Pro,Active,jennifer29@example.com
CUST_02664,Kevin Williams,2022-03-05,Enterprise,South,Pro,Active,lucasteresa@example.com
CUST_02665,Amy Baker,2023-09-03,SMB,International,Enterprise,Active,turnermckenzie@example.org
CUST_02666,Joshua Moody,2022-02-03,SMB,South,Pro,Active,stacey22@example.net
CUST_02667,Diana Myers,2022-04-14,SMB,East,Enterprise,Active,shanerogers@example.org
CUST_02668,Casey Mcknight,2024-02-28,SMB,North,Enterprise,Active,albertsmith@example.com
CUST_02669,William Lewis,2021-10-31,Enterprise,North,Pro,Active,halljeffrey@example.com
CUST_02670,Jeremy Gross,2022-06-29,Enterprise,East,Pro,Churned,santiagoronald@example.com
CUST_02671,Robert Kim,2021-10-21,Mid-Market,West,Basic,Active,ethomas@example.net
CUST_02672,Nicole Edwards,2021-01-07,SMB,North,Pro,Active,thompsondarlene@example.org
CUST_02673,Todd Thompson,2022-07-13,SMB,North,Pro,Active,jessicahawkins@example.com
CUST_02674,Carolyn Johnson,2022-02-14,SMB,International,Basic,Active,jennifer20@example.org
CUST_02675,Judy Potts,2021-09-04,SMB,East,Enterprise,Churned,davisjennifer@example.org
CUST_02676,Brandi Williams,2023-10-30,Enterprise,East,Enterprise,Active,brian64@example.net
CUST_02677,Julia Parsons,2021-01-23,SMB,West,Pro,Churned,deckerthomas@example.net
CUST_02678,Erica Green,2023-05-14,Mid-Market,North,Basic,Churned,deanmarisa@example.org
CUST_02679,Amber Ward,2023-02-22,SMB,North,Enterprise,Active,amandaknapp@example.org
CUST_02680,Julie Hernandez,2022-07-15,SMB,North,Enterprise,Active,whitelevi@example.org
CUST_02681,Lauren Watts,2024-04-16,Mid-Market,South,Pro,Churned,ilong@example.com
CUST_02682,Suzanne Hardy,2024-02-06,SMB,International,Basic,Active,staceywashington@example.net
CUST_02683,Kenneth Shepard,2021-02-22,Enterprise,South,Enterprise,Active,corymiller@example.org
CUST_02684,Jimmy Palmer,2021-03-12,SMB,South,Basic,Active,heidihaas@example.net
CUST_02685,Thomas Mendez,2023-11-14,Mid-Market,North,Enterprise,Churned,gibsonbrandon@example.com
CUST_02686,Andrew Soto,2021-05-20,SMB,North,Basic,Churned,carmengomez@example.net
CUST_02687,Lisa Benson,2021-07-08,Enterprise,West,Basic,Active,carlymoss@example.org
CUST_02688,Christopher Thomas MD,2021-05-23,SMB,South,Basic,Active,pgoodman@example.org
CUST_02689,Catherine Smith,2023-03-22,SMB,East,Pro,Active,edward16@example.org
CUST_02690,Frank Cochran,2021-11-22,SMB,North,Basic,Churned,mhorn@example.org
CUST_02691,April Ryan,2024-02-17,SMB,North,Basic,Churned,jamesroberts@example.com
CUST_02692,Taylor Smith,2021-03-28,SMB,East,Pro,Churned,lromero@example.com
CUST_02693,John Brock,2023-10-23,Mid-Market,International,Basic,Active,daltonchristina@example.com
CUST_02694,Melinda Jones,2023-11-11,Mid-Market,South,Pro,Active,jake77@example.com
CUST_02695,Stephanie Sanders,2024-02-01,SMB,West,Pro,Churned,ernestrich@example.net
CUST_02696,David Lopez,2023-10-04,Mid-Market,North,Basic,Churned,ywells@example.org
CUST_02697,Ian Hernandez,2021-12-03,SMB,South,Pro,Active,zmiller@example.com
CUST_02698,Brenda Jacobs,2022-07-31,Mid-Market,East,Basic,Active,valdezashley@example.org
CUST_02699,Dustin Jones,2024-05-29,Mid-Market,West,Basic,Active,jrobinson@example.net
CUST_02700,Peter Haynes,2022-08-08,Mid-Market,South,Enterprise,Active,phall@example.com
CUST_02701,Robin Brewer,2023-04-11,Mid-Market,West,Enterprise,Active,margaretsharp@example.net
CUST_02702,Catherine Reynolds,2022-02-26,Enterprise,North,Basic,Active,rogersjonathon@example.net
CUST_02703,Michael Morgan,2022-03-15,SMB,West,Pro,Active,jamierodriguez@example.net
CUST_02704,Sarah Williams,2022-04-16,SMB,North,Basic,Active,janetmoore@example.net
CUST_02705,Samuel Davis,2022-09-27,SMB,East,Basic,Churned,kimberlywatson@example.com
CUST_02706,Susan Rodriguez,2023-03-07,SMB,North,Enterprise,Active,amanda68@example.com
CUST_02707,Wendy Evans,2023-10-04,SMB,West,Basic,Active,garciabrandi@example.net
CUST_02708,Justin Brown,2022-05-24,SMB,West,Enterprise,Churned,vanessa20@example.org
CUST_02709,Cassandra Reilly,2021-04-13,Enterprise,North,Basic,Active,hramos@example.com
CUST_02710,Erik Murphy,2023-02-21,SMB,South,Enterprise,Active,slittle@example.com
CUST_02711,Patricia Wilson,2022-01-26,SMB,South,Basic,Active,nramsey@example.com
CUST_02712,Ashley Thomas,2021-02-15,SMB,South,Basic,Churned,lstokes@example.org
CUST_02713,Alan Vaughn,2023-07-25,Enterprise,North,Basic,Active,mitchellcheryl@example.net
CUST_02714,William Campbell,2021-03-04,SMB,North,Enterprise,Active,kpace@example.net
CUST_02715,Ann Huffman,2022-04-26,SMB,North,Basic,Active,whernandez@example.com
CUST_02716,Linda Austin,2021-02-16,SMB,South,Pro,Active,pearsonwillie@example.org
CUST_02717,Joshua Brown,2021-05-14,SMB,North,Pro,Active,bhenderson@example.net
CUST_02718,Carol Smith,2023-08-12,Mid-Market,South,Basic,Active,baileyjames@example.org
CUST_02719,Cheryl Foster,2021-05-10,SMB,North,Pro,Active,smithcrystal@example.com
CUST_02720,Debra Mercado,2022-02-20,SMB,West,Pro,Active,andreasmith@example.com
CUST_02721,Candice Butler,2022-04-26,Enterprise,International,Basic,Active,donnacunningham@example.net
CUST_02722,Jerry Ferguson,2024-02-28,SMB,North,Enterprise,Active,dmartin@example.com
CUST_02723,Shannon Thompson,2022-04-20,Mid-Market,East,Enterprise,Active,nicolemason@example.com
CUST_02724,Sonya Harris,2023-01-23,SMB,North,Basic,Active,vrussell@example.org
CUST_02725,Madison Ware,2023-01-31,SMB,West,Basic,Active,dthompson@example.org
CUST_02726,Juan Sanford,2023-04-14,SMB,East,Basic,Churned,smithcharles@example.org
CUST_02727,Raven Harris,2022-08-22,Mid-Market,South,Pro,Churned,jenniferhernandez@example.net
CUST_02728,Katie Arellano,2023-04-16,SMB,West,Enterprise,Active,rachael79@example.net
CUST_02729,Kelsey Nguyen,2022-11-13,Mid-Market,International,Pro,Active,sullivanpaula@example.com
CUST_02730,Matthew Henderson,2021-12-03,SMB,East,Pro,Active,margaret20@example.net
CUST_02731,Kimberly Garcia,2021-10-25,Mid-Market,International,Enterprise,Active,john19@example.org
CUST_02732,Jeremy Ortiz,2024-03-20,SMB,North,Enterprise,Churned,shull@example.org
CUST_02733,Kevin Riley,2021-06-17,SMB,West,Basic,Active,amberevans@example.net
CUST_02734,Nicholas Smith DDS,2023-12-01,SMB,East,Enterprise,Churned,jacquelinebennett@example.net
CUST_02735,Jennifer Cruz,2021-12-04,Enterprise,West,Enterprise,Active,cherylgomez@example.org
CUST_02736,Jerome Parker,2022-10-29,SMB,East,Enterprise,Active,matthewwalker@example.com
CUST_02737,Lori Smith,2023-03-16,SMB,South,Pro,Churned,irojas@example.net
CUST_02738,Alison Adams,2021-08-06,Mid-Market,West,Pro,Active,nthomas@example.com
CUST_02739,William Torres,2022-01-21,SMB,West,Basic,Active,zandrews@example.com
CUST_02740,Aaron Casey,2023-10-12,SMB,West,Enterprise,Churned,rparker@example.com
CUST_02741,Harold Williamson,2023-04-12,Enterprise,North,Enterprise,Active,richard18@example.org
CUST_02742,Rebecca Boone,2022-01-27,Mid-Market,International,Pro,Churned,jenkinsjohn@example.com
CUST_02743,Lori Clark,2021-05-27,Enterprise,North,Basic,Churned,osbornkelly@example.net
CUST_02744,Deborah Stewart,2023-04-06,SMB,International,Basic,Churned,elizabethrobertson@example.com
CUST_02745,Erin Jackson,2022-09-15,SMB,South,Basic,Active,martindonald@example.com
CUST_02746,James Tran,2021-03-27,SMB,East,Pro,Active,smithamy@example.com
CUST_02747,Dawn Meyer,2022-06-08,SMB,South,Pro,Active,aaronwiley@example.net
CUST_02748,Sheri Ballard,2021-07-20,SMB,East,Basic,Active,timothy88@example.org
CUST_02749,Nancy Green,2023-10-02,SMB,International,Enterprise,Active,tranrobert@example.org
CUST_02750,Timothy West,2021-06-27,Mid-Market,West,Enterprise,Active,rose00@example.org
CUST_02751,Gregory Myers,2021-07-12,SMB,West,Basic,Active,xgarcia@example.net
CUST_02752,Dalton Pruitt,2021-03-12,SMB,International,Basic,Active,paul18@example.com
CUST_02753,Cheryl Gonzales,2023-04-21,SMB,East,Pro,Churned,ryan90@example.net
CUST_02754,Suzanne Gaines,2021-02-27,SMB,West,Pro,Active,schmidtfernando@example.net
CUST_02755,Amanda Welch,2024-03-03,Mid-Market,East,Pro,Active,ronaldoneal@example.org
CUST_02756,Devon Phillips,2024-04-14,SMB,North,Pro,Churned,david90@example.com
CUST_02757,Mr. Troy Hansen,2021-11-30,SMB,East,Basic,Churned,xcardenas@example.org
CUST_02758,Andrew Thomas,2021-06-07,SMB,West,Pro,Churned,darrylkent@example.net
CUST_02759,Shelby Taylor,2021-12-28,SMB,West,Basic,Active,ltate@example.org
CUST_02760,Adam Young,2024-04-10,Enterprise,South,Basic,Active,scott04@example.com
CUST_02761,Steven Torres,2021-08-26,Mid-Market,West,Pro,Churned,gail55@example.net
CUST_02762,Jeffrey Jackson,2024-02-27,Enterprise,International,Pro,Churned,amandaedwards@example.com
CUST_02763,Tracy Roberts,2023-12-12,SMB,South,Enterprise,Active,jeffery29@example.org
CUST_02764,David Anderson,2021-03-10,Mid-Market,South,Pro,Active,staceyarias@example.org
CUST_02765,Peggy Young,2022-06-23,SMB,North,Pro,Active,cynthiaford@example.org
CUST_02766,Devin Day,2022-05-14,SMB,East,Pro,Active,christinapeters@example.net
CUST_02767,Kristen Jackson,2024-03-14,SMB,North,Basic,Churned,george52@example.net
CUST_02768,Ashley Wilson,2024-02-16,Mid-Market,East,Pro,Active,tracy91@example.com
CUST_02769,George Williams,2023-04-27,Enterprise,North,Enterprise,Active,coxcarol@example.com
CUST_02770,Eric Ruiz,2023-03-12,Enterprise,South,Basic,Churned,danielle52@example.com
CUST_02771,Joseph Paul,2022-06-29,Enterprise,North,Enterprise,Active,daniel71@example.com
CUST_02772,Michaela Whitney,2022-05-15,Enterprise,North,Enterprise,Active,sgonzalez@example.net
CUST_02773,Gavin Freeman,2023-09-08,SMB,East,Basic,Churned,walkerdavid@example.org
CUST_02774,Shane Jones,2021-05-26,Mid-Market,East,Pro,Churned,johnnewman@example.net
CUST_02775,Mrs. Amanda Wells,2021-05-20,Enterprise,International,Pro,Active,lisahawkins@example.com
CUST_02776,Karen Alvarez,2023-04-27,SMB,North,Basic,Active,mitchellangela@example.org
CUST_02777,Arthur White,2021-05-03,Mid-Market,South,Basic,Active,aholt@example.com
CUST_02778,Christy Murphy,2022-01-30,Enterprise,South,Basic,Active,timothyshaffer@example.net
CUST_02779,Jose Boyer,2022-04-06,SMB,East,Basic,Active,roger73@example.com
CUST_02780,James Miller,2023-04-13,Enterprise,West,Pro,Active,yramos@example.org
CUST_02781,Jennifer Frederick,2022-08-13,SMB,East,Basic,Active,jeffrey62@example.net
CUST_02782,Dawn Bennett,2024-02-25,Enterprise,South,Pro,Active,vgreen@example.org
CUST_02783,Laura Tyler,2023-01-27,SMB,East,Basic,Churned,rodriguezamanda@example.net
CUST_02784,Darren Smith,2022-12-01,Mid-Market,International,Pro,Active,marissasutton@example.com
CUST_02785,Michael Fernandez,2023-08-21,SMB,South,Basic,Active,salvarado@example.com
CUST_02786,Edward Hill,2024-02-22,Mid-Market,West,Enterprise,Active,christine97@example.net
CUST_02787,Christopher Bartlett,2023-08-20,SMB,East,Pro,Active,madison75@example.net
CUST_02788,Hannah Meyer,2021-05-09,SMB,East,Enterprise,Churned,kirbybrett@example.org
CUST_02789,Patrick Ford,2023-11-18,Mid-Market,South,Basic,Active,wilkinskevin@example.net
CUST_02790,Lee Heath,2022-01-27,SMB,North,Basic,Active,murraysara@example.net
CUST_02791,Sydney Baker,2023-04-23,Mid-Market,East,Enterprise,Active,lisa43@example.com
CUST_02792,Shane Mills MD,2021-10-13,SMB,North,Pro,Active,millerjessica@example.net
CUST_02793,Joseph Peterson,2024-01-17,SMB,West,Basic,Active,hsweeney@example.org
CUST_02794,Lisa Odom,2021-08-29,Mid-Market,East,Pro,Active,hillsabrina@example.net
CUST_02795,Roberto Rojas,2022-11-22,SMB,North,Pro,Churned,marthagriffin@example.net
CUST_02796,Ethan Castro,2023-09-19,SMB,North,Pro,Active,lmiddleton@example.org
CUST_02797,Richard Davis,2022-06-06,SMB,South,Pro,Active,julie80@example.net
CUST_02798,Paul Mack,2023-03-17,Mid-Market,West,Enterprise,Churned,james60@example.net
CUST_02799,Barbara Allen,2023-07-21,Mid-Market,International,Enterprise,Active,smithsusan@example.net
CUST_02800,Kenneth Wells,2023-05-12,SMB,East,Enterprise,Churned,debbieedwards@example.org
CUST_02801,Jeffery Berry,2024-05-04,Enterprise,International,Pro,Active,margaret18@example.net
CUST_02802,Drew Brown,2021-09-09,Mid-Market,North,Basic,Active,kevinespinoza@example.org
CUST_02803,Taylor Cantu,2022-07-23,SMB,West,Basic,Churned,wharris@example.com
CUST_02804,Jeremiah Robinson,2023-05-17,SMB,North,Basic,Churned,william96@example.net
CUST_02805,Harry Lindsey,2022-11-23,SMB,North,Pro,Active,bushcourtney@example.net
CUST_02806,Shane Potter,2022-03-28,SMB,North,Basic,Active,odavis@example.com
CUST_02807,David Curtis,2022-04-30,SMB,East,Basic,Churned,phoover@example.net
CUST_02808,Mr. Gregory Wiley,2023-02-24,SMB,North,Basic,Churned,jamesjohn@example.net
CUST_02809,Mary Massey,2022-07-07,SMB,North,Enterprise,Active,thomaswhite@example.org
CUST_02810,Kimberly Fisher,2022-05-11,Enterprise,South,Basic,Active,vortiz@example.org
CUST_02811,Joseph Gray,2021-08-08,Mid-Market,North,Basic,Churned,jonathan61@example.org
CUST_02812,Loretta Horton,2023-03-03,SMB,International,Pro,Active,cynthia35@example.net
CUST_02813,Madison Evans,2023-06-29,Mid-Market,South,Enterprise,Active,brad51@example.org
CUST_02814,Justin Smith,2023-02-18,SMB,East,Basic,Churned,abaird@example.com
CUST_02815,Jason Henderson,2023-06-14,SMB,West,Basic,Active,bakerjonathon@example.com
CUST_02816,Joseph Riley,2023-03-06,SMB,East,Basic,Active,laura09@example.com
CUST_02817,Amanda Simpson,2024-05-15,SMB,West,Basic,Active,heather90@example.net
CUST_02818,Jonathan Gallagher,2022-03-23,SMB,South,Basic,Active,sheena87@example.com
CUST_02819,Nicole Bell,2022-04-18,Mid-Market,South,Basic,Active,mariahwang@example.net
CUST_02820,Jody Singleton,2024-02-28,SMB,West,Enterprise,Churned,chavezpamela@example.org
CUST_02821,Jessica Tran,2023-03-08,SMB,West,Pro,Active,mccormickkatherine@example.com
CUST_02822,Pamela Johnson,2023-07-02,Mid-Market,South,Basic,Active,stacey98@example.net
CUST_02823,Katie Harris,2023-01-21,Enterprise,North,Basic,Active,vramos@example.com
CUST_02824,Courtney Young,2024-04-14,Mid-Market,North,Basic,Active,ecampbell@example.com
CUST_02825,David Hall,2023-02-21,SMB,West,Enterprise,Active,jacobscindy@example.org
CUST_02826,Hannah Hunt,2021-07-09,SMB,International,Basic,Active,lcosta@example.net
CUST_02827,Casey Baker,2022-06-07,SMB,East,Basic,Active,tarabradshaw@example.org
CUST_02828,Carolyn Kane,2022-01-16,Mid-Market,South,Enterprise,Active,carrjennifer@example.com
CUST_02829,Cesar Adams,2021-07-08,Mid-Market,North,Pro,Active,carl07@example.net
CUST_02830,Michele Garcia,2021-12-27,SMB,International,Enterprise,Churned,erikwatson@example.org
CUST_02831,Maria Brown,2021-02-05,SMB,North,Pro,Active,tklein@example.org
CUST_02832,Tammy Thomas,2021-07-27,Mid-Market,North,Pro,Active,amy70@example.net
CUST_02833,Kristin Hernandez,2024-02-08,SMB,West,Pro,Active,kbird@example.com
CUST_02834,Christopher Miller,2022-05-19,SMB,International,Basic,Active,ywilkinson@example.org
CUST_02835,Adrian Collier,2021-02-12,Mid-Market,South,Basic,Active,geraldgarcia@example.net
CUST_02836,Amber Lee,2023-08-19,SMB,North,Basic,Churned,gfox@example.net
CUST_02837,Anthony Smith,2024-03-21,Enterprise,West,Enterprise,Active,pwest@example.org
CUST_02838,Timothy Maxwell,2022-05-24,SMB,West,Pro,Churned,wheelerkimberly@example.org
CUST_02839,Robert Griffith,2021-10-06,SMB,International,Basic,Churned,duncanjames@example.net
CUST_02840,Alexandra Marshall,2023-03-20,SMB,West,Enterprise,Active,anthony17@example.org
CUST_02841,Tyler Hart,2023-12-01,SMB,East,Enterprise,Active,johnsonsteven@example.net
CUST_02842,Collin Osborne,2022-05-30,SMB,West,Pro,Active,fjackson@example.org
CUST_02843,Robert Knight,2021-03-16,Mid-Market,East,Pro,Active,pwilkerson@example.com
CUST_02844,Cody Johnson PhD,2024-05-22,SMB,South,Basic,Active,molly46@example.org
CUST_02845,Mrs. Carol Morton DVM,2023-09-25,Mid-Market,North,Basic,Active,dflowers@example.com
CUST_02846,Jason Lucero,2021-10-29,Enterprise,East,Pro,Active,mandymalone@example.com
CUST_02847,Tara Anderson,2022-09-11,SMB,North,Enterprise,Active,douglas60@example.org
CUST_02848,Daniel Matthews,2022-06-02,Enterprise,International,Enterprise,Active,thomasjessica@example.net
CUST_02849,Lauren Torres,2023-08-07,SMB,International,Pro,Churned,esalinas@example.org
CUST_02850,Alexander Craig,2021-07-27,SMB,North,Basic,Churned,wmay@example.com
CUST_02851,Thomas Ruiz,2023-06-07,Enterprise,South,Pro,Churned,pearsoncarrie@example.com
CUST_02852,Allison Arellano,2021-03-24,Mid-Market,East,Enterprise,Active,josephcooper@example.net
CUST_02853,Joshua Rodriguez,2022-02-01,SMB,South,Pro,Active,andersondaniel@example.net
CUST_02854,Troy Herrera,2024-02-25,SMB,North,Basic,Churned,jacksonrussell@example.com
CUST_02855,Michele Oconnor PhD,2021-02-19,Enterprise,East,Basic,Active,jscott@example.com
CUST_02856,Susan Palmer,2022-10-31,Mid-Market,South,Pro,Active,dmartinez@example.com
CUST_02857,Dr. Kathryn Adams DDS,2023-06-17,Enterprise,North,Pro,Active,dixonjerry@example.net
CUST_02858,Ann Cunningham,2024-01-28,Mid-Market,West,Pro,Active,henrychristine@example.net
CUST_02859,Jeffrey Williams,2023-02-13,SMB,International,Basic,Active,uduncan@example.net
CUST_02860,Patricia Dunlap,2021-10-22,SMB,East,Pro,Churned,philliphayden@example.net
CUST_02861,Craig Nguyen,2023-03-19,SMB,South,Basic,Churned,joshuaadams@example.com
CUST_02862,Tony Williams,2023-05-07,Enterprise,North,Basic,Active,davidandrews@example.net
CUST_02863,Donald Lopez,2024-01-26,Mid-Market,North,Enterprise,Active,jacksonwhitney@example.org
CUST_02864,Katherine Mcmillan,2021-12-01,SMB,International,Basic,Active,michellehoward@example.com
CUST_02865,Daniel Robinson,2023-08-18,Mid-Market,North,Pro,Active,smithamy@example.com
CUST_02866,Eddie Klein,2023-07-31,Mid-Market,North,Pro,Active,lchavez@example.org
CUST_02867,April Meyer,2023-08-19,Mid-Market,South,Pro,Active,martinezdavid@example.org
CUST_02868,Troy Jefferson,2022-11-09,Mid-Market,International,Pro,Active,vbradley@example.net
CUST_02869,David Jennings,2024-04-22,Mid-Market,West,Basic,Active,sarahharmon@example.net
CUST_02870,Theresa Ray,2022-04-09,Mid-Market,International,Pro,Active,nsingh@example.org
CUST_02871,Joshua Quinn,2022-09-08,Mid-Market,International,Basic,Active,amy18@example.com
CUST_02872,David Sanchez,2022-09-08,SMB,International,Pro,Active,johnsoncandice@example.net
CUST_02873,Melinda Wright,2022-03-25,Mid-Market,East,Enterprise,Active,zamorajennifer@example.org
CUST_02874,Angela Davis,2024-01-16,Mid-Market,International,Enterprise,Active,floreseileen@example.net
CUST_02875,Melissa Rivera,2022-09-05,Mid-Market,East,Basic,Churned,katherinemccarty@example.com
CUST_02876,Albert Fields,2021-05-16,Mid-Market,International,Pro,Active,jonesjames@example.org
CUST_02877,Jason Griffin,2023-06-05,SMB,South,Basic,Churned,mharding@example.net
CUST_02878,Kevin Padilla,2021-08-31,SMB,International,Basic,Active,jreynolds@example.net
CUST_02879,Anthony Taylor,2023-03-23,SMB,International,Enterprise,Active,patrickjasmine@example.net
CUST_02880,Melissa Hernandez,2021-12-04,Mid-Market,South,Enterprise,Active,denisepalmer@example.net
CUST_02881,Donna Smith,2021-07-26,SMB,International,Pro,Churned,htaylor@example.com
CUST_02882,Andrea Baker,2023-10-06,SMB,East,Basic,Active,rebecca73@example.com
CUST_02883,Cheryl Collins,2021-11-08,SMB,West,Enterprise,Active,maxwellgibson@example.org
CUST_02884,Christopher Davis,2023-01-22,Enterprise,North,Basic,Active,andrearivera@example.net
CUST_02885,Jason Jones,2021-06-29,SMB,West,Pro,Churned,kristievillegas@example.com
CUST_02886,Donna Cline,2024-04-08,SMB,North,Basic,Churned,cwilson@example.org
CUST_02887,Christopher Brown,2021-12-15,Enterprise,International,Basic,Active,dortiz@example.org
CUST_02888,David Thomas,2022-08-20,SMB,South,Pro,Active,johnsonjennifer@example.net
CUST_02889,Christina Strong,2021-05-14,SMB,South,Enterprise,Active,fjones@example.org
CUST_02890,Tanner Potts,2023-11-21,SMB,West,Basic,Churned,alexander66@example.com
CUST_02891,Robert Vance,2022-11-25,SMB,North,Pro,Active,larry04@example.net
CUST_02892,Charles Gonzales,2023-11-09,SMB,South,Enterprise,Active,melissaevans@example.org
CUST_02893,Brandon Young,2022-04-27,SMB,South,Enterprise,Active,victor34@example.com
CUST_02894,Debbie Bailey,2023-08-03,SMB,North,Pro,Churned,amiller@example.net
CUST_02895,Todd Sherman,2021-08-30,Mid-Market,East,Basic,Churned,margaretbarnett@example.org
CUST_02896,William Hicks,2022-08-02,SMB,West,Basic,Active,ypadilla@example.com
CUST_02897,Rachel Cisneros,2023-06-11,SMB,West,Pro,Active,joshuajones@example.net
CUST_02898,Stacey Ortiz,2024-04-18,SMB,West,Pro,Active,rdixon@example.net
CUST_02899,John Miller,2023-01-16,SMB,West,Enterprise,Churned,belindafowler@example.com
CUST_02900,Jason Cantu,2022-06-01,Mid-Market,North,Basic,Active,vincent74@example.org
CUST_02901,Erik Nelson,2022-10-25,SMB,International,Pro,Active,kyleparker@example.com
CUST_02902,Nicole Kelley,2022-10-07,SMB,West,Pro,Active,hernandezmatthew@example.net
CUST_02903,David Rodgers,2021-12-03,SMB,North,Enterprise,Active,frank49@example.org
CUST_02904,James Vazquez,2021-10-31,Mid-Market,International,Pro,Churned,dawn11@example.org
CUST_02905,Lisa Schroeder,2022-07-24,Enterprise,East,Pro,Active,schmidtsteven@example.org
CUST_02906,Jessica Parker,2023-01-09,SMB,West,Pro,Active,erica48@example.net
CUST_02907,Misty Rice,2023-09-16,SMB,North,Basic,Active,brenda68@example.org
CUST_02908,Jennifer Cline MD,2023-11-01,SMB,North,Basic,Churned,velasquezvictoria@example.org
CUST_02909,Robert Watson,2022-02-07,Mid-Market,East,Pro,Active,dianaramirez@example.net
CUST_02910,Scott Wilson,2024-04-25,SMB,East,Enterprise,Active,nwilliams@example.net
CUST_02911,Jessica Colon,2022-11-13,SMB,North,Enterprise,Churned,tylergarcia@example.net
CUST_02912,Kathy Brown,2023-05-05,SMB,North,Enterprise,Active,harrisbryan@example.net
CUST_02913,Kristopher Pierce,2022-10-08,SMB,North,Pro,Active,millerlindsey@example.org
CUST_02914,Christine Ellison,2021-03-21,Mid-Market,International,Basic,Active,pli@example.org
CUST_02915,Kathleen Garcia,2021-01-09,SMB,South,Pro,Active,jgill@example.com
CUST_02916,Paul Wilkerson,2023-03-25,Enterprise,South,Enterprise,Churned,jhenson@example.com
CUST_02917,Lisa Potter,2024-01-02,Enterprise,West,Basic,Active,bowenjonathan@example.net
CUST_02918,Sarah Fields,2022-09-20,SMB,East,Pro,Active,michelle01@example.org
CUST_02919,Jeffrey Walker,2023-12-30,SMB,East,Pro,Active,jasminjohnson@example.org
CUST_02920,Megan Hood,2023-03-08,Mid-Market,North,Basic,Active,ruizkimberly@example.net
CUST_02921,Michelle Mcdonald,2023-05-30,Mid-Market,North,Pro,Churned,brodriguez@example.net
CUST_02922,Ashley Gilbert,2021-09-23,SMB,North,Enterprise,Active,davidharris@example.net
CUST_02923,Leah Travis,2022-06-11,SMB,South,Basic,Active,timothy18@example.org
CUST_02924,Dr. Andrew Johns,2021-07-19,SMB,North,Basic,Active,yoderadam@example.com
CUST_02925,Megan Moran,2021-05-21,Mid-Market,West,Enterprise,Churned,kristen78@example.org
CUST_02926,Matthew Caldwell,2022-05-06,Mid-Market,International,Basic,Churned,james23@example.com
CUST_02927,Carla Holloway,2022-01-02,SMB,South,Enterprise,Churned,yrichards@example.com
CUST_02928,Pamela Arnold,2023-12-31,SMB,West,Basic,Active,qgreen@example.com
CUST_02929,Robert Fleming,2021-06-20,Enterprise,South,Pro,Active,carl91@example.org
CUST_02930,Vickie Huynh,2024-01-22,Enterprise,West,Basic,Active,christopherbrown@example.org
CUST_02931,Stephanie Colon,2021-06-26,SMB,East,Enterprise,Active,ejones@example.org
CUST_02932,Jack Krause,2024-01-01,Mid-Market,East,Basic,Active,patricia24@example.org
CUST_02933,Melissa Harvey,2022-11-28,SMB,South,Enterprise,Active,beckyroberts@example.com
CUST_02934,Connie Smith,2023-04-05,SMB,West,Pro,Churned,rodgerscaroline@example.org
CUST_02935,Emily Perez,2021-05-18,Mid-Market,West,Pro,Active,craigbuck@example.com
CUST_02936,Jacob Aguirre,2023-10-10,SMB,International,Enterprise,Active,zwolfe@example.net
CUST_02937,Crystal Parrish,2021-03-27,SMB,South,Basic,Churned,jesse81@example.org
CUST_02938,Alan Wilson,2023-02-02,Mid-Market,North,Pro,Active,rhonda64@example.org
CUST_02939,Robert Richards MD,2023-08-08,Mid-Market,International,Enterprise,Churned,floresjohn@example.com
CUST_02940,Phillip Lin,2021-08-27,SMB,East,Pro,Active,amyjones@example.com
CUST_02941,Erin Garcia,2022-11-29,SMB,East,Pro,Churned,brittanyhubbard@example.com
CUST_02942,Gloria Green,2022-05-19,SMB,East,Enterprise,Active,odickerson@example.org
CUST_02943,Robin Murray,2021-04-23,SMB,International,Basic,Active,jessicasmith@example.com
CUST_02944,Jessica Rojas,2023-02-17,SMB,West,Enterprise,Active,kelsey67@example.com
CUST_02945,Hunter Alexander,2023-12-24,Mid-Market,International,Enterprise,Active,murraybruce@example.net
CUST_02946,Isaiah Trujillo,2021-02-23,SMB,South,Pro,Active,pschmidt@example.org
CUST_02947,Dr. Daniel Tucker,2023-12-12,Mid-Market,International,Pro,Active,tiffany80@example.org
CUST_02948,Elizabeth Jones,2022-06-26,SMB,North,Basic,Active,wesley57@example.net
CUST_02949,Anthony Hart,2024-04-07,Mid-Market,East,Basic,Active,jordan68@example.com
CUST_02950,Dr. Charlene Black,2024-02-01,Mid-Market,West,Basic,Active,wendy76@example.com
CUST_02951,Adam Delgado,2024-03-28,SMB,West,Basic,Active,jvega@example.com
CUST_02952,Shannon Mccarthy,2021-07-25,SMB,West,Enterprise,Active,jared86@example.com
CUST_02953,Charles Munoz,2023-05-11,SMB,International,Basic,Churned,patriciareynolds@example.net
CUST_02954,Lisa Russell,2021-07-13,Mid-Market,North,Pro,Active,salinaszachary@example.net
CUST_02955,Leslie Hall MD,2023-08-19,SMB,East,Basic,Active,kimberly34@example.org
CUST_02956,Alexander Warren,2024-02-24,Mid-Market,North,Basic,Active,thomaslane@example.net
CUST_02957,Taylor Carlson,2024-03-11,Mid-Market,North,Basic,Active,qpatterson@example.org
CUST_02958,Michael Rojas,2021-09-17,Enterprise,East,Enterprise,Active,vcole@example.com
CUST_02959,Sierra Porter,2023-04-16,SMB,East,Enterprise,Churned,max26@example.org
CUST_02960,Shari Allen,2022-01-20,SMB,West,Basic,Active,dylan27@example.org
CUST_02961,Nicole Anderson,2023-03-07,Mid-Market,East,Pro,Active,henrymccarthy@example.org
CUST_02962,Bridget Garcia,2024-04-24,SMB,South,Basic,Active,huffmaria@example.net
CUST_02963,Jessica Martinez,2021-09-13,SMB,East,Basic,Active,krodriguez@example.org
CUST_02964,Brooke Ware,2021-08-23,Mid-Market,North,Pro,Active,daniel48@example.com
CUST_02965,Crystal Brooks,2022-01-13,Mid-Market,North,Basic,Active,houstonstephanie@example.org
CUST_02966,Scott White,2021-03-24,SMB,North,Enterprise,Churned,roachjulie@example.net
CUST_02967,Alexis Shea,2023-03-20,Mid-Market,North,Basic,Churned,jack64@example.com
CUST_02968,Amy Payne,2022-03-07,Mid-Market,East,Enterprise,Active,hayesnicole@example.org
CUST_02969,Renee Miller,2022-02-27,SMB,North,Basic,Active,seanosborne@example.com
CUST_02970,Teresa Carter,2023-01-26,Enterprise,North,Pro,Active,jasongutierrez@example.com
CUST_02971,Thomas Bennett,2023-06-28,Mid-Market,West,Pro,Active,melissaroy@example.com
CUST_02972,Donald Wallace,2022-01-21,SMB,South,Basic,Active,ruthsmith@example.org
CUST_02973,Amanda Sanders,2022-07-15,SMB,East,Pro,Active,jordan25@example.net
CUST_02974,Sabrina Pierce,2021-05-03,Mid-Market,North,Pro,Active,halejeffery@example.net
CUST_02975,Joel Moore,2022-08-12,SMB,North,Basic,Churned,fwhite@example.org
CUST_02976,Bailey Hughes,2023-12-21,Mid-Market,North,Pro,Churned,denise49@example.com
CUST_02977,Ronald Higgins,2022-02-16,SMB,North,Basic,Active,vfoster@example.org
CUST_02978,Christopher Newman,2021-11-25,Mid-Market,South,Pro,Active,tiffany97@example.com
CUST_02979,Lori Brooks,2023-09-23,Mid-Market,West,Basic,Active,gsharp@example.net
CUST_02980,Robert Barnes,2021-10-24,SMB,East,Pro,Churned,wchaney@example.com
CUST_02981,Alison Williams,2022-07-11,SMB,West,Pro,Active,ortegasandra@example.net
CUST_02982,Sarah Larson,2021-05-09,SMB,South,Basic,Active,jacobjones@example.com
CUST_02983,Terry Macias,2022-05-16,SMB,South,Basic,Active,christineramirez@example.net
CUST_02984,Amanda Perez,2023-12-22,SMB,East,Pro,Active,michaellee@example.org
CUST_02985,Tyler Sanchez,2021-02-10,SMB,North,Enterprise,Active,williamslisa@example.net
CUST_02986,Hailey Mcpherson,2021-01-03,SMB,East,Pro,Active,montgomeryjessica@example.com
CUST_02987,Robert Vega,2023-05-21,Mid-Market,West,Pro,Active,perezrichard@example.net
CUST_02988,Rhonda Mitchell,2024-05-17,SMB,East,Pro,Active,cindyfischer@example.org
CUST_02989,Christopher Horn,2022-05-17,Mid-Market,East,Basic,Active,lellison@example.com
CUST_02990,Robert Johnson,2023-12-27,SMB,West,Basic,Active,daviddecker@example.com
CUST_02991,Ann Hobbs,2021-06-06,Mid-Market,North,Enterprise,Churned,wallacemathew@example.net
CUST_02992,Terry Carr,2022-02-24,SMB,International,Basic,Active,stephaniewilson@example.org
CUST_02993,Jennifer Jones,2024-01-29,SMB,North,Pro,Active,xparker@example.com
CUST_02994,Terrence Cruz,2021-07-18,Enterprise,North,Pro,Churned,danielle93@example.com
CUST_02995,William Davis,2022-07-29,Enterprise,North,Pro,Active,henrygriffin@example.net
CUST_02996,John Hall,2022-04-30,SMB,North,Enterprise,Active,banderson@example.com
CUST_02997,Chris Farrell,2022-05-09,Enterprise,East,Basic,Churned,gking@example.org
CUST_02998,Stefanie Simmons,2021-01-14,SMB,West,Pro,Active,ostokes@example.org
CUST_02999,Kevin Keller,2022-11-09,SMB,West,Enterprise,Churned,leslie24@example.org
CUST_03000,Michael Brown,2021-01-01,SMB,East,Basic,Active,michellegomez@example.com
CUST_03001,Daniel Ingram,2021-12-03,Mid-Market,East,Basic,Churned,perkinsdaniel@example.org
CUST_03002,Amber York,2022-07-18,Enterprise,North,Pro,Active,dlowery@example.net
CUST_03003,John Dickson,2022-01-03,SMB,North,Basic,Churned,heather42@example.org
CUST_03004,Kathryn Young,2023-07-10,Mid-Market,East,Basic,Active,courtney58@example.org
CUST_03005,Nancy Costa,2022-02-23,Enterprise,International,Basic,Active,kelsey77@example.org
CUST_03006,Mark Gallegos,2023-06-04,SMB,West,Enterprise,Churned,suzannegilmore@example.org
CUST_03007,Victoria Jordan,2021-01-16,Enterprise,East,Enterprise,Active,howardchristina@example.org
CUST_03008,John Daniels,2023-05-11,Enterprise,West,Basic,Active,susan40@example.net
CUST_03009,Jonathan Mueller,2021-08-11,SMB,North,Basic,Active,mariaweaver@example.com
CUST_03010,Michelle Woods,2024-02-11,SMB,West,Basic,Active,bkramer@example.net
CUST_03011,Jennifer Martinez,2024-04-14,SMB,East,Enterprise,Active,michaelbradshaw@example.net
CUST_03012,Nancy Miller,2023-12-28,SMB,International,Basic,Active,kjackson@example.org
CUST_03013,Gregory Fischer,2023-07-01,Mid-Market,North,Pro,Active,michaelflynn@example.net
CUST_03014,Peter Zhang,2021-02-11,Mid-Market,West,Basic,Active,ajackson@example.org
CUST_03015,Darlene White,2021-07-06,Mid-Market,East,Enterprise,Active,davissonya@example.org
CUST_03016,Donald Roberts,2022-04-16,Enterprise,International,Pro,Active,brookefrench@example.net
CUST_03017,Jennifer Jackson,2023-03-20,SMB,East,Enterprise,Active,awilliams@example.com
CUST_03018,Thomas Snow,2023-11-27,SMB,North,Pro,Churned,mccartymichael@example.org
CUST_03019,John Mitchell,2021-04-14,SMB,North,Enterprise,Active,smithjesse@example.org
CUST_03020,Philip Andrews,2024-02-06,SMB,North,Enterprise,Churned,nathangonzalez@example.net
CUST_03021,Christopher Huff,2024-01-30,SMB,South,Basic,Churned,millerbrittany@example.com
CUST_03022,Melissa Barnes,2022-02-25,Mid-Market,International,Pro,Churned,huynhdouglas@example.com
CUST_03023,Erica Campbell,2021-10-30,SMB,North,Pro,Active,mcleankaitlin@example.org
CUST_03024,Jeffrey Anderson,2022-10-22,Enterprise,East,Pro,Active,jeffery85@example.org
CUST_03025,Gabriel Ford,2021-03-09,SMB,South,Enterprise,Active,josephdavis@example.com
CUST_03026,Shannon Nunez,2021-03-04,SMB,West,Enterprise,Churned,tonyamercado@example.com
CUST_03027,Marvin Sparks,2021-06-16,Mid-Market,East,Pro,Churned,justin16@example.com
CUST_03028,Curtis Garcia,2024-01-09,Mid-Market,North,Enterprise,Active,joshua41@example.net
CUST_03029,Christopher Harrison,2021-02-22,Enterprise,International,Pro,Active,emills@example.com
CUST_03030,Nicole Henderson,2023-10-30,SMB,West,Basic,Active,kristymunoz@example.org
CUST_03031,Amanda Ramirez,2021-10-30,SMB,North,Basic,Active,elamb@example.com
CUST_03032,Ariel Pierce,2021-06-06,SMB,East,Pro,Churned,boltonmary@example.com
CUST_03033,Krystal Thompson,2021-03-28,SMB,East,Basic,Active,blakejackson@example.net
CUST_03034,Eric Ingram,2021-04-01,SMB,East,Pro,Active,mackgary@example.com
CUST_03035,Richard Flynn,2022-12-09,Enterprise,North,Basic,Active,carmstrong@example.net
CUST_03036,Alexandra Howard,2021-11-04,Enterprise,South,Pro,Active,kendra53@example.com
CUST_03037,Breanna Hansen,2022-07-06,SMB,North,Basic,Active,campbelltaylor@example.org
CUST_03038,Morgan Adams,2022-09-28,SMB,North,Basic,Active,krauseaaron@example.com
CUST_03039,Shannon Garrett,2021-03-22,SMB,North,Basic,Active,timothy42@example.org
CUST_03040,Donald Morris,2024-02-18,Enterprise,South,Basic,Active,conleyantonio@example.org
CUST_03041,Billy Powers,2023-12-13,Mid-Market,West,Enterprise,Active,torresmeghan@example.net
CUST_03042,Brandon Walker,2021-09-08,Enterprise,North,Basic,Active,joshua70@example.com
CUST_03043,Angela Goodwin,2023-12-20,Mid-Market,International,Pro,Active,natalie46@example.com
CUST_03044,Shawn Fischer,2021-12-30,Mid-Market,International,Pro,Active,ztran@example.org
CUST_03045,Edward Benson,2022-02-02,SMB,North,Enterprise,Active,lisa99@example.org
CUST_03046,Brittany Alvarez,2022-07-03,SMB,North,Pro,Churned,barbararodriguez@example.net
CUST_03047,Andrew Gibson,2022-08-28,SMB,South,Basic,Active,psmith@example.com
CUST_03048,Stephen Johnson,2022-09-22,SMB,West,Pro,Active,perezjohn@example.com
CUST_03049,Leslie Sanchez,2021-09-25,Mid-Market,South,Basic,Active,sandersdeanna@example.net
CUST_03050,Robert Ruiz,2022-09-27,SMB,North,Pro,Active,kelleyderek@example.net
CUST_03051,Jason Mathews,2023-03-11,Mid-Market,North,Pro,Active,kimberly90@example.net
CUST_03052,Matthew Jordan,2023-02-05,SMB,South,Basic,Active,waynerivera@example.net
CUST_03053,Amber Ruiz,2022-04-15,SMB,South,Basic,Active,ashleyharris@example.net
CUST_03054,Melissa Steele,2022-01-28,Mid-Market,North,Pro,Active,barcher@example.net
CUST_03055,Rebecca Little,2023-02-12,SMB,North,Basic,Active,anthonydana@example.net
CUST_03056,Ronald Benson,2023-12-23,SMB,East,Enterprise,Active,bakermelissa@example.com
CUST_03057,Pamela Gardner,2023-01-25,SMB,West,Enterprise,Churned,cvega@example.org
CUST_03058,Daniel Combs,2022-07-19,SMB,West,Pro,Active,moralesfrancisco@example.net
CUST_03059,Alexis Lee,2021-05-07,SMB,West,Pro,Active,katiehicks@example.net
CUST_03060,Zachary Velasquez,2022-08-20,Mid-Market,East,Basic,Active,tracyhoffman@example.com
CUST_03061,Tracy Hammond,2022-12-29,SMB,West,Basic,Churned,stevenellis@example.org
CUST_03062,Samantha Parker,2021-09-08,SMB,International,Pro,Active,george94@example.org
CUST_03063,Mitchell Garza,2021-07-13,Mid-Market,North,Basic,Active,teresamiller@example.org
CUST_03064,Elizabeth Mayo,2021-09-11,SMB,International,Pro,Active,rodriguezmichael@example.net
CUST_03065,Jennifer Johnson,2022-02-10,SMB,East,Basic,Active,egeorge@example.net
CUST_03066,Joshua Lee,2021-03-22,Enterprise,International,Pro,Active,jonathan98@example.org
CUST_03067,Denise Hoffman,2023-11-01,SMB,International,Pro,Active,donna30@example.net
CUST_03068,Seth Gregory,2023-10-23,SMB,North,Enterprise,Active,owensamber@example.com
CUST_03069,Scott Smith,2021-01-18,SMB,East,Pro,Churned,rfinley@example.net
CUST_03070,Brian Ware,2021-03-02,Mid-Market,International,Enterprise,Active,garciadebra@example.com
CUST_03071,Lauren Sharp,2024-05-08,Mid-Market,East,Pro,Active,rachelvaldez@example.org
CUST_03072,Curtis Cole,2023-10-16,Enterprise,South,Pro,Active,wilsonbrian@example.net
CUST_03073,Jennifer Evans,2023-05-01,Mid-Market,North,Enterprise,Active,nhobbs@example.org
CUST_03074,Kimberly Holmes,2022-12-10,SMB,South,Pro,Churned,gibsonrichard@example.net
CUST_03075,Tracy Pierce,2021-09-10,Enterprise,North,Basic,Active,marissa85@example.org
CUST_03076,Alicia Thomas,2022-08-22,SMB,North,Pro,Churned,stephanie27@example.net
CUST_03077,Benjamin Fernandez,2024-04-16,Mid-Market,West,Pro,Churned,rgiles@example.org
CUST_03078,Stacey Cruz,2021-11-19,SMB,West,Basic,Active,jacksonthomas@example.com
CUST_03079,Justin Moreno,2023-07-14,SMB,North,Pro,Churned,allendavid@example.org
CUST_03080,Regina Gamble,2021-03-16,Mid-Market,South,Basic,Active,qlee@example.com
CUST_03081,Gabriel Larson,2023-04-15,SMB,East,Basic,Active,dawncook@example.net
CUST_03082,Sheri Yoder,2022-11-23,Enterprise,North,Basic,Active,whitejill@example.com
CUST_03083,Tara Thomas,2021-04-05,SMB,International,Pro,Active,dianebrooks@example.com
CUST_03084,Lauren Mcmillan,2021-02-06,Enterprise,South,Pro,Active,summerellis@example.org
CUST_03085,Juan Adams,2022-02-21,SMB,North,Enterprise,Active,tsullivan@example.org
CUST_03086,James Juarez,2021-02-25,Mid-Market,West,Pro,Active,andersonkaren@example.org
CUST_03087,Casey Hubbard,2022-03-12,SMB,International,Basic,Churned,bobby53@example.net
CUST_03088,Dawn Molina,2022-12-30,Mid-Market,International,Basic,Churned,xclarke@example.com
CUST_03089,Tricia Russo,2021-08-11,Mid-Market,South,Pro,Active,mary88@example.org
CUST_03090,Shannon Hudson,2021-10-20,SMB,East,Pro,Active,xwright@example.com
CUST_03091,Jennifer Hernandez,2021-03-24,SMB,South,Enterprise,Churned,susanhall@example.org
CUST_03092,Robert Munoz,2023-07-06,Mid-Market,West,Pro,Active,ecampbell@example.org
CUST_03093,Eric Velasquez,2024-02-01,Mid-Market,International,Basic,Active,denniswilliams@example.com
CUST_03094,Joseph Lopez,2023-02-06,SMB,North,Pro,Active,ielliott@example.org
CUST_03095,James Levy,2021-02-06,Enterprise,South,Basic,Active,wthompson@example.com
CUST_03096,Leslie Preston,2021-05-13,Enterprise,East,Basic,Active,briannamclaughlin@example.net
CUST_03097,Cindy Walton,2023-07-17,Mid-Market,North,Basic,Active,zgrimes@example.net
CUST_03098,Michelle Hayes,2024-03-19,SMB,West,Basic,Active,nathannorman@example.org
CUST_03099,David Fox,2023-02-09,SMB,East,Enterprise,Active,millsmichelle@example.com
CUST_03100,Robin Davis,2024-05-14,SMB,East,Enterprise,Active,carriereese@example.net
CUST_03101,William Powell,2021-07-03,SMB,International,Enterprise,Active,smithcarl@example.com
CUST_03102,William Hale,2023-02-26,Mid-Market,South,Pro,Active,nthomas@example.net
CUST_03103,Andrea Sparks,2022-08-26,SMB,East,Basic,Churned,melissaharrell@example.net
CUST_03104,Andrea Turner,2022-02-03,SMB,East,Basic,Active,harrislisa@example.com
CUST_03105,Steven Bridges,2022-04-02,SMB,West,Basic,Churned,landerson@example.net
CUST_03106,Maria Wall,2024-02-21,Enterprise,South,Enterprise,Active,vphillips@example.net
CUST_03107,Brandy Kerr,2024-02-17,Enterprise,North,Pro,Active,christine20@example.net
CUST_03108,George Hall,2021-03-04,Mid-Market,West,Basic,Active,bholder@example.net
CUST_03109,Ashley Harding,2022-04-13,Mid-Market,East,Basic,Active,kmartinez@example.net
CUST_03110,Veronica Johnson,2023-01-11,Mid-Market,East,Pro,Active,richard20@example.org
CUST_03111,Jacob Burton,2024-02-24,SMB,West,Pro,Active,westricky@example.org
CUST_03112,Jessica Cook,2022-12-07,SMB,West,Enterprise,Active,whernandez@example.net
CUST_03113,Maria Wise,2024-03-05,SMB,North,Basic,Active,collinslaura@example.com
CUST_03114,Bryan Martin II,2021-10-29,Mid-Market,West,Pro,Active,douglastimothy@example.net
CUST_03115,Jared Smith,2022-06-29,SMB,North,Pro,Churned,mhenry@example.net
CUST_03116,Jon Arellano,2021-05-30,SMB,South,Pro,Active,perezchristopher@example.net
CUST_03117,Cassie Williams,2021-07-21,Mid-Market,West,Pro,Active,martha99@example.net
CUST_03118,Craig Washington,2023-12-19,SMB,North,Basic,Active,stevelee@example.net
CUST_03119,Edward Davies,2022-01-29,Mid-Market,North,Enterprise,Active,melanie48@example.net
CUST_03120,Devin Reynolds,2022-09-29,Mid-Market,East,Basic,Active,ibrady@example.com
CUST_03121,Patricia Edwards,2021-12-03,Mid-Market,International,Enterprise,Active,leblancnicole@example.net
CUST_03122,Jennifer Jones,2023-06-09,Mid-Market,International,Basic,Active,hartmancrystal@example.net
CUST_03123,Rachael Howard,2021-08-28,SMB,International,Basic,Active,qneal@example.org
CUST_03124,Leslie Miller,2022-01-31,SMB,North,Pro,Active,patrick40@example.net
CUST_03125,Kristin Gomez,2021-04-09,Mid-Market,International,Enterprise,Active,cooperamy@example.org
CUST_03126,Rhonda Morris,2021-06-14,Mid-Market,East,Basic,Active,tgreen@example.net
CUST_03127,Jacob Guzman,2023-07-18,SMB,South,Enterprise,Active,weeksbrandon@example.com
CUST_03128,April Mitchell,2024-04-07,Mid-Market,North,Pro,Active,patriciaowen@example.net
CUST_03129,Steven Wilson,2023-01-25,SMB,North,Pro,Churned,traci39@example.net
CUST_03130,Cassandra Brock,2023-06-26,Mid-Market,East,Basic,Active,beckerbrianna@example.com
CUST_03131,Pamela Rodgers,2021-10-14,Mid-Market,International,Basic,Active,allennathan@example.net
CUST_03132,Melinda Ramirez,2021-10-08,SMB,North,Pro,Active,kelleramanda@example.org
CUST_03133,Frank Franklin,2023-08-30,SMB,International,Basic,Active,christopher64@example.net
CUST_03134,Kyle Camacho,2024-05-17,SMB,East,Enterprise,Churned,matthewbutler@example.org
CUST_03135,Colton Duke,2023-12-29,SMB,International,Basic,Churned,joseph08@example.net
CUST_03136,Pamela Pittman,2021-07-02,SMB,East,Basic,Active,uwilliams@example.net
CUST_03137,Wendy Williams,2021-12-17,SMB,West,Basic,Churned,blakeshelton@example.org
CUST_03138,Lisa Fernandez,2021-06-12,SMB,East,Pro,Active,michelle11@example.org
CUST_03139,Susan Cochran,2021-07-28,Mid-Market,International,Enterprise,Churned,vgarcia@example.net
CUST_03140,George Williams,2023-05-15,Mid-Market,North,Basic,Active,laurenallen@example.net
CUST_03141,Kirk Powell,2023-10-13,SMB,North,Pro,Active,virginia22@example.org
CUST_03142,Kyle Ruiz,2023-07-06,SMB,North,Basic,Churned,alvarezstephanie@example.com
CUST_03143,Elizabeth Barber,2021-04-11,SMB,South,Basic,Active,boyererika@example.net
CUST_03144,Tamara Woodard,2023-03-22,Mid-Market,North,Pro,Active,wallacebryan@example.com
CUST_03145,Samantha Armstrong,2022-08-07,Enterprise,South,Enterprise,Active,barbarafisher@example.com
CUST_03146,Yolanda Anderson,2021-07-28,Mid-Market,South,Basic,Active,uwhite@example.net
CUST_03147,Jamie Smith,2023-10-21,SMB,International,Enterprise,Active,theresataylor@example.com
CUST_03148,Joseph Smith,2021-11-27,Mid-Market,North,Basic,Active,todd87@example.org
CUST_03149,James Morales,2022-01-09,SMB,East,Enterprise,Churned,sarah06@example.org
CUST_03150,James Hamilton,2021-12-18,Mid-Market,International,Pro,Active,watsondavid@example.net
CUST_03151,Anita Schultz,2024-05-27,Mid-Market,West,Enterprise,Active,mary98@example.net
CUST_03152,Scott Willis,2024-01-10,SMB,North,Enterprise,Churned,mcneilbrian@example.net
CUST_03153,Allen Diaz,2022-10-15,Enterprise,East,Pro,Active,franklinmatthew@example.net
CUST_03154,Tommy Sherman,2021-02-16,Mid-Market,South,Pro,Active,xhorton@example.org
CUST_03155,Laura Holloway,2023-04-05,SMB,East,Pro,Active,nwilliams@example.net
CUST_03156,Amanda Roy,2023-04-05,SMB,West,Pro,Active,fbailey@example.com
CUST_03157,Deanna Nelson,2021-10-28,SMB,East,Enterprise,Active,bradleymitchell@example.net
CUST_03158,Diane Mitchell,2021-10-22,Enterprise,South,Enterprise,Active,jeffrey11@example.net
CUST_03159,Justin Higgins,2022-11-03,SMB,East,Basic,Active,wbailey@example.net
CUST_03160,Stephen Bruce,2023-01-20,Enterprise,International,Basic,Churned,raymond62@example.org
CUST_03161,Melissa Hernandez,2022-06-27,Mid-Market,International,Enterprise,Active,djensen@example.com
CUST_03162,Jamie Young,2021-12-23,Mid-Market,West,Basic,Churned,agarcia@example.org
CUST_03163,Jay West,2023-07-25,SMB,South,Basic,Active,shane26@example.com
CUST_03164,Craig Marsh,2022-07-04,SMB,East,Pro,Churned,diazmichael@example.org
CUST_03165,Cristian Smith,2021-02-03,SMB,West,Pro,Active,uhall@example.net
CUST_03166,Jenny Lamb,2021-03-11,Enterprise,International,Enterprise,Active,rodney58@example.com
CUST_03167,Jacqueline White,2023-06-07,SMB,West,Basic,Active,charles39@example.com
CUST_03168,Keith Brown,2022-08-21,SMB,East,Pro,Active,uschmitt@example.net
CUST_03169,Brent Cain,2023-11-15,Mid-Market,West,Pro,Active,usilva@example.net
CUST_03170,Kenneth Moss,2024-01-23,Enterprise,South,Basic,Active,vgraham@example.com
CUST_03171,Jennifer Lewis,2023-06-23,SMB,North,Enterprise,Churned,paul18@example.org
CUST_03172,Frank Lawson,2023-07-06,SMB,East,Basic,Active,courtney87@example.com
CUST_03173,Adriana Parks,2021-02-23,Mid-Market,West,Enterprise,Active,ingramtara@example.net
CUST_03174,Sarah Solis,2021-05-11,SMB,North,Basic,Active,weaverjohn@example.org
CUST_03175,Ariel Lopez,2023-10-06,SMB,East,Pro,Active,morrisonryan@example.org
CUST_03176,Samuel Thomas,2023-11-02,Enterprise,International,Pro,Active,rlewis@example.org
CUST_03177,Zachary Sullivan,2023-11-24,SMB,North,Enterprise,Active,bill82@example.com
CUST_03178,Christopher Foster,2023-12-26,SMB,West,Pro,Active,lbennett@example.net
CUST_03179,Christopher Kennedy,2022-05-02,SMB,North,Basic,Active,christyfletcher@example.org
CUST_03180,Sharon Pearson,2023-01-09,SMB,West,Enterprise,Active,taylorgina@example.org
CUST_03181,Danielle Frey,2023-07-25,Mid-Market,South,Pro,Active,hendersonjacob@example.org
CUST_03182,Elaine Lewis,2024-01-15,Enterprise,South,Basic,Active,troy19@example.net
CUST_03183,Stacy Smith,2022-01-09,SMB,South,Enterprise,Active,urivera@example.org
CUST_03184,Derrick Peterson,2022-12-24,Mid-Market,North,Pro,Active,cbrown@example.com
CUST_03185,Michael Dean,2021-09-30,SMB,North,Basic,Active,andreawalker@example.org
CUST_03186,Ronnie Kramer,2022-04-01,SMB,West,Enterprise,Active,jasonmoore@example.com
CUST_03187,Misty Hernandez MD,2021-07-31,Mid-Market,International,Enterprise,Active,nmcdonald@example.org
CUST_03188,Jennifer Barber,2022-11-03,Mid-Market,West,Basic,Active,friedmanrichard@example.com
CUST_03189,Alyssa Lang,2021-12-31,SMB,International,Pro,Active,clarkmichael@example.org
CUST_03190,Andrew Mendez,2023-04-07,Mid-Market,East,Basic,Active,claireflynn@example.org
CUST_03191,Angela Holloway,2024-05-30,Mid-Market,South,Pro,Active,tmoody@example.net
CUST_03192,Steven Nelson,2023-10-31,Mid-Market,International,Basic,Churned,wkennedy@example.com
CUST_03193,Jessica Fisher,2023-09-30,SMB,North,Basic,Active,ashley06@example.org
CUST_03194,Andrew Mann,2021-02-02,SMB,East,Enterprise,Active,lindabates@example.com
CUST_03195,Rebecca Acevedo,2022-06-20,SMB,South,Enterprise,Churned,sonya14@example.net
CUST_03196,Ethan Tucker,2023-11-16,Mid-Market,North,Pro,Active,danschaefer@example.net
CUST_03197,Laura Washington,2024-05-11,Enterprise,International,Enterprise,Active,megan91@example.com
CUST_03198,Michelle Simmons,2024-04-06,Enterprise,West,Pro,Active,lisa04@example.net
CUST_03199,Mary Thomas,2023-03-19,SMB,South,Basic,Active,bhampton@example.com
CUST_03200,Carlos Walker,2022-11-03,Mid-Market,South,Pro,Active,patricia12@example.org
CUST_03201,Joshua Padilla,2022-03-16,Mid-Market,East,Basic,Active,guerrerorenee@example.com
CUST_03202,Kristina Morgan,2022-05-03,SMB,East,Enterprise,Active,allen12@example.net
CUST_03203,Patrick Huerta,2022-06-29,Mid-Market,North,Basic,Active,derricklee@example.net
CUST_03204,Michele Torres,2022-08-04,Enterprise,West,Enterprise,Active,oevans@example.org
CUST_03205,Mike Francis,2023-07-25,SMB,South,Basic,Active,gbrown@example.net
CUST_03206,Susan Anderson,2023-12-09,SMB,West,Enterprise,Active,ifox@example.net
CUST_03207,Mr. Joshua Abbott,2023-09-06,Enterprise,North,Pro,Churned,hughesbrandon@example.net
CUST_03208,Nicholas Wolfe,2024-02-17,Mid-Market,East,Basic,Active,barbara56@example.com
CUST_03209,William Greene,2022-11-09,Mid-Market,North,Basic,Active,peter58@example.com
CUST_03210,Loretta Bradley,2022-10-27,SMB,South,Enterprise,Active,rlee@example.net
CUST_03211,Aaron Oliver,2024-01-09,SMB,West,Pro,Active,zmoore@example.org
CUST_03212,Joshua Berry,2022-11-23,Mid-Market,East,Basic,Active,robertcruz@example.org
CUST_03213,Jason Kelly,2022-11-27,SMB,South,Enterprise,Active,jessica86@example.com
CUST_03214,Max Mills,2022-08-13,Mid-Market,International,Basic,Churned,wmorris@example.com
CUST_03215,Heather Esparza,2021-06-19,Enterprise,International,Enterprise,Active,jonathanjordan@example.org
CUST_03216,James Griffin,2021-01-13,Mid-Market,North,Basic,Active,istokes@example.com
CUST_03217,Heather Perry,2022-04-16,Enterprise,South,Enterprise,Active,jonathan12@example.org
CUST_03218,Shannon Green,2021-08-26,SMB,North,Basic,Active,afitzpatrick@example.org
CUST_03219,Sandra Harris,2022-11-28,SMB,North,Basic,Active,bbarr@example.org
CUST_03220,Cynthia Flores,2022-01-09,SMB,South,Pro,Active,ucamacho@example.org
CUST_03221,Tyler Russell,2023-02-24,Mid-Market,East,Basic,Active,maciaskenneth@example.com
CUST_03222,Daniel Day,2022-03-31,SMB,North,Pro,Active,thompsonlaura@example.com
CUST_03223,Kimberly Fitzgerald,2022-08-23,SMB,West,Enterprise,Active,anthonyfranklin@example.com
CUST_03224,Christy Contreras,2023-11-22,Enterprise,South,Basic,Active,silvaryan@example.org
CUST_03225,Karen Washington,2021-05-23,SMB,South,Enterprise,Active,rtaylor@example.com
CUST_03226,Kristi Rodriguez MD,2021-08-05,SMB,East,Basic,Active,alisha45@example.org
CUST_03227,Hector Carrillo,2021-10-21,Mid-Market,North,Basic,Active,gevans@example.org
CUST_03228,Kathleen Fowler,2021-05-01,SMB,East,Pro,Active,ashleyrhodes@example.com
CUST_03229,Lori Dunn,2022-06-22,Enterprise,North,Basic,Active,dianereynolds@example.org
CUST_03230,Danielle Thomas,2023-12-27,Mid-Market,South,Pro,Churned,solistara@example.com
CUST_03231,Lindsay Farmer,2023-07-23,SMB,North,Pro,Churned,abigail90@example.com
CUST_03232,Erik Williams,2022-06-18,Mid-Market,East,Basic,Active,elliottscott@example.com
CUST_03233,Joseph Stevens,2023-02-16,Mid-Market,East,Pro,Churned,stephanie14@example.org
CUST_03234,Jessica Adams,2021-07-04,SMB,North,Basic,Active,jamesmason@example.net
CUST_03235,Larry Buchanan,2024-02-09,SMB,East,Pro,Churned,zhorton@example.com
CUST_03236,Jason Sanchez,2023-06-20,Enterprise,International,Basic,Active,garysnow@example.org
CUST_03237,Heather Dunn,2022-03-17,SMB,East,Basic,Churned,gabriel67@example.com
CUST_03238,Christine Sweeney,2024-04-08,SMB,International,Pro,Active,alee@example.com
CUST_03239,Ryan Lewis,2021-12-20,SMB,South,Enterprise,Churned,watsontina@example.net
CUST_03240,Rebecca Davis,2023-04-24,SMB,North,Enterprise,Active,kenneththomas@example.com
CUST_03241,Samantha Hart,2024-04-13,SMB,West,Pro,Churned,ldean@example.org
CUST_03242,Tanya Young,2021-12-08,Mid-Market,North,Pro,Active,ohardy@example.net
CUST_03243,Jerry Shaw,2024-01-12,Mid-Market,West,Enterprise,Active,hoopernicole@example.org
CUST_03244,Ronald Brown,2023-09-29,SMB,South,Basic,Active,rstewart@example.net
CUST_03245,Marcia Brown,2021-11-27,SMB,East,Pro,Active,lisa79@example.com
CUST_03246,Andrea Moody,2022-06-19,Mid-Market,East,Enterprise,Active,ucrawford@example.org
CUST_03247,Angela Cardenas,2021-08-27,SMB,East,Enterprise,Churned,cameronkaitlyn@example.com
CUST_03248,Heather Brown,2023-06-18,Mid-Market,International,Enterprise,Churned,jmorrison@example.net
CUST_03249,Jordan Franklin,2022-11-10,SMB,North,Pro,Churned,jjackson@example.org
CUST_03250,Krista Ramos,2023-10-17,SMB,East,Pro,Active,aliciacallahan@example.org
CUST_03251,Jennifer Hernandez,2021-10-11,Mid-Market,West,Pro,Active,lmaldonado@example.org
CUST_03252,Rachel Morrison,2021-11-02,SMB,North,Enterprise,Churned,joanna88@example.org
CUST_03253,Keith Mccormick,2023-01-17,SMB,North,Enterprise,Active,yboone@example.org
CUST_03254,Brandi Stokes,2021-12-21,SMB,East,Enterprise,Churned,zsmith@example.com
CUST_03255,Sarah Carlson,2023-08-12,Enterprise,East,Enterprise,Active,williamsbrenda@example.org
CUST_03256,Mr. Justin Hughes,2022-03-08,SMB,South,Pro,Active,jeffreywhitehead@example.net
CUST_03257,Sarah Stanley,2023-01-02,SMB,West,Enterprise,Churned,pmorse@example.net
CUST_03258,Jason Murphy,2021-03-24,SMB,North,Basic,Churned,yatkins@example.net
CUST_03259,Whitney Lee,2021-06-17,Mid-Market,International,Basic,Active,hannah07@example.com
CUST_03260,Brian Jackson,2021-05-17,SMB,North,Pro,Active,craigmurphy@example.net
CUST_03261,Ryan Flores,2024-03-14,SMB,International,Enterprise,Active,howarddawn@example.net
CUST_03262,Larry Wiley,2024-03-28,SMB,North,Basic,Churned,zacharypage@example.com
CUST_03263,Eric Holden,2021-02-19,SMB,West,Enterprise,Churned,danieljones@example.org
CUST_03264,John Williams,2023-11-14,Mid-Market,International,Basic,Active,goodwinsharon@example.net
CUST_03265,Sarah Gonzalez,2023-05-02,SMB,North,Basic,Active,owilson@example.com
CUST_03266,Paula Guzman,2024-05-31,Enterprise,East,Pro,Active,aguilarsamuel@example.com
CUST_03267,Kimberly Russo,2021-11-07,Enterprise,North,Basic,Active,jessebeltran@example.net
CUST_03268,Jeffery Carter,2023-08-01,Mid-Market,International,Enterprise,Active,kcherry@example.com
CUST_03269,Philip Hall,2021-07-02,SMB,North,Basic,Churned,bswanson@example.com
CUST_03270,Andrea Robinson,2021-03-27,Mid-Market,International,Basic,Churned,christiecastillo@example.com
CUST_03271,Christine Wilson,2023-12-20,SMB,West,Pro,Active,tdiaz@example.org
CUST_03272,Michele Thomas,2022-03-15,SMB,East,Basic,Churned,ghall@example.com
CUST_03273,Patricia Clark,2024-01-04,SMB,South,Pro,Churned,taylormaria@example.com
CUST_03274,Tammy Stanley,2022-09-10,Mid-Market,West,Pro,Active,wendyperez@example.org
CUST_03275,James Haney,2021-07-25,Enterprise,South,Enterprise,Active,casey54@example.net
CUST_03276,Jeffrey Price,2023-12-11,Enterprise,South,Pro,Active,tlozano@example.com
CUST_03277,Sarah Fletcher,2021-10-03,Mid-Market,West,Basic,Churned,hthompson@example.com
CUST_03278,Laura Gardner,2024-04-26,Mid-Market,West,Basic,Active,dorseytony@example.net
CUST_03279,Tanya Wilson,2023-02-19,SMB,South,Enterprise,Active,ramosmatthew@example.org
CUST_03280,Angela Beck,2022-03-16,Enterprise,West,Pro,Active,ecunningham@example.net
CUST_03281,Donna Murillo,2024-04-09,SMB,West,Basic,Active,kristinevans@example.com
CUST_03282,Jasmine Preston,2021-08-31,Enterprise,International,Basic,Active,lisa37@example.com
CUST_03283,Noah Anderson,2024-01-11,Mid-Market,East,Enterprise,Active,amandaroberts@example.net
CUST_03284,Tricia Townsend MD,2021-02-25,Mid-Market,North,Enterprise,Active,rogerfarrell@example.com
CUST_03285,Nicole Andrews,2021-10-16,Enterprise,North,Pro,Active,lmann@example.org
CUST_03286,Chelsea Bennett,2021-11-28,SMB,South,Pro,Active,vmartinez@example.com
CUST_03287,Jennifer Cisneros MD,2021-05-06,SMB,North,Basic,Active,julie34@example.org
CUST_03288,Tammy Taylor,2024-04-24,SMB,South,Basic,Churned,dennishale@example.org
CUST_03289,Kevin Williams,2021-08-08,Mid-Market,South,Basic,Active,jessicastanton@example.net
CUST_03290,Jason Howard,2021-01-16,Mid-Market,West,Enterprise,Active,davismichelle@example.net
CUST_03291,Chase Torres,2021-09-13,SMB,North,Basic,Churned,smartinez@example.org
CUST_03292,Christine Frank,2024-03-01,Mid-Market,International,Enterprise,Active,bryan46@example.com
CUST_03293,Eric Oneill,2022-09-24,SMB,International,Basic,Active,hli@example.net
CUST_03294,John Anderson,2022-12-14,Mid-Market,West,Pro,Active,carlrichards@example.com
CUST_03295,Maria English,2023-09-10,Mid-Market,North,Basic,Active,michael22@example.com
CUST_03296,Jaime Gilmore,2021-01-06,Enterprise,East,Enterprise,Active,evansbrady@example.org
CUST_03297,Tracy Calhoun,2023-11-20,SMB,West,Enterprise,Churned,aaron25@example.com
CUST_03298,Nathan Clark,2023-04-25,Mid-Market,West,Enterprise,Active,kimberly48@example.com
CUST_03299,Mr. Thomas Perez,2021-07-04,Enterprise,West,Basic,Active,turnerkari@example.org
CUST_03300,Timothy Hill,2021-07-19,Mid-Market,North,Basic,Active,brookstimothy@example.net
CUST_03301,Brittany Davis,2021-03-04,SMB,North,Pro,Active,heather97@example.net
CUST_03302,Leah Stewart,2021-06-22,Enterprise,North,Basic,Active,andersonhaley@example.com
CUST_03303,Frank Sanchez,2023-08-05,Enterprise,North,Pro,Active,bcurtis@example.org
CUST_03304,Amber Rice,2022-08-13,Mid-Market,West,Enterprise,Active,wayne01@example.net
CUST_03305,Karen Sanchez,2023-04-01,SMB,South,Basic,Churned,jamie15@example.org
CUST_03306,Danielle Hamilton,2022-01-08,SMB,East,Basic,Active,gjackson@example.org
CUST_03307,Mr. Joshua Davis,2023-05-30,SMB,South,Pro,Active,umccoy@example.com
CUST_03308,Gary Gibson,2022-11-15,SMB,East,Basic,Churned,russellamy@example.org
CUST_03309,Jeffrey Lane,2023-04-05,SMB,North,Enterprise,Churned,johnstokes@example.org
CUST_03310,Dennis Mann,2023-06-15,SMB,International,Enterprise,Active,alexanderjohnson@example.org
CUST_03311,Cody Shaw,2021-05-12,Mid-Market,South,Basic,Active,tiffany50@example.net
CUST_03312,Ronald Jackson,2021-03-07,SMB,East,Pro,Churned,daviskristina@example.org
CUST_03313,John Garcia,2022-11-08,Mid-Market,North,Pro,Active,scottjoanna@example.net
CUST_03314,Brandon Heath,2023-07-05,Enterprise,North,Basic,Active,norozco@example.net
CUST_03315,Betty Farrell,2021-02-10,SMB,South,Basic,Active,benjamin53@example.net
CUST_03316,Maurice Williams,2024-02-05,Mid-Market,West,Basic,Churned,btaylor@example.org
CUST_03317,Nancy Todd,2022-07-07,SMB,International,Enterprise,Active,wilsonjared@example.net
CUST_03318,Danny Garcia,2022-10-11,Mid-Market,West,Pro,Active,darlenecox@example.net
CUST_03319,William Hogan,2024-04-22,Enterprise,East,Pro,Active,johnharper@example.com
CUST_03320,Jennifer Campbell,2023-03-20,SMB,International,Enterprise,Active,jaylopez@example.com
CUST_03321,Robert Lynch,2021-05-14,SMB,North,Pro,Churned,lmcguire@example.com
CUST_03322,Jessica Lee,2023-02-22,SMB,West,Pro,Active,julieblair@example.net
CUST_03323,Danielle Christensen,2021-07-23,SMB,International,Basic,Churned,pweber@example.com
CUST_03324,Krista Weber,2024-03-15,SMB,East,Enterprise,Churned,christygreer@example.com
CUST_03325,Raymond Cook,2022-01-10,Mid-Market,South,Basic,Active,wendyholden@example.com
CUST_03326,Gary Boone,2022-08-16,SMB,East,Pro,Active,tony62@example.com
CUST_03327,Shelia Dixon,2021-01-31,SMB,South,Enterprise,Churned,gbutler@example.com
CUST_03328,Willie Robinson,2021-10-13,SMB,International,Basic,Churned,ssweeney@example.com
CUST_03329,Shawn Waters,2024-01-13,SMB,West,Pro,Active,sandra66@example.net
CUST_03330,David Clark,2021-02-26,Enterprise,West,Pro,Active,omartinez@example.net
CUST_03331,Gina Wright,2024-01-23,SMB,West,Basic,Active,james67@example.net
CUST_03332,Brian Wells,2024-03-16,SMB,West,Basic,Active,danielleboyer@example.net
CUST_03333,Tiffany Mcgee,2021-10-28,SMB,East,Enterprise,Active,mariolewis@example.net
CUST_03334,Joshua Porter,2024-01-06,Enterprise,North,Pro,Active,ksanchez@example.org
CUST_03335,Brian Cross,2021-03-04,SMB,West,Basic,Active,kennethruiz@example.net
CUST_03336,Lee Preston,2022-06-17,SMB,International,Enterprise,Active,perrymichael@example.org
CUST_03337,Kathryn Garcia,2022-12-31,Enterprise,East,Enterprise,Active,heatherdavis@example.org
CUST_03338,Robert Wells,2023-11-05,SMB,International,Basic,Active,sbrown@example.org
CUST_03339,Patricia Hahn,2021-02-22,SMB,North,Pro,Churned,amanda67@example.net
CUST_03340,Alicia Kemp,2021-07-11,Enterprise,East,Pro,Active,kdennis@example.org
CUST_03341,William Werner,2022-09-06,Mid-Market,East,Basic,Active,lbowers@example.com
CUST_03342,Jessica White,2021-11-20,Enterprise,North,Pro,Active,mary92@example.com
CUST_03343,Elizabeth Christensen,2021-12-05,SMB,South,Enterprise,Active,sallylee@example.org
CUST_03344,Paul Richards,2023-03-15,Mid-Market,North,Enterprise,Active,alexander69@example.com
CUST_03345,Mary Holder,2021-04-13,SMB,East,Enterprise,Churned,whiterobert@example.com
CUST_03346,Latoya Davis,2021-07-01,SMB,North,Basic,Active,rhayes@example.org
CUST_03347,Stephen Walker,2024-02-05,Mid-Market,North,Basic,Active,jeffrey10@example.org
CUST_03348,Ashley Bell,2024-02-07,Mid-Market,International,Basic,Active,wilsonkimberly@example.org
CUST_03349,Denise Richards,2023-08-01,Mid-Market,North,Basic,Active,leejesse@example.com
CUST_03350,Thomas Barnes,2022-01-08,SMB,East,Pro,Churned,ndouglas@example.net
CUST_03351,Robert Campbell,2022-08-03,Enterprise,South,Pro,Active,christopher01@example.com
CUST_03352,Daniel Jones III,2023-05-30,Mid-Market,West,Pro,Churned,garciaalex@example.com
CUST_03353,Michelle Alvarado,2021-01-24,SMB,North,Basic,Churned,ingrambrandon@example.com
CUST_03354,Tammy English,2022-12-30,Mid-Market,North,Basic,Active,hernandezanna@example.com
CUST_03355,Tammy Powell,2024-01-25,Mid-Market,South,Pro,Churned,adkinscharles@example.net
CUST_03356,Danielle Thomas,2022-03-31,SMB,West,Pro,Churned,jonathanwoodard@example.com
CUST_03357,Dean Moore,2021-03-26,Mid-Market,North,Pro,Active,clarkjames@example.com
CUST_03358,John Joyce,2023-12-16,Enterprise,East,Basic,Active,tuckersheila@example.net
CUST_03359,Thomas Reyes,2021-05-10,SMB,East,Pro,Churned,nguyentimothy@example.net
CUST_03360,Rachel Wilson,2022-05-24,Enterprise,North,Enterprise,Active,kirstendavis@example.net
CUST_03361,Ryan Smith,2022-02-23,SMB,West,Pro,Active,kevinmarshall@example.org
CUST_03362,Timothy Peters,2021-01-01,Enterprise,West,Basic,Active,robertsdavid@example.net
CUST_03363,Mark Stewart,2024-02-14,SMB,South,Basic,Active,epeck@example.net
CUST_03364,Jeffrey Sweeney,2021-12-06,Mid-Market,West,Enterprise,Active,travis46@example.org
CUST_03365,Cynthia Kramer,2022-06-21,SMB,East,Enterprise,Churned,johnsondana@example.com
CUST_03366,Ashley Odom,2022-01-31,Enterprise,North,Basic,Active,pattonyolanda@example.org
CUST_03367,Christian Bailey,2021-05-10,Mid-Market,South,Enterprise,Active,jonesjohn@example.com
CUST_03368,Anthony Carlson,2021-05-14,SMB,International,Enterprise,Active,lchurch@example.com
CUST_03369,Joshua Olsen,2024-01-25,Enterprise,East,Basic,Active,gary52@example.net
CUST_03370,Eric Jones Jr.,2023-04-01,SMB,West,Enterprise,Active,justin17@example.net
CUST_03371,Michele Hill,2022-07-09,SMB,North,Basic,Active,ronald94@example.net
CUST_03372,Tiffany Walker,2022-10-31,SMB,North,Basic,Active,johnsondaniel@example.net
CUST_03373,Gina Hayes,2024-01-24,SMB,International,Pro,Active,xclark@example.net
CUST_03374,Charles Mooney,2024-04-06,SMB,International,Pro,Active,flittle@example.com
CUST_03375,Jared Hodges,2023-02-20,SMB,International,Pro,Active,richard04@example.com
CUST_03376,Karen Alvarado,2024-04-19,SMB,South,Enterprise,Churned,carteryolanda@example.com
CUST_03377,Daniel Hatfield,2021-10-04,Mid-Market,North,Pro,Active,ahicks@example.org
CUST_03378,Richard Hunt,2023-09-06,SMB,West,Basic,Active,mcdowelladam@example.net
CUST_03379,Mrs. Kimberly Brown,2021-04-02,Mid-Market,International,Enterprise,Active,vanessa17@example.org
CUST_03380,Aimee Russell,2021-05-07,Enterprise,West,Basic,Active,walterrodriguez@example.com
CUST_03381,Mary Taylor,2023-03-20,SMB,East,Enterprise,Churned,andreawhite@example.net
CUST_03382,Adam Ramirez,2021-09-15,Mid-Market,West,Pro,Churned,michelle83@example.com
CUST_03383,Ms. Elizabeth Smith MD,2023-02-16,SMB,East,Basic,Active,shaun13@example.com
CUST_03384,Ashley Wilson,2022-09-09,Enterprise,West,Pro,Active,michaeljohnson@example.com
CUST_03385,Walter Acevedo,2021-04-07,Mid-Market,South,Enterprise,Active,fredday@example.net
CUST_03386,Roger Moody,2024-02-15,Mid-Market,International,Basic,Active,oroberts@example.net
CUST_03387,Heather Burns,2023-06-12,Mid-Market,South,Pro,Active,georgesteven@example.org
CUST_03388,Timothy Smith,2023-05-18,Enterprise,South,Enterprise,Active,johnsonkevin@example.net
CUST_03389,Sean Harding,2021-03-01,SMB,East,Pro,Active,kevinaustin@example.org
CUST_03390,Kayla Escobar,2022-03-29,SMB,South,Basic,Churned,keith86@example.com
CUST_03391,Stephen Anderson,2022-05-12,SMB,South,Pro,Active,thompsondarlene@example.net
CUST_03392,Lisa Johnson,2021-09-25,Mid-Market,International,Enterprise,Active,katelynjimenez@example.net
CUST_03393,Tracy Nunez,2021-04-21,Mid-Market,West,Pro,Churned,stevenrichards@example.org
CUST_03394,Anne Holloway,2021-04-20,SMB,South,Pro,Churned,pking@example.net
CUST_03395,Kenneth Flores,2021-08-31,SMB,International,Pro,Churned,angela57@example.com
CUST_03396,Elizabeth Tate,2023-05-27,Mid-Market,West,Enterprise,Active,jacob06@example.net
CUST_03397,Lacey Williams,2021-10-03,SMB,South,Pro,Active,michael28@example.net
CUST_03398,Jessica Bennett,2021-12-29,SMB,North,Basic,Churned,pricerobert@example.org
CUST_03399,Peter Watson,2023-10-28,SMB,International,Basic,Active,millerlucas@example.com
CUST_03400,Timothy Barnes,2021-05-03,Mid-Market,East,Enterprise,Churned,evansrachel@example.org
CUST_03401,Daniel Smith,2024-04-20,SMB,North,Pro,Active,james69@example.net
CUST_03402,Louis Sanders,2021-09-19,Mid-Market,International,Pro,Active,kevin72@example.com
CUST_03403,Robin Schmidt,2023-01-04,Enterprise,International,Pro,Active,johntaylor@example.com
CUST_03404,Eric Smith,2023-07-03,SMB,West,Basic,Churned,hillshawn@example.org
CUST_03405,Nathan Peterson,2023-05-21,SMB,International,Enterprise,Churned,uburke@example.net
CUST_03406,Jimmy Singleton,2023-12-19,SMB,North,Enterprise,Churned,cruzmary@example.net
CUST_03407,Alexis Ramirez,2023-05-31,SMB,South,Enterprise,Active,shannon33@example.org
CUST_03408,Lisa Morgan,2021-04-09,SMB,West,Basic,Active,michael31@example.com
CUST_03409,Tammy Taylor,2022-06-27,Mid-Market,North,Enterprise,Active,rperez@example.org
CUST_03410,Brenda Graham,2022-04-22,Mid-Market,West,Basic,Active,rebeccavaughn@example.net
CUST_03411,Christopher Washington,2022-07-04,SMB,West,Basic,Churned,carolinecalderon@example.org
CUST_03412,Jason Weaver,2023-01-23,SMB,South,Pro,Churned,rebeccahoward@example.org
CUST_03413,Stephanie Reyes,2021-06-07,SMB,International,Pro,Churned,thomasmooney@example.org
CUST_03414,William Weiss,2023-07-06,SMB,West,Basic,Churned,maddoxdavid@example.org
CUST_03415,Kathryn Turner,2023-10-04,SMB,West,Enterprise,Active,adrian20@example.com
CUST_03416,Kevin Rodriguez,2023-06-17,SMB,North,Enterprise,Active,dawnlewis@example.net
CUST_03417,Larry Miller,2021-12-07,Mid-Market,West,Basic,Active,smithdebbie@example.org
CUST_03418,Maria Jordan,2023-02-17,Enterprise,East,Enterprise,Active,vthomas@example.com
CUST_03419,Megan Graves,2021-01-26,SMB,South,Enterprise,Active,palmermiguel@example.net
CUST_03420,Nicholas Riley,2023-03-04,Enterprise,East,Enterprise,Active,jeremymitchell@example.com
CUST_03421,Vanessa Taylor,2022-02-03,SMB,West,Basic,Churned,christophercruz@example.net
CUST_03422,Thomas Ferguson,2024-01-22,SMB,North,Enterprise,Active,mitchellnicholas@example.com
CUST_03423,Sara Wallace,2022-04-16,Enterprise,North,Pro,Active,mendezsierra@example.com
CUST_03424,Lucas Gaines,2021-08-01,Enterprise,International,Enterprise,Active,santiagoterri@example.com
CUST_03425,Michelle Morgan,2022-08-10,SMB,East,Basic,Active,gregory76@example.org
CUST_03426,Richard Moore,2022-07-26,Enterprise,International,Pro,Active,underwooddeborah@example.com
CUST_03427,Jennifer Jones,2023-05-26,SMB,South,Enterprise,Churned,moorejohn@example.net
CUST_03428,John Payne,2021-05-16,SMB,International,Enterprise,Active,ojohnson@example.com
CUST_03429,Christine Sanchez,2021-08-08,SMB,West,Pro,Churned,jamestucker@example.net
CUST_03430,Christopher Melton,2022-10-19,SMB,West,Enterprise,Churned,hcardenas@example.net
CUST_03431,Jose Gutierrez,2023-10-26,SMB,East,Basic,Active,smiller@example.org
CUST_03432,Cheryl Williams,2024-03-09,Mid-Market,South,Pro,Active,shawnrogers@example.org
CUST_03433,Kimberly Velez,2024-05-11,SMB,West,Pro,Churned,morganwarner@example.org
CUST_03434,David Cooper,2021-09-30,SMB,East,Basic,Active,njames@example.org
CUST_03435,Nicole Nichols,2022-06-04,Enterprise,West,Enterprise,Active,dakota83@example.net
CUST_03436,Grant Jones DVM,2024-05-10,Enterprise,West,Basic,Active,samanthataylor@example.org
CUST_03437,Donald Harrell,2021-09-28,SMB,North,Pro,Active,klara@example.net
CUST_03438,Edward Jordan,2021-11-30,SMB,East,Pro,Active,monicawood@example.org
CUST_03439,Wyatt Stewart MD,2021-08-19,Mid-Market,North,Enterprise,Active,tracydavenport@example.net
CUST_03440,Timothy Cruz,2021-11-18,SMB,South,Pro,Active,qmadden@example.net
CUST_03441,Edward Simmons,2023-11-21,SMB,East,Enterprise,Active,joshuapham@example.com
CUST_03442,Sandra Smith,2021-10-26,SMB,North,Pro,Churned,ugarrett@example.org
CUST_03443,Lauren Arellano,2021-01-05,SMB,North,Basic,Churned,imurphy@example.com
CUST_03444,Brenda Chambers,2021-08-23,SMB,South,Basic,Churned,wcannon@example.com
CUST_03445,Michelle White,2024-02-18,Enterprise,East,Enterprise,Active,jodipark@example.net
CUST_03446,Richard Scott,2024-01-27,SMB,North,Pro,Churned,michelle12@example.net
CUST_03447,Jeffrey Patton,2022-08-15,Mid-Market,West,Basic,Churned,rachel22@example.org
CUST_03448,Johnny Pierce,2022-10-16,SMB,South,Enterprise,Active,mitchellmichael@example.com
CUST_03449,Julie Wiley,2021-04-08,SMB,East,Basic,Active,darren84@example.net
CUST_03450,Judy Harris,2024-02-02,Mid-Market,West,Enterprise,Active,claytonchavez@example.net
CUST_03451,Terri Meza,2024-04-20,Mid-Market,International,Basic,Active,jamesbrewer@example.org
CUST_03452,Tammy Hale,2021-02-04,SMB,North,Basic,Active,levi67@example.com
CUST_03453,Jill Foster,2022-07-26,SMB,North,Enterprise,Active,qmccoy@example.org
CUST_03454,Rachel Morton,2021-06-02,SMB,South,Pro,Active,hgonzalez@example.org
CUST_03455,Sophia Petersen MD,2023-03-10,SMB,South,Basic,Active,vancejennifer@example.net
CUST_03456,Thomas Martinez,2023-01-30,Enterprise,East,Basic,Active,kerri83@example.org
CUST_03457,Christy Sweeney DDS,2022-04-06,Enterprise,West,Basic,Active,yjohnson@example.net
CUST_03458,William Fernandez,2023-03-28,Enterprise,South,Pro,Active,vjimenez@example.net
CUST_03459,Daniel Smith,2023-08-20,SMB,West,Pro,Churned,danielle49@example.com
CUST_03460,Sherri Greene,2022-02-03,SMB,East,Basic,Active,hartmitchell@example.com
CUST_03461,Mike Williams,2023-12-31,SMB,North,Basic,Active,dustinhowell@example.org
CUST_03462,Tara Brooks,2023-07-30,SMB,South,Pro,Active,jonesrachel@example.com
CUST_03463,John Cobb,2023-12-02,SMB,East,Pro,Active,fernandezbrandon@example.net
CUST_03464,Laura Todd,2023-09-21,SMB,International,Pro,Active,mitchelldanielle@example.org
CUST_03465,Dillon Brown,2023-05-29,Enterprise,West,Basic,Active,gcruz@example.com
CUST_03466,Daniel Rivera,2023-02-12,SMB,East,Basic,Churned,hilldebbie@example.com
CUST_03467,Francisco Wagner,2021-09-29,SMB,International,Basic,Active,bobbyfowler@example.org
CUST_03468,Kelli Stewart,2023-12-06,SMB,East,Enterprise,Active,seth77@example.net
CUST_03469,Brandon Ho,2021-06-11,SMB,North,Basic,Active,mooresteven@example.net
CUST_03470,Steven Rose,2023-01-25,Enterprise,International,Enterprise,Active,timothygarcia@example.org
CUST_03471,Jose Price,2023-11-12,SMB,South,Enterprise,Active,krodriguez@example.net
CUST_03472,Ronald Gonzales,2021-07-04,SMB,East,Pro,Active,elizabethmoore@example.org
CUST_03473,Andrew Flores,2021-06-02,Enterprise,East,Basic,Active,cooktiffany@example.org
CUST_03474,David Schneider,2022-07-29,SMB,East,Enterprise,Churned,chapmanrobert@example.com
CUST_03475,Kimberly Wright,2022-06-30,SMB,North,Pro,Churned,vanessalane@example.net
CUST_03476,Katrina Campbell,2024-04-18,Enterprise,South,Enterprise,Churned,jross@example.org
CUST_03477,Ricardo Olson,2022-06-26,Enterprise,International,Pro,Active,jonesmark@example.com
CUST_03478,Jessica Washington,2024-02-08,Mid-Market,North,Enterprise,Active,adamgolden@example.org
CUST_03479,Richard Peterson,2022-10-16,Mid-Market,West,Pro,Active,rachelmurray@example.com
CUST_03480,Jessica Castro,2021-09-16,SMB,East,Basic,Active,jonathanjones@example.com
CUST_03481,Michelle Martin,2021-02-06,Mid-Market,West,Enterprise,Active,nancywood@example.com
CUST_03482,Walter Smith,2022-12-02,Enterprise,North,Pro,Active,ameyers@example.net
CUST_03483,Tammy Martinez,2021-10-06,SMB,North,Pro,Churned,fowlerkathy@example.org
CUST_03484,Michelle Jackson,2024-02-21,SMB,East,Enterprise,Active,eleon@example.com
CUST_03485,Tiffany Wilson,2021-04-30,SMB,South,Enterprise,Churned,donald27@example.net
CUST_03486,Jean Smith,2022-01-10,SMB,West,Enterprise,Churned,smithrebecca@example.org
CUST_03487,Ronald Moran,2023-05-10,Mid-Market,North,Pro,Churned,donald44@example.com
CUST_03488,Michael Williams,2023-02-04,SMB,International,Pro,Churned,sallison@example.net
CUST_03489,John Todd,2021-05-01,Enterprise,International,Enterprise,Active,rmichael@example.net
CUST_03490,Karen Bennett,2023-08-08,SMB,East,Enterprise,Active,zbailey@example.com
CUST_03491,Jennifer Williams,2022-01-16,Enterprise,North,Enterprise,Active,pwarren@example.org
CUST_03492,Derek Smith,2023-06-22,SMB,South,Basic,Churned,edwin42@example.net
CUST_03493,Micheal Gonzalez,2021-05-26,SMB,North,Basic,Active,sweber@example.org
CUST_03494,Brandon Jones,2023-09-18,SMB,North,Pro,Churned,john90@example.com
CUST_03495,Michael Mendoza,2023-10-30,SMB,North,Enterprise,Active,robertfarmer@example.com
CUST_03496,Martin Wilson DVM,2022-04-10,Mid-Market,West,Pro,Active,benjamin10@example.org
CUST_03497,Ronald Hernandez,2024-04-29,Enterprise,East,Pro,Active,johnsonantonio@example.com
CUST_03498,Kenneth Clark,2024-05-03,Mid-Market,South,Enterprise,Active,megan59@example.com
CUST_03499,Tamara Harris,2021-06-30,SMB,South,Enterprise,Active,keith83@example.com
CUST_03500,Brandon Lopez IV,2023-08-30,SMB,North,Pro,Churned,fkennedy@example.com
CUST_03501,Wesley Page,2021-05-25,Mid-Market,North,Pro,Churned,ymercer@example.com
CUST_03502,Cynthia Moore,2023-04-06,Mid-Market,West,Basic,Active,christophercooley@example.com
CUST_03503,Ruth Russell,2023-01-08,Mid-Market,South,Pro,Active,dustin82@example.com
CUST_03504,Gary Garrison,2021-11-07,SMB,North,Enterprise,Active,vanessajimenez@example.org
CUST_03505,Andrew Johnson,2023-06-11,Enterprise,International,Enterprise,Churned,andrewmyers@example.org
CUST_03506,Melvin Bennett,2022-05-30,Mid-Market,East,Basic,Active,floresbridget@example.net
CUST_03507,Diana Holloway,2021-12-29,SMB,East,Pro,Active,zrich@example.net
CUST_03508,Anthony Newman,2022-09-03,Mid-Market,West,Enterprise,Active,vanessaflores@example.com
CUST_03509,Susan James,2023-07-02,Enterprise,South,Basic,Active,lisadavis@example.org
CUST_03510,Andrew Williams,2023-07-09,SMB,South,Pro,Active,cameronramos@example.org
CUST_03511,Rhonda Collins,2022-02-26,Mid-Market,South,Basic,Active,thompsondawn@example.org
CUST_03512,Trevor Brown,2022-11-14,SMB,North,Basic,Active,colleenwilliams@example.net
CUST_03513,Thomas Mccarthy,2022-09-26,Mid-Market,East,Basic,Active,fbutler@example.org
CUST_03514,Jennifer Ferguson,2021-07-24,SMB,International,Pro,Active,huntlisa@example.org
CUST_03515,Miss Jessica Jones,2023-03-06,SMB,East,Pro,Churned,kimberly47@example.org
CUST_03516,Susan Robinson,2022-08-28,SMB,South,Basic,Active,johnsonmichael@example.net
CUST_03517,Megan Harmon,2021-12-29,Mid-Market,West,Basic,Churned,atkinsryan@example.org
CUST_03518,Lisa Roberts,2022-04-24,Enterprise,South,Pro,Active,codyrichards@example.org
CUST_03519,Brenda Henderson,2021-12-29,SMB,International,Basic,Active,thomasrussell@example.com
CUST_03520,Nina Garcia,2022-10-05,SMB,North,Pro,Active,ssimmons@example.org
CUST_03521,Karen Kane,2021-01-22,SMB,International,Basic,Churned,dominiquedaniels@example.org
CUST_03522,David Gardner,2021-06-11,Mid-Market,International,Enterprise,Active,angel62@example.com
CUST_03523,Carolyn Moore,2022-12-12,Mid-Market,International,Enterprise,Active,creynolds@example.net
CUST_03524,Kayla Hudson,2022-11-27,SMB,South,Pro,Churned,sethsanders@example.com
CUST_03525,Erika Lopez DVM,2023-06-27,Mid-Market,East,Enterprise,Active,fordbeverly@example.org
CUST_03526,Krystal Rodriguez,2022-12-26,SMB,East,Pro,Active,matthew77@example.com
CUST_03527,Frank Morrison,2022-04-18,SMB,North,Basic,Active,bjames@example.net
CUST_03528,Susan Wood,2022-08-13,SMB,International,Basic,Active,stewartsandra@example.net
CUST_03529,Donna Mejia,2021-01-25,SMB,West,Enterprise,Churned,mcclainkimberly@example.com
CUST_03530,Mr. Kenneth Ashley,2021-09-16,SMB,South,Basic,Active,brittanyrush@example.com
CUST_03531,Heather Davis,2022-08-06,SMB,East,Pro,Churned,hmiller@example.com
CUST_03532,Amanda Marks,2022-03-30,SMB,International,Pro,Active,kim09@example.org
CUST_03533,Kristopher Little,2024-01-23,Mid-Market,International,Pro,Active,fhoffman@example.com
CUST_03534,Wendy Sims,2024-03-07,SMB,South,Basic,Active,schroederbrittany@example.org
CUST_03535,Nicholas Hernandez,2023-04-15,Enterprise,North,Basic,Active,brownwilliam@example.net
CUST_03536,Donald Duncan,2023-03-26,SMB,East,Pro,Active,moralesdawn@example.com
CUST_03537,Christopher Perez,2021-05-31,SMB,East,Enterprise,Active,rickyclark@example.org
CUST_03538,Alexis Jackson,2022-05-10,SMB,North,Pro,Active,smithstephanie@example.net
CUST_03539,Todd Burnett,2022-03-23,SMB,North,Pro,Active,rebeccacurtis@example.com
CUST_03540,Michael Andrews,2023-02-07,SMB,East,Basic,Active,john40@example.net
CUST_03541,Kathleen Casey,2021-11-18,Enterprise,East,Basic,Active,romankathryn@example.com
CUST_03542,Matthew Harper,2021-01-23,Enterprise,South,Basic,Churned,fgregory@example.com
CUST_03543,James Leach,2023-03-13,Mid-Market,South,Basic,Active,michaeltorres@example.com
CUST_03544,Gary Jones,2021-05-06,Enterprise,North,Pro,Active,jrios@example.net
CUST_03545,Jennifer Pennington,2022-03-25,SMB,West,Pro,Active,elizabethbrennan@example.net
CUST_03546,Edward Figueroa,2021-03-07,Mid-Market,North,Enterprise,Active,donnamcintosh@example.net
CUST_03547,Jessica Moore,2021-04-06,SMB,West,Enterprise,Active,ncollier@example.com
CUST_03548,Sandra Holmes,2023-04-28,Enterprise,East,Enterprise,Active,ericvalencia@example.com
CUST_03549,Joseph Smith,2021-07-01,Mid-Market,International,Basic,Active,john69@example.net
CUST_03550,Ronald King,2021-01-14,Mid-Market,East,Enterprise,Active,monicadaniel@example.net
CUST_03551,Sharon Johnson,2023-07-24,SMB,International,Enterprise,Active,hineskrystal@example.com
CUST_03552,Heather Le,2024-01-18,SMB,West,Pro,Active,amandamorales@example.org
CUST_03553,Alejandra Ellis,2024-04-30,SMB,North,Enterprise,Active,gerald93@example.net
CUST_03554,John Perez,2022-04-18,SMB,South,Basic,Active,lmeadows@example.com
CUST_03555,Richard Reed,2021-01-18,Mid-Market,International,Pro,Active,allensara@example.org
CUST_03556,George Haney,2021-06-09,Enterprise,East,Basic,Active,gomezerica@example.net
CUST_03557,Abigail Riddle,2021-09-16,SMB,West,Enterprise,Churned,barrettsusan@example.org
CUST_03558,Greg Dyer,2021-11-28,Mid-Market,South,Basic,Active,reginacarlson@example.net
CUST_03559,Melinda Holloway,2021-12-11,SMB,North,Basic,Churned,woliver@example.com
CUST_03560,Robert Hardy,2022-12-24,SMB,North,Pro,Active,rodriguezjohn@example.com
CUST_03561,Denise Melton,2023-09-29,SMB,East,Basic,Active,dhoward@example.com
CUST_03562,Jeffrey Lowe,2021-08-18,SMB,South,Pro,Active,lindacooper@example.net
CUST_03563,Jack Walker,2021-06-17,Mid-Market,East,Basic,Active,angelarhodes@example.com
CUST_03564,Troy Green,2023-08-22,SMB,East,Pro,Churned,zdavila@example.net
CUST_03565,Lori Richards,2021-04-14,SMB,East,Basic,Active,clayton74@example.com
CUST_03566,Emily Sutton,2024-05-21,SMB,East,Enterprise,Active,whale@example.com
CUST_03567,Cody Bruce,2021-11-13,Enterprise,East,Enterprise,Active,pbryant@example.com
CUST_03568,Brandon Bridges,2022-07-20,SMB,West,Enterprise,Active,contrerasmaria@example.com
CUST_03569,Michelle Farmer,2023-11-19,SMB,West,Enterprise,Churned,kathleenscott@example.org
CUST_03570,Jeff Palmer,2021-12-30,SMB,North,Pro,Active,dixonkristen@example.com
CUST_03571,Adrian Howell,2022-04-14,SMB,East,Pro,Churned,colemanjim@example.net
CUST_03572,Cynthia Tyler,2022-07-25,SMB,North,Basic,Active,sandraharper@example.org
CUST_03573,Johnny Brown,2023-12-11,Mid-Market,North,Basic,Active,antonio59@example.net
CUST_03574,Tabitha Martinez,2024-03-28,Enterprise,International,Enterprise,Active,ralexander@example.org
CUST_03575,Tiffany Lewis,2021-01-27,Mid-Market,North,Basic,Churned,mariaschmidt@example.net
CUST_03576,Amanda Shaw,2021-11-02,SMB,South,Enterprise,Churned,sandovaldebra@example.org
CUST_03577,Lawrence Allen,2021-09-18,Enterprise,East,Pro,Active,michael28@example.org
CUST_03578,Cynthia Sanchez,2021-09-25,Enterprise,North,Basic,Active,thomaswang@example.com
CUST_03579,Cody Lynch,2023-03-22,Mid-Market,South,Enterprise,Active,higginskelly@example.org
CUST_03580,Lori Lee,2024-05-03,SMB,South,Enterprise,Churned,boydjasmine@example.net
CUST_03581,Jeffrey Gilbert,2024-04-12,SMB,South,Pro,Churned,rosemiller@example.org
CUST_03582,Savannah Beck,2021-02-16,SMB,North,Basic,Active,rwebb@example.net
CUST_03583,Alan Thomas,2021-06-01,SMB,West,Basic,Active,frysharon@example.net
CUST_03584,Steven Choi,2021-11-22,Mid-Market,International,Pro,Active,browningjason@example.org
CUST_03585,Sarah Thomas,2021-03-01,SMB,International,Basic,Churned,manningjessica@example.com
CUST_03586,Luke Moore,2021-05-17,SMB,West,Pro,Active,randyyoder@example.com
CUST_03587,Michael Graham,2022-02-20,Mid-Market,North,Basic,Active,bwilson@example.com
CUST_03588,Jose Hayes,2023-04-12,Mid-Market,North,Basic,Active,ramoskelly@example.net
CUST_03589,Sara Miller,2023-03-17,Mid-Market,West,Enterprise,Active,brianhill@example.org
CUST_03590,William Smith,2023-03-18,SMB,South,Enterprise,Active,hnewton@example.org
CUST_03591,Kristen Johnson,2023-01-11,Enterprise,South,Pro,Churned,juliecollins@example.com
CUST_03592,Carolyn Stewart,2022-09-08,SMB,West,Enterprise,Active,zchavez@example.org
CUST_03593,Richard Nelson,2022-09-20,Mid-Market,International,Pro,Active,joshuacohen@example.com
CUST_03594,Elizabeth Jones,2021-01-18,Mid-Market,South,Basic,Active,johncoleman@example.net
CUST_03595,Bernard Sanchez,2021-12-12,SMB,North,Basic,Active,seanjones@example.com
CUST_03596,David Brooks,2021-10-28,Mid-Market,North,Enterprise,Active,gardnererik@example.org
CUST_03597,Joseph Payne,2022-12-05,SMB,International,Pro,Active,laura20@example.net
CUST_03598,Melinda Jones,2021-07-27,SMB,West,Basic,Active,umills@example.net
CUST_03599,Jason Smith,2023-12-30,SMB,International,Pro,Active,wongjacqueline@example.org
CUST_03600,Lindsay Owens,2021-07-20,SMB,West,Pro,Active,deborah67@example.org
CUST_03601,Alexander Anderson,2022-09-30,SMB,North,Basic,Active,holly10@example.com
CUST_03602,Joyce Hamilton,2023-02-18,SMB,East,Pro,Churned,ann08@example.net
CUST_03603,Christopher Ellis,2021-10-02,Mid-Market,North,Basic,Active,christopher19@example.org
CUST_03604,Rebecca Torres,2022-01-18,SMB,East,Basic,Active,sarah69@example.com
CUST_03605,James Morgan,2022-05-18,SMB,North,Basic,Churned,greeneshawn@example.com
CUST_03606,Jeffrey Navarro,2022-05-09,Mid-Market,West,Enterprise,Churned,wattsemma@example.net
CUST_03607,Charles Coleman,2023-10-20,SMB,West,Basic,Active,richard26@example.com
CUST_03608,Jessica Robinson,2023-08-15,Mid-Market,South,Pro,Active,watsontroy@example.com
CUST_03609,Joshua Christian,2023-10-20,Mid-Market,West,Pro,Active,cburgess@example.org
CUST_03610,Claudia Rios,2022-07-04,SMB,International,Pro,Active,elizabeth14@example.com
CUST_03611,Stacey Thompson,2022-02-13,SMB,South,Enterprise,Active,nharris@example.org
CUST_03612,Michael Jones,2022-07-09,Mid-Market,East,Basic,Active,gbutler@example.net
CUST_03613,Mark Garcia,2021-05-11,SMB,East,Pro,Active,kennethperez@example.net
CUST_03614,Joseph Fisher,2022-08-08,SMB,North,Basic,Active,bgreen@example.com
CUST_03615,James Davila,2022-09-20,SMB,East,Enterprise,Active,ewatkins@example.org
CUST_03616,Juan Chan,2021-10-20,SMB,South,Basic,Active,aaronramirez@example.org
CUST_03617,Mr. Martin Morales,2023-07-04,SMB,South,Pro,Churned,hannahmiller@example.com
CUST_03618,Catherine Crane,2022-07-20,SMB,East,Basic,Churned,stanleygary@example.org
CUST_03619,Kyle Ramirez,2022-06-29,Mid-Market,International,Pro,Active,velezbrendan@example.net
CUST_03620,Brianna Davis,2022-06-27,Enterprise,North,Enterprise,Active,gjackson@example.org
CUST_03621,Caleb Lee,2023-05-01,SMB,International,Basic,Active,herrerasean@example.net
CUST_03622,Theresa Pearson,2021-04-25,Mid-Market,South,Basic,Active,ccook@example.net
CUST_03623,Rachel Acosta,2021-08-02,Mid-Market,East,Pro,Active,marissa74@example.net
CUST_03624,Lori Brown,2021-09-07,SMB,East,Basic,Active,sarahtaylor@example.com
CUST_03625,Douglas Nash,2021-09-04,SMB,North,Basic,Churned,vanessa58@example.net
CUST_03626,Manuel Alvarado,2024-02-15,SMB,International,Pro,Churned,reynoldstravis@example.net
CUST_03627,Sarah Grimes,2022-07-27,Mid-Market,International,Basic,Active,richard31@example.com
CUST_03628,Brandon Carlson,2023-08-02,Mid-Market,East,Enterprise,Active,marissa72@example.net
CUST_03629,Jennifer Barnes,2021-04-10,SMB,West,Pro,Churned,chelsea37@example.net
CUST_03630,Ann Combs,2021-02-21,Mid-Market,International,Enterprise,Active,alicianorris@example.net
CUST_03631,Stacy Brown,2021-10-30,Mid-Market,West,Basic,Active,heidiwilson@example.org
CUST_03632,Alexandria Jones,2023-03-31,Mid-Market,East,Pro,Active,ybailey@example.net
CUST_03633,Ashley Walker,2022-07-25,Mid-Market,North,Basic,Active,robertmartinez@example.org
CUST_03634,Louis Rose,2023-01-02,SMB,West,Basic,Active,beth04@example.net
CUST_03635,Amy Alvarez,2023-01-23,SMB,North,Enterprise,Active,carolynbrady@example.com
CUST_03636,Faith Walker,2021-11-08,SMB,North,Enterprise,Active,pmckee@example.net
CUST_03637,Laurie Blake,2022-01-17,SMB,North,Pro,Active,hernandezmelissa@example.net
CUST_03638,Mark Thomas,2021-02-24,SMB,North,Enterprise,Active,kimberly51@example.com
CUST_03639,Andrea Greene,2022-03-22,Mid-Market,West,Pro,Active,marcusgilmore@example.org
CUST_03640,Sarah Leach,2021-12-03,SMB,North,Pro,Active,marilyn62@example.org
CUST_03641,Wendy Mann,2022-12-20,Mid-Market,East,Basic,Active,hshepherd@example.net
CUST_03642,Cynthia George,2021-02-24,SMB,International,Basic,Active,jonathan38@example.com
CUST_03643,Brandon Price,2022-05-20,Mid-Market,International,Pro,Active,morrisonalan@example.com
CUST_03644,Kelly Doyle,2022-03-13,SMB,South,Enterprise,Active,curtisroy@example.net
CUST_03645,Stephen Riley,2023-06-26,Enterprise,West,Basic,Active,rtaylor@example.net
CUST_03646,William Carr,2021-12-23,SMB,East,Enterprise,Churned,jacquelinemurray@example.net
CUST_03647,Chelsea Curtis,2022-03-31,Mid-Market,West,Pro,Active,barneswilliam@example.org
CUST_03648,Cindy Howell,2023-11-05,Mid-Market,South,Basic,Active,sarahchavez@example.com
CUST_03649,Barbara Sandoval,2024-02-03,Enterprise,International,Basic,Active,theresa24@example.org
CUST_03650,Maria Moss,2021-09-05,Enterprise,East,Basic,Active,clifford98@example.net
CUST_03651,Robert Jenkins,2021-03-21,SMB,North,Enterprise,Churned,jackyoung@example.com
CUST_03652,Adrian Snow,2024-02-08,SMB,North,Basic,Churned,bankskyle@example.com
CUST_03653,Philip Tran,2022-01-10,SMB,East,Pro,Active,eric02@example.net
CUST_03654,Robert Molina,2023-06-10,SMB,West,Pro,Active,wolfekyle@example.com
CUST_03655,Steven Davis,2023-04-05,SMB,South,Pro,Active,vsandoval@example.com
CUST_03656,Aimee Lang MD,2022-03-06,Mid-Market,North,Enterprise,Active,troy39@example.net
CUST_03657,Ana Lee,2021-10-18,SMB,International,Enterprise,Active,floresmariah@example.org
CUST_03658,Frederick Davis,2024-05-29,SMB,East,Pro,Churned,romeromakayla@example.com
CUST_03659,Mary Underwood,2024-03-05,SMB,International,Basic,Churned,johnsonjames@example.com
CUST_03660,Derek Curry,2022-01-13,SMB,East,Enterprise,Churned,austinfrye@example.org
CUST_03661,Dr. Jeffrey Beck,2022-11-23,SMB,South,Pro,Churned,xgreene@example.org
CUST_03662,Cynthia Medina,2023-09-08,SMB,North,Enterprise,Active,carrollchristopher@example.org
CUST_03663,Kimberly Webster,2021-04-24,Mid-Market,North,Enterprise,Active,houstonlaura@example.com
CUST_03664,Matthew Trevino,2022-04-29,SMB,North,Pro,Churned,aaron62@example.net
CUST_03665,Debra Lee,2022-09-17,SMB,East,Basic,Active,emily89@example.org
CUST_03666,Dawn Kennedy,2021-05-27,SMB,North,Basic,Churned,crosbyjoan@example.com
CUST_03667,Logan Dennis,2022-08-11,Mid-Market,North,Pro,Active,xparsons@example.com
CUST_03668,David Hoffman,2023-01-19,Mid-Market,East,Enterprise,Active,iacevedo@example.net
CUST_03669,Alex Adams,2023-01-11,Mid-Market,East,Basic,Active,lori09@example.com
CUST_03670,Peter Hansen,2021-05-18,SMB,International,Enterprise,Active,chelsea70@example.org
CUST_03671,Renee Jacobs,2024-03-05,Mid-Market,North,Pro,Active,ncampbell@example.com
CUST_03672,Sara Ruiz,2024-03-12,SMB,South,Basic,Active,bradley71@example.net
CUST_03673,Abigail Gill,2022-03-10,Enterprise,East,Pro,Active,joshua88@example.com
CUST_03674,Donald Mitchell,2021-05-04,SMB,West,Pro,Active,hestrada@example.com
CUST_03675,Kevin Carr,2023-06-10,Enterprise,South,Basic,Active,stephen61@example.com
CUST_03676,Sarah Johnson,2023-10-14,SMB,International,Basic,Churned,fsilva@example.com
CUST_03677,Susan Miller,2022-02-18,SMB,South,Basic,Active,laurengreen@example.net
CUST_03678,Joan Rogers,2023-04-07,SMB,International,Pro,Active,acalderon@example.com
CUST_03679,April Morgan,2023-12-08,SMB,North,Pro,Active,racevedo@example.org
CUST_03680,Matthew Green,2022-04-19,Enterprise,International,Pro,Churned,jamesbenson@example.com
CUST_03681,Margaret Graham,2023-03-09,SMB,North,Enterprise,Active,andrew45@example.org
CUST_03682,Rachael Ortiz,2023-12-23,Enterprise,West,Enterprise,Active,toddcollins@example.org
CUST_03683,Nicole Baker,2022-03-02,SMB,South,Pro,Active,laurahamilton@example.com
CUST_03684,Kimberly Jackson,2022-09-25,SMB,West,Enterprise,Churned,laurie14@example.org
CUST_03685,Erin Baird,2022-09-25,SMB,South,Pro,Churned,ambersavage@example.com
CUST_03686,Christopher Bennett,2022-11-17,SMB,West,Pro,Churned,willie16@example.org
CUST_03687,Donna Sanchez,2021-05-22,Enterprise,North,Basic,Active,dvillarreal@example.net
CUST_03688,Frank Bell,2022-07-12,Enterprise,West,Basic,Active,cortezchristopher@example.org
CUST_03689,Brenda Dunn,2023-09-10,SMB,International,Pro,Churned,fburke@example.net
CUST_03690,April Carter,2023-08-09,Enterprise,International,Basic,Active,dylan77@example.com
CUST_03691,Olivia Williams,2023-04-02,Mid-Market,South,Pro,Active,paulperry@example.org
CUST_03692,Nicole Lewis,2021-07-02,Mid-Market,South,Pro,Active,erin39@example.com
CUST_03693,Richard Gray,2021-03-11,Mid-Market,South,Enterprise,Active,jessemedina@example.net
CUST_03694,Christina Wood,2022-10-07,Mid-Market,North,Basic,Active,tdavis@example.net
CUST_03695,Joan Robinson,2022-07-12,SMB,West,Basic,Active,blackwellkevin@example.com
CUST_03696,Stephen Thompson,2021-08-14,SMB,South,Enterprise,Active,yzamora@example.org
CUST_03697,Jill Edwards,2023-02-18,SMB,East,Basic,Churned,hicksrachel@example.net
CUST_03698,Lisa Cervantes,2021-01-17,Mid-Market,East,Pro,Churned,kristen59@example.com
CUST_03699,Marie Everett,2023-04-27,Mid-Market,North,Basic,Active,devon53@example.com
CUST_03700,Rachel Humphrey,2022-10-06,Mid-Market,North,Basic,Active,riverskristen@example.com
CUST_03701,Jason Alvarez,2024-03-13,SMB,East,Pro,Active,bakeredward@example.com
CUST_03702,Henry Parker,2023-06-10,SMB,South,Basic,Churned,tbell@example.org
CUST_03703,Paul Miranda,2022-08-22,SMB,International,Enterprise,Active,brianchapman@example.org
CUST_03704,Amber Rosales,2022-09-18,Mid-Market,North,Basic,Active,hogannathan@example.com
CUST_03705,Brittany Garner,2024-05-29,Mid-Market,East,Enterprise,Active,matthew85@example.net
CUST_03706,Holly Peterson,2023-07-13,SMB,South,Enterprise,Churned,robinhancock@example.org
CUST_03707,Jessica Johnson,2021-02-05,SMB,South,Basic,Active,hensleybenjamin@example.com
CUST_03708,Zachary Doyle,2021-10-27,SMB,East,Pro,Churned,brownjohn@example.com
CUST_03709,Nicole Ward,2023-09-04,SMB,North,Pro,Active,mmiller@example.net
CUST_03710,Kathryn Vargas,2023-12-06,Mid-Market,West,Pro,Active,fbass@example.org
CUST_03711,Melanie Flores,2021-01-17,SMB,North,Basic,Active,kaitlynwest@example.com
CUST_03712,Billy Cross,2021-12-21,SMB,North,Pro,Churned,fwest@example.net
CUST_03713,Maria Dixon,2023-11-29,SMB,South,Basic,Active,ramirezsteven@example.net
CUST_03714,Michael Garrison,2022-11-21,Mid-Market,South,Pro,Active,jkelley@example.net
CUST_03715,Natalie Joseph,2022-05-16,SMB,North,Enterprise,Churned,richard99@example.com
CUST_03716,Martin Jones,2023-02-21,Mid-Market,West,Pro,Active,jacquelineholt@example.org
CUST_03717,Laura Lopez,2021-02-26,Enterprise,East,Pro,Active,bodonnell@example.com
CUST_03718,John Allen,2021-08-24,SMB,North,Basic,Churned,jthompson@example.org
CUST_03719,Henry Robinson,2022-12-31,SMB,South,Basic,Active,patelnicholas@example.com
CUST_03720,Mr. David Arnold,2023-08-24,SMB,East,Basic,Active,kingjessica@example.net
CUST_03721,Dean Evans,2024-03-20,SMB,West,Pro,Active,maria03@example.com
CUST_03722,Diane Smith,2022-09-04,SMB,South,Basic,Churned,sabrinaperez@example.net
CUST_03723,Mr. Hunter Miller,2021-05-29,SMB,North,Basic,Churned,fgutierrez@example.com
CUST_03724,Damon Montes,2022-08-31,SMB,International,Basic,Active,charles30@example.org
CUST_03725,James Adams,2021-10-05,Mid-Market,International,Pro,Churned,ibarton@example.org
CUST_03726,Trevor Walls,2022-06-27,Mid-Market,South,Basic,Active,dana17@example.net
CUST_03727,Hailey Dean,2023-07-13,SMB,North,Basic,Active,lambalexandra@example.net
CUST_03728,Rebecca Jones,2023-03-23,Mid-Market,West,Pro,Active,teresaspencer@example.com
CUST_03729,Robert Franco,2022-10-05,SMB,East,Basic,Active,bennettmichael@example.net
CUST_03730,Joshua Dunlap,2024-04-08,SMB,South,Pro,Active,matthewslarry@example.net
CUST_03731,Steven Cannon,2023-09-25,Mid-Market,North,Enterprise,Active,haneysusan@example.org
CUST_03732,Sharon Lopez,2021-03-18,Mid-Market,North,Pro,Active,jadehendrix@example.org
CUST_03733,Christopher Norris,2023-01-21,SMB,North,Basic,Active,audrey30@example.net
CUST_03734,Ashley Brown,2022-07-29,Mid-Market,East,Enterprise,Active,eric34@example.org
CUST_03735,Elizabeth Morales MD,2021-11-23,Mid-Market,South,Pro,Active,cookdanielle@example.com
CUST_03736,Anthony Brown,2022-04-24,Enterprise,East,Enterprise,Churned,benjaminbrown@example.com
CUST_03737,Jerry Patel,2021-08-09,Enterprise,East,Basic,Active,englishchristina@example.net
CUST_03738,Louis Turner,2022-06-04,SMB,North,Basic,Active,luis66@example.org
CUST_03739,Elizabeth Travis,2023-05-27,Mid-Market,North,Pro,Active,david82@example.net
CUST_03740,Brenda Mcmillan,2023-05-25,Mid-Market,South,Enterprise,Churned,matthew06@example.com
CUST_03741,Taylor Lowery,2022-10-08,SMB,West,Pro,Churned,johnsonteresa@example.net
CUST_03742,Vickie James,2022-03-08,SMB,East,Basic,Churned,smithpaula@example.net
CUST_03743,Mallory Moore,2024-04-06,SMB,North,Basic,Active,dennis16@example.net
CUST_03744,Roger Buckley,2022-03-20,Mid-Market,North,Pro,Active,gloriachen@example.com
CUST_03745,Mark Jackson,2024-01-12,SMB,North,Enterprise,Churned,khouston@example.com
CUST_03746,Amanda Lee,2021-02-03,Enterprise,East,Enterprise,Active,tyler10@example.org
CUST_03747,David Bates,2021-09-29,SMB,West,Enterprise,Churned,travis28@example.net
CUST_03748,Michael Moore,2023-04-28,SMB,West,Basic,Active,williamsdeanna@example.com
CUST_03749,Debra Morgan,2021-07-28,Mid-Market,East,Enterprise,Active,qmoss@example.org
CUST_03750,Teresa Thomas,2022-06-18,SMB,East,Pro,Active,christopher52@example.net
CUST_03751,Erin Forbes,2022-01-10,SMB,International,Enterprise,Active,mccarthydylan@example.net
CUST_03752,Jennifer Shaffer,2024-01-05,Enterprise,East,Basic,Active,robertsanthony@example.org
CUST_03753,Jason Howard,2021-10-31,Mid-Market,East,Enterprise,Active,olivia47@example.com
CUST_03754,Lisa Peterson,2024-05-11,SMB,North,Basic,Churned,scottchristopher@example.net
CUST_03755,Lauren Rivera,2023-03-19,SMB,South,Enterprise,Active,qmccarty@example.org
CUST_03756,Steven Murphy,2021-10-29,Mid-Market,East,Basic,Active,ryan23@example.net
CUST_03757,Kiara Mcintosh,2021-06-06,SMB,East,Pro,Active,yluna@example.com
CUST_03758,William Davila,2021-09-02,Enterprise,International,Basic,Active,charlesprice@example.org
CUST_03759,Carl Pennington,2024-02-07,SMB,West,Basic,Active,dyervictoria@example.net
CUST_03760,Kristi Smith,2021-06-01,SMB,West,Pro,Active,timothy94@example.net
CUST_03761,Stephanie Miller,2021-03-15,Enterprise,South,Enterprise,Active,lewisallen@example.com
CUST_03762,Nathan Scott,2024-04-18,SMB,South,Pro,Active,jessica82@example.net
CUST_03763,Elizabeth Lawrence,2022-10-14,SMB,North,Pro,Active,greenlisa@example.net
CUST_03764,Isaiah Parker,2021-12-26,SMB,North,Basic,Churned,annchapman@example.org
CUST_03765,Jennifer Lewis,2022-03-28,SMB,South,Basic,Active,wilkinsmark@example.org
CUST_03766,Nicholas Snyder,2021-11-03,Mid-Market,International,Basic,Churned,michelle86@example.net
CUST_03767,Patricia Davenport,2022-06-18,Mid-Market,South,Basic,Active,norman29@example.org
CUST_03768,Matthew Bates,2022-02-04,SMB,North,Enterprise,Active,moniquemoore@example.org
CUST_03769,Stephanie Wolf,2022-08-17,Enterprise,North,Pro,Active,roseeric@example.com
CUST_03770,Jeffrey Hicks,2023-10-26,Mid-Market,North,Enterprise,Active,ronald46@example.com
CUST_03771,Margaret Shaw,2021-01-25,SMB,International,Pro,Churned,zramirez@example.net
CUST_03772,William Gross,2023-02-13,Enterprise,International,Basic,Active,mariah75@example.org
CUST_03773,Hunter Gonzalez,2022-10-04,SMB,West,Basic,Churned,wmorris@example.net
CUST_03774,Erin Fuller,2022-01-08,SMB,East,Pro,Active,thill@example.com
CUST_03775,Angie Jennings,2024-05-09,SMB,International,Basic,Active,tara62@example.com
CUST_03776,Philip Combs,2023-10-17,Mid-Market,East,Basic,Active,tylerchristine@example.com
CUST_03777,Danny Austin,2021-11-11,SMB,South,Basic,Churned,kristin15@example.net
CUST_03778,Stephen Carr,2021-10-18,Enterprise,East,Basic,Active,bmoreno@example.org
CUST_03779,Aimee Lamb,2021-11-19,Enterprise,East,Pro,Active,michaelgordon@example.org
CUST_03780,Brian Mueller,2023-04-21,Mid-Market,International,Basic,Active,millerjill@example.net
CUST_03781,Mark Thompson,2024-04-06,Mid-Market,West,Basic,Active,duane84@example.net
CUST_03782,Cindy Barton,2021-11-12,Mid-Market,West,Pro,Active,timothyortiz@example.org
CUST_03783,Kelly King,2022-01-04,Mid-Market,South,Pro,Churned,friedmanlinda@example.net
CUST_03784,Denise Leon,2023-11-20,Mid-Market,South,Basic,Churned,reneespencer@example.org
CUST_03785,Felicia Robinson,2021-08-08,SMB,North,Basic,Churned,nicholasibarra@example.com
CUST_03786,Paul Garcia,2024-03-21,SMB,North,Enterprise,Active,mark46@example.org
CUST_03787,Kevin Stafford,2021-06-21,SMB,North,Pro,Churned,gilbertsamuel@example.com
CUST_03788,Samantha Powell,2021-06-06,Mid-Market,North,Enterprise,Active,tylerwilliams@example.com
CUST_03789,Jennifer Horton,2023-02-02,Mid-Market,International,Pro,Active,claire11@example.net
CUST_03790,Michelle Nicholson,2023-04-03,SMB,East,Pro,Churned,riley28@example.com
CUST_03791,Carolyn Miller,2022-11-01,Enterprise,North,Enterprise,Active,tara38@example.org
CUST_03792,Megan Gibson,2021-10-01,SMB,International,Basic,Active,ana12@example.com
CUST_03793,David Dunlap,2024-03-13,SMB,South,Basic,Active,raymond84@example.com
CUST_03794,April Hoffman,2023-09-11,SMB,East,Pro,Churned,guerramaria@example.org
CUST_03795,Stephanie Terry,2023-03-06,Mid-Market,West,Basic,Active,lawsoncalvin@example.com
CUST_03796,Barry Armstrong,2021-09-01,Mid-Market,West,Enterprise,Active,kerry49@example.org
CUST_03797,Michael Jordan,2021-08-17,SMB,West,Basic,Active,christine28@example.net
CUST_03798,Kelly Schneider,2021-06-03,SMB,North,Pro,Churned,cnelson@example.com
CUST_03799,Richard Aguilar,2021-12-01,Enterprise,North,Pro,Active,olsonmichael@example.com
CUST_03800,Deborah Leon,2023-09-22,SMB,North,Enterprise,Active,danielletorres@example.com
CUST_03801,Mary Garcia,2021-08-18,SMB,International,Pro,Churned,lowen@example.org
CUST_03802,Sandra Baker,2023-04-13,SMB,West,Pro,Active,tuckerstacey@example.net
CUST_03803,Sean Reed,2023-12-15,SMB,East,Pro,Churned,brittney71@example.org
CUST_03804,Ashley Herring,2024-01-31,Mid-Market,North,Pro,Churned,steven34@example.net
CUST_03805,Cynthia Jones,2021-12-11,Mid-Market,South,Pro,Active,heather72@example.org
CUST_03806,Jacob Hayden,2021-11-27,Enterprise,North,Basic,Active,richard13@example.com
CUST_03807,Vincent Walters,2021-01-08,Mid-Market,International,Basic,Active,cody85@example.net
CUST_03808,Daniel Ortega,2023-12-21,Enterprise,South,Enterprise,Active,johnthomas@example.com
CUST_03809,Hannah Smith,2021-11-28,SMB,South,Basic,Active,todd94@example.com
CUST_03810,Jonathan Valdez,2024-03-02,SMB,West,Pro,Active,ywilliams@example.net
CUST_03811,Deborah Bowman,2023-06-05,Enterprise,East,Pro,Active,robertallen@example.net
CUST_03812,Rachel Little,2022-04-11,SMB,North,Pro,Churned,bsmith@example.com
CUST_03813,James Watkins,2023-10-25,SMB,International,Enterprise,Active,gschultz@example.com
CUST_03814,Katherine Lawrence,2022-03-16,Mid-Market,International,Enterprise,Active,terrimartinez@example.com
CUST_03815,Laura Vang,2021-08-22,Mid-Market,East,Pro,Active,victorcampbell@example.net
CUST_03816,Amanda Murray,2023-04-05,SMB,West,Enterprise,Churned,charlotteprice@example.org
CUST_03817,Gregory Byrd,2021-08-11,SMB,East,Basic,Churned,changsamuel@example.org
CUST_03818,Julia Gibbs,2021-11-18,Enterprise,East,Basic,Active,autumn78@example.com
CUST_03819,Cassandra Rice,2024-01-13,Mid-Market,North,Pro,Active,erin62@example.org
CUST_03820,Holly Cochran,2023-08-03,SMB,International,Basic,Active,elizabethtownsend@example.net
CUST_03821,James Wright,2021-02-10,SMB,East,Basic,Active,krystaltucker@example.org
CUST_03822,Michael Kelly,2021-03-30,SMB,North,Pro,Active,dwilliams@example.com
CUST_03823,Joseph Lewis,2021-01-13,SMB,East,Basic,Active,rasmussenjerry@example.com
CUST_03824,Nicole Salazar,2022-06-30,SMB,International,Pro,Churned,nelsonbrandon@example.com
CUST_03825,Emily Vasquez,2023-04-20,Enterprise,East,Basic,Active,theresa36@example.com
CUST_03826,Tammy Edwards,2024-04-30,SMB,South,Pro,Active,ealexander@example.net
CUST_03827,Victor Gonzalez,2022-09-05,SMB,East,Pro,Active,beckrobin@example.net
CUST_03828,Regina Schroeder,2021-11-05,SMB,North,Pro,Active,jbridges@example.org
CUST_03829,Alexander Thompson,2023-12-30,Mid-Market,West,Pro,Active,howard63@example.net
CUST_03830,Kevin Baker,2021-07-12,Mid-Market,East,Enterprise,Churned,thomaswilliam@example.net
CUST_03831,Todd Garcia,2024-03-04,Mid-Market,East,Basic,Active,emilykrueger@example.org
CUST_03832,Mark Jackson,2023-06-11,Mid-Market,East,Basic,Active,lindamiller@example.org
CUST_03833,Rachel Payne,2021-10-07,Enterprise,South,Pro,Active,meganpatrick@example.com
CUST_03834,Peter Flores,2021-10-20,SMB,East,Pro,Active,crystal46@example.com
CUST_03835,Catherine Parks,2021-05-09,Mid-Market,International,Pro,Active,joshua11@example.net
CUST_03836,Raymond Patel,2021-01-08,SMB,North,Basic,Active,christopher67@example.org
CUST_03837,Alicia Morgan,2022-06-07,SMB,West,Basic,Active,harrismargaret@example.net
CUST_03838,Melissa Robinson,2022-07-19,SMB,South,Enterprise,Churned,xpalmer@example.org
CUST_03839,Stephanie Atkins,2022-09-12,SMB,West,Enterprise,Churned,greenemily@example.org
CUST_03840,Benjamin Stanley,2022-12-05,SMB,East,Basic,Churned,jamesmorris@example.org
CUST_03841,Ashley Ramos,2023-02-19,SMB,East,Pro,Churned,rhondasmith@example.org
CUST_03842,Sherry Foster,2021-01-21,SMB,South,Basic,Active,taylor70@example.net
CUST_03843,Wendy Stanley,2021-01-21,Mid-Market,West,Pro,Active,igraham@example.org
CUST_03844,Jamie Yang,2021-12-02,Mid-Market,International,Enterprise,Active,aaron67@example.net
CUST_03845,Mallory Lopez,2024-02-07,SMB,South,Basic,Active,porterbobby@example.net
CUST_03846,Kelli Hoffman,2023-12-31,Enterprise,North,Enterprise,Active,dakota69@example.org
CUST_03847,Stephen Lambert,2024-02-14,Mid-Market,North,Basic,Active,pkirk@example.com
CUST_03848,Dawn Jordan,2021-03-26,SMB,West,Basic,Active,daniel91@example.com
CUST_03849,Mitchell Cohen,2024-05-03,Mid-Market,East,Enterprise,Active,chelseasmith@example.com
CUST_03850,Laura Sanford,2024-02-08,Mid-Market,International,Enterprise,Active,obrewer@example.com
CUST_03851,Robert Bolton,2023-07-05,SMB,North,Basic,Active,hfleming@example.net
CUST_03852,Scott Hansen,2022-12-08,SMB,North,Basic,Active,lopezvictoria@example.org
CUST_03853,Julie Smith,2024-05-06,SMB,East,Pro,Active,gregory53@example.org
CUST_03854,Marcia Sanders,2023-03-05,Mid-Market,International,Enterprise,Active,kimberlypeterson@example.org
CUST_03855,Aaron Thompson,2023-06-17,SMB,North,Enterprise,Active,wduncan@example.org
CUST_03856,Katrina Richardson,2023-07-09,SMB,South,Enterprise,Active,wyatt29@example.org
CUST_03857,Wyatt Gardner,2021-02-09,SMB,West,Pro,Active,james91@example.org
CUST_03858,Jerry Mcclure,2021-03-13,SMB,International,Basic,Churned,melissa74@example.com
CUST_03859,Jamie Robinson,2021-09-09,SMB,South,Basic,Churned,david21@example.com
CUST_03860,Robert Davis,2022-06-01,Mid-Market,International,Basic,Churned,jaimeduncan@example.com
CUST_03861,Madison Mann,2022-12-04,SMB,East,Basic,Active,huynhmatthew@example.net
CUST_03862,Johnathan Vasquez,2023-02-06,SMB,West,Enterprise,Churned,mlyons@example.org
CUST_03863,Jonathan Solomon,2021-09-16,SMB,West,Basic,Churned,charles46@example.org
CUST_03864,Victor King,2023-09-06,SMB,South,Pro,Churned,kathleenwelch@example.net
CUST_03865,David Cruz,2022-01-06,SMB,North,Enterprise,Churned,darius87@example.com
CUST_03866,Sean Graham,2022-08-27,Enterprise,International,Basic,Active,smithjoshua@example.com
CUST_03867,Troy Cameron,2023-03-08,Enterprise,East,Pro,Active,qrhodes@example.org
CUST_03868,Margaret Kennedy,2022-04-02,Mid-Market,South,Enterprise,Active,bradleyperez@example.com
CUST_03869,Jennifer Poole,2022-04-20,Mid-Market,West,Basic,Active,wcook@example.com
CUST_03870,Deborah Oneill,2021-10-08,Mid-Market,North,Pro,Active,chankevin@example.com
CUST_03871,Shannon Willis,2024-05-05,SMB,North,Basic,Churned,nswanson@example.org
CUST_03872,Wanda Hughes,2021-07-07,SMB,West,Basic,Active,megan27@example.org
CUST_03873,Richard Silva,2021-10-21,Enterprise,East,Pro,Active,lisa47@example.com
CUST_03874,Ashley Williams,2024-01-03,SMB,West,Basic,Active,cmyers@example.com
CUST_03875,Patrick Barnes,2022-10-20,SMB,East,Pro,Active,khernandez@example.com
CUST_03876,James Ray,2022-12-11,Mid-Market,South,Pro,Churned,william40@example.org
CUST_03877,Lisa Scott,2023-10-26,SMB,North,Basic,Active,wrice@example.net
CUST_03878,Ryan Gray,2022-11-20,Mid-Market,North,Basic,Active,sandrafinley@example.net
CUST_03879,Andrea Stone,2024-05-12,SMB,South,Pro,Churned,ecasey@example.org
CUST_03880,Shannon Ware,2023-01-20,Mid-Market,East,Basic,Active,xgonzales@example.com
CUST_03881,Matthew Hudson,2023-12-20,Mid-Market,South,Basic,Active,othomas@example.com
CUST_03882,Clinton Mcgee,2023-08-03,SMB,West,Basic,Churned,yjones@example.org
CUST_03883,Jeffrey Allen,2023-07-30,SMB,International,Pro,Churned,david89@example.com
CUST_03884,Matthew Johnson,2022-11-14,Mid-Market,North,Enterprise,Active,karlmartin@example.org
CUST_03885,Paula Williams,2023-12-22,SMB,North,Basic,Churned,jasonlawrence@example.org
CUST_03886,James Cobb,2022-05-06,Enterprise,West,Enterprise,Active,davenportstephanie@example.com
CUST_03887,Valerie Zimmerman,2021-03-18,SMB,North,Pro,Active,rossmaurice@example.org
CUST_03888,Jeffrey Hobbs,2024-02-15,SMB,West,Enterprise,Churned,kimberly94@example.org
CUST_03889,Greg Olson,2021-01-20,SMB,East,Pro,Churned,johnsonpatrick@example.com
CUST_03890,Stephen Peters,2022-10-04,SMB,West,Basic,Churned,amanda53@example.org
CUST_03891,Kenneth Molina,2022-03-12,Mid-Market,South,Basic,Active,scottmichael@example.com
CUST_03892,Kendra Smith,2023-11-15,SMB,West,Pro,Churned,terriortiz@example.com
CUST_03893,Holly Owen,2023-09-07,SMB,South,Enterprise,Churned,bhawkins@example.net
CUST_03894,Toni Stephens,2023-09-09,Mid-Market,North,Basic,Active,sheltonbobby@example.net
CUST_03895,Beverly Martinez,2024-04-20,Mid-Market,West,Basic,Active,starkaustin@example.org
CUST_03896,Michelle Nguyen,2021-10-07,SMB,West,Basic,Active,nbrandt@example.net
CUST_03897,Mary Fernandez,2023-05-31,SMB,East,Enterprise,Churned,xknight@example.com
CUST_03898,Stephen Crawford,2024-04-14,SMB,East,Basic,Active,kingeric@example.com
CUST_03899,Rebecca Thompson,2024-02-09,SMB,East,Basic,Active,wellselizabeth@example.com
CUST_03900,Brian Smith,2022-11-29,Mid-Market,International,Basic,Churned,kathleenweaver@example.net
CUST_03901,Aaron Nguyen,2023-12-06,SMB,South,Pro,Churned,whitetony@example.com
CUST_03902,Brittany Smith,2023-11-20,Mid-Market,South,Pro,Active,jessicadouglas@example.org
CUST_03903,Stephen Ward,2023-07-27,Mid-Market,International,Enterprise,Active,stacey16@example.com
CUST_03904,Lisa Barrett,2023-10-02,Mid-Market,International,Pro,Active,brownpamela@example.com
CUST_03905,Shannon Flores,2023-11-28,SMB,East,Basic,Active,chanmichael@example.com
CUST_03906,Laura King,2023-06-23,SMB,North,Basic,Active,marciahall@example.net
CUST_03907,John Kerr,2021-06-01,SMB,West,Pro,Active,kelly83@example.org
CUST_03908,Walter Romero,2023-07-15,Mid-Market,East,Pro,Active,pthomas@example.net
CUST_03909,Jennifer Mann,2023-12-20,SMB,West,Enterprise,Churned,simmonslaura@example.com
CUST_03910,William Hernandez,2022-06-29,SMB,West,Enterprise,Active,richardjones@example.net
CUST_03911,Gloria Padilla,2023-12-08,Mid-Market,International,Pro,Active,xsmith@example.org
CUST_03912,Krystal Crawford,2022-03-22,SMB,North,Basic,Active,bcaldwell@example.net
CUST_03913,Benjamin Anderson,2024-01-04,Mid-Market,West,Pro,Churned,allisoneric@example.net
CUST_03914,Beth Perez,2023-10-04,Enterprise,International,Basic,Active,taracole@example.org
CUST_03915,Laura Rosales,2021-01-24,Enterprise,South,Enterprise,Active,grichards@example.org
CUST_03916,Ashley Nichols,2024-03-19,Enterprise,West,Enterprise,Active,robin11@example.com
CUST_03917,Rebekah Brewer,2021-04-07,Mid-Market,East,Basic,Active,campbellfrederick@example.org
CUST_03918,Julie Rivas,2024-04-13,Enterprise,International,Enterprise,Active,hturner@example.com
CUST_03919,Elizabeth Cochran,2022-10-04,SMB,East,Basic,Active,brandimoore@example.org
CUST_03920,Bobby Frost,2021-01-25,SMB,West,Basic,Active,heatherthompson@example.net
CUST_03921,Vanessa Conner,2021-02-10,SMB,West,Basic,Active,pluna@example.net
CUST_03922,Richard Castillo,2021-06-13,Enterprise,West,Pro,Churned,kenneth43@example.net
CUST_03923,Shannon Dean,2023-08-30,SMB,International,Pro,Active,kstone@example.net
CUST_03924,Jamie Woods,2023-05-24,SMB,North,Basic,Churned,rebecca43@example.net
CUST_03925,Maria Conley,2021-07-26,Enterprise,West,Pro,Active,hinesjeremy@example.net
CUST_03926,Margaret Martinez,2021-10-05,SMB,South,Basic,Churned,aperkins@example.org
CUST_03927,Michelle Bradley,2022-12-04,SMB,North,Basic,Active,guzmanrobert@example.com
CUST_03928,Mr. Cameron Koch,2023-04-04,SMB,North,Pro,Churned,xreyes@example.net
CUST_03929,Beth Green,2024-05-12,Mid-Market,South,Basic,Active,sandrawalker@example.net
CUST_03930,Kyle Miller,2021-05-04,Mid-Market,West,Basic,Active,sandra01@example.net
CUST_03931,John Rodriguez,2023-06-01,SMB,International,Pro,Churned,goodwinjack@example.org
CUST_03932,Thomas Green,2021-06-26,SMB,West,Basic,Active,robert00@example.net
CUST_03933,Derek Hull,2023-09-26,SMB,North,Enterprise,Active,jeffrivera@example.net
CUST_03934,Mrs. Rebecca Martin,2023-02-17,Mid-Market,North,Enterprise,Active,maryestes@example.net
CUST_03935,Lisa Cohen,2021-10-02,Mid-Market,North,Pro,Active,zcobb@example.org
CUST_03936,Mrs. Linda Clarke,2021-02-27,SMB,North,Pro,Active,ryandurham@example.net
CUST_03937,Nicholas Young,2023-02-14,SMB,West,Pro,Active,alex32@example.net
CUST_03938,Laura Warner,2021-06-18,Mid-Market,North,Basic,Active,reynoldsmegan@example.com
CUST_03939,Ryan Collins,2023-04-25,Mid-Market,West,Basic,Churned,shannonburns@example.net
CUST_03940,Emily Hopkins,2022-10-25,SMB,West,Pro,Active,kleinjustin@example.net
CUST_03941,James Vasquez,2022-09-06,Mid-Market,West,Pro,Active,jenniferbrady@example.net
CUST_03942,Trevor Shepherd,2021-03-18,Mid-Market,International,Enterprise,Active,sophia39@example.org
CUST_03943,David Andrews,2022-03-15,SMB,East,Basic,Churned,ramirezmelissa@example.net
CUST_03944,Leslie White,2023-11-09,Enterprise,South,Pro,Active,greg78@example.net
CUST_03945,Jesus Wright,2021-08-26,Mid-Market,South,Basic,Active,mcclainjohn@example.com
CUST_03946,Gerald Soto,2021-02-14,SMB,West,Pro,Active,brentodom@example.com
CUST_03947,Ryan Hernandez,2022-06-17,SMB,East,Basic,Active,bmahoney@example.net
CUST_03948,Jacqueline Klein,2021-01-08,SMB,East,Pro,Active,pmoore@example.org
CUST_03949,Frederick Jones,2023-11-09,Mid-Market,International,Pro,Active,martinezlorraine@example.com
CUST_03950,Allen Erickson,2021-08-18,Mid-Market,International,Basic,Active,stacey58@example.com
CUST_03951,Kevin Burch,2023-07-19,Mid-Market,South,Enterprise,Churned,hilledwin@example.net
CUST_03952,Megan Shah,2021-02-13,SMB,International,Pro,Active,ftorres@example.net
CUST_03953,Jacqueline Watson,2021-09-03,Mid-Market,East,Pro,Active,andersonjesse@example.org
CUST_03954,Patricia Jones,2021-03-13,SMB,West,Enterprise,Churned,richardlynn@example.net
CUST_03955,Haley Smith,2021-05-14,SMB,West,Pro,Active,jessicacollins@example.com
CUST_03956,Valerie Jensen,2023-01-06,Mid-Market,West,Pro,Active,srodriguez@example.com
CUST_03957,Emily Crawford,2023-08-31,Mid-Market,South,Basic,Active,shannonphilip@example.org
CUST_03958,Jose Banks,2024-05-24,SMB,West,Basic,Churned,robert06@example.org
CUST_03959,Brandi Christian,2023-11-16,SMB,South,Enterprise,Active,patricia63@example.com
CUST_03960,Shane Smith,2021-09-19,SMB,North,Enterprise,Active,uayers@example.org
CUST_03961,Anthony Lawson,2022-06-21,Mid-Market,International,Enterprise,Churned,wmason@example.net
CUST_03962,Linda Murray,2021-06-24,SMB,North,Enterprise,Active,torresgina@example.net
CUST_03963,Allison Mahoney,2021-01-15,SMB,East,Basic,Churned,mcgeebrittany@example.org
CUST_03964,Thomas Hubbard,2023-10-11,Mid-Market,West,Basic,Active,doconnor@example.net
CUST_03965,Charles Guerra,2021-11-23,SMB,East,Basic,Churned,medinajamie@example.com
CUST_03966,Stephanie Douglas,2021-06-04,SMB,East,Basic,Churned,jmays@example.net
CUST_03967,Walter Kennedy,2021-10-23,SMB,North,Pro,Churned,christopher56@example.net
CUST_03968,Gregory Johnson,2024-02-17,Mid-Market,North,Enterprise,Active,zcook@example.net
CUST_03969,Caitlin Mendoza,2024-03-22,SMB,International,Enterprise,Active,smithstacy@example.net
CUST_03970,Roger Ramsey DVM,2022-09-04,Mid-Market,International,Basic,Active,nunezsherry@example.com
CUST_03971,Mark Ellis,2022-03-15,Mid-Market,West,Basic,Churned,robert07@example.net
CUST_03972,Nathaniel Norman,2021-03-14,Enterprise,East,Pro,Active,brandonross@example.com
CUST_03973,Kelly George,2022-03-17,Mid-Market,West,Pro,Churned,dakota45@example.com
CUST_03974,Christine Murray,2021-12-14,Enterprise,South,Pro,Churned,greentimothy@example.net
CUST_03975,Jeffrey Rose,2022-11-18,SMB,North,Enterprise,Active,ecole@example.net
CUST_03976,John Garcia,2021-10-05,Mid-Market,South,Enterprise,Churned,btorres@example.org
CUST_03977,Lawrence Diaz,2021-03-05,Mid-Market,East,Pro,Churned,tclark@example.org
CUST_03978,Ann Williams,2021-07-16,SMB,North,Pro,Active,jclark@example.org
CUST_03979,Brandy Moreno,2021-01-26,Enterprise,East,Enterprise,Churned,roy33@example.com
CUST_03980,Karen Allen,2021-03-12,SMB,North,Pro,Active,corysimpson@example.net
CUST_03981,Mr. Christopher Perry,2023-02-19,Mid-Market,North,Basic,Active,justin72@example.org
CUST_03982,Briana Ortega,2023-03-10,SMB,North,Pro,Active,stephaniemoses@example.com
CUST_03983,Alexander Brown,2022-10-10,Mid-Market,West,Basic,Active,kenneth08@example.net
CUST_03984,Mary Willis,2021-08-18,SMB,South,Basic,Active,ashleycrawford@example.net
CUST_03985,Joseph Mendoza,2021-05-21,Enterprise,West,Basic,Active,nicholas63@example.org
CUST_03986,Ricky Campbell,2021-04-21,Enterprise,North,Basic,Active,kelseybrown@example.org
CUST_03987,Donna Edwards,2021-09-27,Enterprise,South,Basic,Active,christine30@example.com
CUST_03988,Michelle Rodriguez,2022-12-03,Enterprise,North,Pro,Active,redwards@example.com
CUST_03989,Brittany Harvey,2021-02-04,SMB,North,Basic,Active,michaelboyd@example.com
CUST_03990,George Chavez,2023-08-30,Mid-Market,West,Enterprise,Active,crystal00@example.org
CUST_03991,Andrew Walker,2023-05-12,Mid-Market,West,Basic,Active,benjamin67@example.com
CUST_03992,Vanessa Garcia,2023-08-22,Mid-Market,International,Basic,Active,christian58@example.net
CUST_03993,Samantha Garcia,2024-02-16,SMB,South,Pro,Churned,kelseyhunter@example.org
CUST_03994,Jason Reynolds,2023-01-06,SMB,International,Basic,Active,hornjeff@example.org
CUST_03995,Juan Wise MD,2021-08-06,Mid-Market,North,Basic,Active,silvapatrick@example.org
CUST_03996,Gabriel Wells,2021-07-06,Enterprise,East,Enterprise,Active,maria44@example.com
CUST_03997,Charles Lloyd,2022-08-08,Mid-Market,International,Enterprise,Active,heather24@example.net
CUST_03998,Jenna Ramsey,2024-02-13,SMB,South,Enterprise,Active,mirandayoung@example.org
CUST_03999,Andrew Hahn,2021-09-17,SMB,West,Enterprise,Churned,gentryanthony@example.org
CUST_04000,James Matthews,2023-12-13,Mid-Market,North,Basic,Active,morakristin@example.net
CUST_04001,Maureen Ortiz,2023-06-17,SMB,West,Basic,Active,qmiller@example.com
CUST_04002,Rachel Marks,2024-03-17,SMB,East,Basic,Churned,rivaslisa@example.net
CUST_04003,Ethan Gould,2023-06-15,Mid-Market,North,Enterprise,Active,pamelabarber@example.com
CUST_04004,Maureen Lewis,2023-12-20,Enterprise,West,Pro,Active,novakjeffrey@example.org
CUST_04005,Craig Jones,2024-05-30,SMB,North,Enterprise,Active,rodriguezmichaela@example.net
CUST_04006,Emily Rush,2022-04-17,SMB,West,Enterprise,Churned,sandra32@example.com
CUST_04007,Jill Matthews,2021-03-22,Mid-Market,South,Pro,Active,collinsshannon@example.net
CUST_04008,Aaron Garner,2022-10-15,Enterprise,East,Pro,Active,romanraven@example.com
CUST_04009,Matthew Gordon,2021-05-16,Mid-Market,North,Pro,Active,chadgonzalez@example.com
CUST_04010,Heather Lozano,2021-10-31,Mid-Market,West,Pro,Active,leroy22@example.com
CUST_04011,William Greene,2022-03-23,Mid-Market,International,Basic,Churned,gibsonjoseph@example.org
CUST_04012,Willie Cole,2022-08-21,Enterprise,South,Pro,Active,christine99@example.net
CUST_04013,Larry Hall,2021-01-10,SMB,East,Pro,Churned,ericksonphillip@example.net
CUST_04014,Cody Mccoy,2021-07-04,SMB,East,Enterprise,Churned,chad60@example.org
CUST_04015,Peter Hayes,2021-07-09,Enterprise,North,Enterprise,Active,shelbywarner@example.net
CUST_04016,John Gould,2021-10-12,SMB,West,Pro,Active,christophercopeland@example.org
CUST_04017,Joseph Sullivan,2023-12-26,Mid-Market,West,Pro,Active,kenneth12@example.com
CUST_04018,Andrew Galvan,2021-04-02,SMB,West,Pro,Active,brownscott@example.net
CUST_04019,Kyle Mcdowell,2021-06-18,SMB,South,Pro,Active,ohampton@example.net
CUST_04020,Leslie Hicks,2022-06-13,SMB,East,Pro,Active,mcdonaldrachael@example.org
CUST_04021,Brian Mcneil,2024-04-22,Enterprise,East,Basic,Active,ayates@example.org
CUST_04022,Travis Hubbard,2021-07-18,SMB,North,Basic,Active,desireeedwards@example.com
CUST_04023,Rhonda Cabrera,2023-12-08,Mid-Market,International,Pro,Active,wallacedakota@example.org
CUST_04024,Kenneth Blake,2023-01-27,Mid-Market,East,Pro,Active,haneyjoshua@example.org
CUST_04025,Brandon Mitchell,2022-09-25,Mid-Market,East,Basic,Churned,duffylisa@example.com
CUST_04026,Jenny Ramirez,2021-01-25,Enterprise,West,Pro,Churned,jesusstanley@example.com
CUST_04027,Monica Mercer,2023-04-22,Mid-Market,South,Enterprise,Churned,nathaniel23@example.net
CUST_04028,Mrs. Meghan Cardenas,2022-05-28,Mid-Market,East,Enterprise,Active,michaelmeadows@example.org
CUST_04029,Michael Richards,2023-06-24,SMB,South,Basic,Churned,paulpowell@example.com
CUST_04030,James Rodriguez,2021-02-02,Enterprise,North,Basic,Active,dholland@example.org
CUST_04031,Jesse Nixon,2023-11-05,SMB,North,Pro,Churned,kathryn24@example.net
CUST_04032,Nathan Hickman Jr.,2022-08-15,Enterprise,South,Basic,Active,megan65@example.net
CUST_04033,Marc Glenn,2023-12-24,Enterprise,North,Enterprise,Active,qtran@example.org
CUST_04034,Blake Schaefer,2021-10-06,SMB,West,Pro,Active,joshuagonzalez@example.org
CUST_04035,Karen Lynch,2023-04-23,SMB,International,Basic,Active,bpineda@example.org
CUST_04036,Justin Garcia,2021-02-05,SMB,International,Basic,Churned,malloryford@example.org
CUST_04037,Mitchell Price,2024-02-21,Enterprise,International,Pro,Active,angel98@example.net
CUST_04038,Shawn Christensen,2023-05-08,SMB,East,Basic,Active,nturner@example.net
CUST_04039,Linda Smith,2022-12-10,SMB,International,Enterprise,Active,elaine55@example.com
CUST_04040,Shane Greene,2021-03-06,Mid-Market,South,Enterprise,Churned,johnanderson@example.net
CUST_04041,Annette Weaver,2023-04-17,SMB,South,Basic,Churned,vsanders@example.net
CUST_04042,Heidi Martinez,2023-07-28,Enterprise,East,Pro,Active,murphychristine@example.org
CUST_04043,Anthony Williams,2022-02-15,Enterprise,International,Enterprise,Active,bowerslaura@example.org
CUST_04044,Nicole Miller,2023-05-25,Enterprise,International,Pro,Churned,roger61@example.net
CUST_04045,Justin French,2023-12-27,Enterprise,International,Basic,Active,taylorchristopher@example.org
CUST_04046,Michael Hawkins,2022-10-28,Enterprise,South,Pro,Active,dianalee@example.com
CUST_04047,Jaime Berry,2022-06-14,SMB,International,Enterprise,Active,duranglenda@example.net
CUST_04048,Sarah Woods,2021-12-30,SMB,South,Enterprise,Active,emilyrobinson@example.org
CUST_04049,Dennis Martinez,2022-09-07,SMB,North,Pro,Active,pfry@example.net
CUST_04050,Savannah Mcmillan DVM,2022-04-30,SMB,North,Basic,Churned,ijones@example.org
CUST_04051,Patricia Moreno MD,2022-02-24,SMB,East,Pro,Active,andrewlewis@example.org
CUST_04052,Victoria Short,2022-12-18,Mid-Market,South,Enterprise,Active,castillobryan@example.net
CUST_04053,Michelle Poole,2021-12-13,Mid-Market,South,Pro,Churned,jakegreen@example.org
CUST_04054,Jessica Allen,2023-07-29,Mid-Market,West,Basic,Active,logangarrett@example.net
CUST_04055,Ryan Hamilton,2023-03-14,Mid-Market,North,Pro,Active,copelanddylan@example.net
CUST_04056,Michelle Gross,2023-03-31,SMB,South,Basic,Active,tiffanytaylor@example.net
CUST_04057,Stephen Trujillo,2023-06-25,SMB,North,Basic,Active,lbuck@example.com
CUST_04058,Cynthia Aguilar,2022-07-07,Mid-Market,East,Pro,Active,megan22@example.com
CUST_04059,Lucas Gill,2021-11-23,Mid-Market,North,Pro,Active,kevin84@example.org
CUST_04060,Nicole Patterson,2021-08-11,SMB,North,Basic,Active,hhunter@example.org
CUST_04061,Wesley Walker,2021-10-26,Mid-Market,International,Pro,Churned,mscott@example.net
CUST_04062,Erica Porter,2021-04-20,Mid-Market,North,Basic,Active,randalllogan@example.com
CUST_04063,Mary Benson,2021-11-09,Mid-Market,South,Pro,Active,khale@example.com
CUST_04064,Tanya Williams,2022-06-02,Mid-Market,East,Basic,Active,barbara20@example.net
CUST_04065,Tiffany Mckay,2021-12-19,SMB,South,Basic,Churned,ajackson@example.org
CUST_04066,Tracy Foster,2021-06-30,Mid-Market,West,Pro,Active,robinsonjames@example.net
CUST_04067,Joseph Smith,2022-02-05,Enterprise,East,Pro,Active,melvin99@example.net
CUST_04068,Julie Perez,2023-05-29,Enterprise,North,Basic,Active,ycordova@example.net
CUST_04069,Ronald Davila,2023-10-22,Mid-Market,West,Pro,Active,kathryn19@example.net
CUST_04070,Dawn Hayes,2023-11-25,SMB,North,Basic,Churned,jonestimothy@example.org
CUST_04071,Tracey Bryant MD,2023-04-10,SMB,International,Pro,Churned,whernandez@example.com
CUST_04072,Julie Jordan,2021-07-26,SMB,North,Basic,Active,martinstacy@example.com
CUST_04073,Caitlyn Clark,2022-09-29,Mid-Market,International,Basic,Active,danielsmichael@example.org
CUST_04074,Travis Lyons,2022-05-22,SMB,West,Basic,Active,courtneygamble@example.net
CUST_04075,John Nixon,2023-12-18,Enterprise,South,Pro,Active,laurenwilliams@example.com
CUST_04076,Kelly Harris,2023-11-01,SMB,North,Basic,Active,danaperez@example.com
CUST_04077,Dr. Donna Bailey,2022-02-17,SMB,North,Basic,Churned,aaronanderson@example.org
CUST_04078,Sarah Pierce,2021-04-12,Mid-Market,East,Enterprise,Churned,amyking@example.net
CUST_04079,Michael Moore,2022-09-02,SMB,North,Basic,Active,ngill@example.net
CUST_04080,Austin Weber,2023-10-14,SMB,North,Basic,Active,michael10@example.org
CUST_04081,Stacey Johnson,2023-04-30,SMB,West,Pro,Churned,montgomeryhaley@example.com
CUST_04082,Betty Wiley,2021-11-15,SMB,West,Enterprise,Active,hannahsmith@example.com
CUST_04083,Jesse Anderson,2021-04-15,SMB,East,Pro,Active,benjamin83@example.org
CUST_04084,Cheryl Nelson,2023-08-14,Mid-Market,South,Pro,Active,nataliebowman@example.org
CUST_04085,Erin Harris MD,2021-09-04,Mid-Market,North,Basic,Churned,jsaunders@example.net
CUST_04086,Larry Pitts,2021-12-06,SMB,South,Basic,Active,bwalker@example.com
CUST_04087,Sara Ruiz,2023-06-28,Enterprise,East,Enterprise,Active,albert30@example.com
CUST_04088,Theodore Brown,2021-04-26,Enterprise,East,Basic,Active,priceryan@example.com
CUST_04089,April Jennings,2021-02-26,SMB,North,Enterprise,Active,kelly58@example.org
CUST_04090,Nicholas Davis,2021-11-13,SMB,East,Enterprise,Churned,levans@example.com
CUST_04091,Carolyn Smith,2023-02-26,Mid-Market,West,Pro,Active,kennethwilson@example.org
CUST_04092,Albert Bishop,2022-11-25,SMB,North,Basic,Active,tgilbert@example.com
CUST_04093,Nathan Lee,2021-08-06,Enterprise,East,Enterprise,Active,mary55@example.org
CUST_04094,Melissa Anderson,2024-01-30,Enterprise,East,Enterprise,Active,nguyenmary@example.org
CUST_04095,Miss Makayla Young,2021-01-31,Mid-Market,East,Enterprise,Churned,jody47@example.com
CUST_04096,Gerald Berg,2021-10-04,Mid-Market,North,Enterprise,Active,caitlinwilliams@example.org
CUST_04097,Thomas Parsons,2021-09-06,Mid-Market,International,Basic,Active,luis62@example.com
CUST_04098,Joshua Medina,2023-02-23,Enterprise,East,Enterprise,Active,fwilliams@example.com
CUST_04099,Kevin Montes,2021-02-10,SMB,West,Basic,Active,scotttamara@example.net
CUST_04100,Katie Mann,2021-08-31,Mid-Market,North,Pro,Active,iwilson@example.com
CUST_04101,Stephen Bridges,2021-10-18,SMB,South,Enterprise,Churned,gregoryfrey@example.org
CUST_04102,Michael Moyer,2022-09-03,Enterprise,South,Basic,Active,donna59@example.org
CUST_04103,Noah Gomez,2022-03-22,Mid-Market,International,Basic,Active,cramos@example.com
CUST_04104,Vickie Davis,2023-12-07,Enterprise,West,Enterprise,Active,kristenmayo@example.net
CUST_04105,Michael Blake,2021-08-19,SMB,West,Basic,Active,jjenkins@example.com
CUST_04106,Erika Parrish,2022-08-23,SMB,South,Pro,Active,millerpaul@example.net
CUST_04107,Stephanie Kelly,2023-05-21,Mid-Market,International,Basic,Active,cbuck@example.org
CUST_04108,Mary Brandt,2022-04-14,SMB,South,Enterprise,Churned,darrenharris@example.com
CUST_04109,Linda Bennett,2023-01-17,Enterprise,South,Enterprise,Active,sextonjames@example.com
CUST_04110,Paul Anderson,2023-04-08,SMB,West,Enterprise,Active,adrianmcneil@example.com
CUST_04111,Steven Yang,2022-11-07,Mid-Market,International,Pro,Active,jessicaarmstrong@example.net
CUST_04112,Stephen Singleton,2021-08-31,SMB,South,Basic,Active,stevenschultz@example.com
CUST_04113,Taylor Gaines,2021-11-15,Mid-Market,South,Pro,Active,jasonrhodes@example.net
CUST_04114,Kelly Gomez,2021-09-08,SMB,South,Pro,Active,williamgross@example.net
CUST_04115,Kayla Hunt,2021-08-16,Mid-Market,West,Basic,Churned,paynekatie@example.org
CUST_04116,Julie Horton,2022-11-06,SMB,International,Enterprise,Active,josephpeggy@example.org
CUST_04117,Julie Crawford,2023-10-17,Enterprise,West,Pro,Active,christina94@example.com
CUST_04118,Michael Day,2021-04-04,Mid-Market,South,Basic,Active,molly44@example.org
CUST_04119,Amanda Powell,2023-02-25,SMB,North,Pro,Churned,juliataylor@example.net
CUST_04120,Gwendolyn Pena,2023-01-28,Mid-Market,West,Basic,Active,kayla59@example.org
CUST_04121,Amanda Mcbride,2023-01-04,Mid-Market,North,Pro,Churned,john98@example.org
CUST_04122,Kelli Blevins,2023-10-22,Enterprise,North,Pro,Active,murraycatherine@example.net
CUST_04123,Helen Wyatt,2023-09-12,Mid-Market,West,Enterprise,Active,oromero@example.net
CUST_04124,Jason Andersen MD,2021-05-06,SMB,West,Basic,Churned,twoods@example.org
CUST_04125,Megan Burns DVM,2021-02-02,SMB,North,Basic,Active,brianramos@example.net
CUST_04126,Michael Owens,2022-09-10,SMB,North,Basic,Active,rdavis@example.net
CUST_04127,Emily Johnson,2021-04-13,Mid-Market,North,Pro,Churned,vasquezamanda@example.com
CUST_04128,Brittany Gonzalez,2023-12-18,Mid-Market,West,Basic,Active,justin33@example.com
CUST_04129,Lindsey Anderson,2022-09-07,Enterprise,East,Pro,Active,evelyn02@example.org
CUST_04130,Zachary Taylor,2023-07-02,Mid-Market,North,Pro,Active,kedwards@example.com
CUST_04131,Michael Page,2021-05-19,Mid-Market,East,Basic,Active,mitchellshannon@example.com
CUST_04132,Amy Taylor,2024-01-29,SMB,North,Enterprise,Active,johnolson@example.org
CUST_04133,Ricky Rivera,2024-05-21,Mid-Market,North,Pro,Churned,richardsjennifer@example.com
CUST_04134,Michael Hatfield,2023-09-01,SMB,East,Pro,Active,gentryeduardo@example.org
CUST_04135,John Jones,2022-06-24,Mid-Market,North,Pro,Active,qmccann@example.com
CUST_04136,Rebecca Lloyd,2022-04-24,SMB,East,Enterprise,Churned,mirandadaniel@example.net
CUST_04137,Matthew Davis,2022-06-16,SMB,West,Enterprise,Churned,timoconnor@example.org
CUST_04138,Erika Kim,2024-05-21,SMB,International,Pro,Active,jgarcia@example.org
CUST_04139,Susan Weaver,2022-11-02,SMB,West,Pro,Active,dianachen@example.com
CUST_04140,Douglas Grant,2022-10-06,Mid-Market,West,Enterprise,Active,john04@example.com
CUST_04141,Robert Peterson,2023-08-29,SMB,East,Basic,Active,brent63@example.net
CUST_04142,Aaron Jimenez,2022-06-06,SMB,South,Pro,Churned,sandra33@example.net
CUST_04143,Jason Andersen,2022-05-10,SMB,International,Pro,Active,bakermadison@example.org
CUST_04144,Christopher Harmon,2022-03-07,SMB,North,Basic,Active,richardbennett@example.net
CUST_04145,Dr. Tiffany Coleman,2022-01-05,SMB,West,Basic,Churned,whitegina@example.org
CUST_04146,Jeremy Rush,2021-07-31,Mid-Market,North,Enterprise,Churned,moralesstephen@example.net
CUST_04147,Mason Moon,2023-10-01,Enterprise,South,Pro,Active,hardincarlos@example.com
CUST_04148,Carrie Brown,2021-04-28,Enterprise,South,Pro,Active,johnnycarr@example.com
CUST_04149,John Martin,2022-08-15,Mid-Market,South,Enterprise,Active,reyesjessica@example.net
CUST_04150,Melissa Fischer,2023-02-07,SMB,North,Pro,Churned,briannareid@example.org
CUST_04151,Brooke Gillespie,2022-03-01,Enterprise,East,Pro,Active,danielhorn@example.org
CUST_04152,Bradley Thompson,2023-04-27,SMB,International,Basic,Active,dwilliams@example.net
CUST_04153,Charles Hall,2022-06-30,SMB,North,Enterprise,Churned,rwallace@example.org
CUST_04154,Anthony Mitchell,2023-05-15,Mid-Market,North,Pro,Active,travis88@example.com
CUST_04155,Stephanie Mahoney,2021-02-09,SMB,International,Pro,Active,rossedward@example.net
CUST_04156,Sandra Burgess,2023-07-02,SMB,International,Basic,Active,choitina@example.org
CUST_04157,Kenneth Brown,2021-03-09,Enterprise,North,Basic,Active,jonathan65@example.net
CUST_04158,Brenda Ibarra,2022-01-11,Mid-Market,West,Basic,Active,kortiz@example.com
CUST_04159,Samantha Lucas,2023-06-22,Mid-Market,International,Pro,Churned,scott45@example.org
CUST_04160,Daniel Pierce,2024-02-12,Mid-Market,International,Pro,Churned,taylor88@example.com
CUST_04161,Aaron Terry,2022-10-28,Mid-Market,West,Pro,Active,robert77@example.com
CUST_04162,Amy Hamilton,2024-02-01,Mid-Market,West,Basic,Active,rebeccapalmer@example.net
CUST_04163,Thomas Gardner,2021-09-18,SMB,East,Basic,Active,raymondbrown@example.net
CUST_04164,Robert Thomas,2021-06-28,Mid-Market,North,Enterprise,Churned,emcdaniel@example.net
CUST_04165,Jamie Wilson,2021-04-08,SMB,North,Enterprise,Churned,smithjames@example.com
CUST_04166,Jose Coleman,2023-06-01,SMB,North,Enterprise,Active,paul68@example.net
CUST_04167,Dakota Vaughn,2023-07-19,SMB,West,Pro,Active,egray@example.net
CUST_04168,Makayla Thomas,2024-04-19,SMB,International,Basic,Active,priscillabeard@example.com
CUST_04169,Michael Allen,2023-07-17,SMB,South,Pro,Active,emily41@example.com
CUST_04170,Angela Munoz,2021-01-06,SMB,South,Pro,Active,angela87@example.org
CUST_04171,Bailey Smith,2021-02-14,SMB,South,Basic,Churned,gtucker@example.com
CUST_04172,John Banks,2024-03-03,SMB,International,Pro,Active,ruizjustin@example.com
CUST_04173,Jeff Kelley,2021-06-09,SMB,North,Pro,Active,jessica96@example.com
CUST_04174,Maria Carter,2022-05-03,SMB,International,Enterprise,Active,santiagomark@example.org
CUST_04175,Timothy Duncan,2024-04-12,Mid-Market,International,Pro,Active,williamstaylor@example.org
CUST_04176,Norman Johnson Jr.,2022-02-27,SMB,North,Basic,Churned,brandon54@example.net
CUST_04177,Michael Conrad,2021-11-12,SMB,North,Basic,Active,jacquelinewilliamson@example.org
CUST_04178,William Jackson,2021-05-02,SMB,South,Enterprise,Churned,ndiaz@example.net
CUST_04179,Matthew Craig,2022-11-04,SMB,South,Basic,Active,danielle96@example.com
CUST_04180,Nicole Hayes,2024-04-04,SMB,International,Basic,Active,jonathan25@example.org
CUST_04181,Michael Gilbert,2022-03-03,SMB,West,Pro,Active,elizabeth20@example.com
CUST_04182,Duane Bailey,2022-08-27,SMB,International,Basic,Active,scottwilliams@example.net
CUST_04183,Anna Villanueva,2021-01-15,Mid-Market,South,Basic,Active,johnpineda@example.net
CUST_04184,Sheena Clarke,2022-04-18,Enterprise,West,Pro,Active,xfigueroa@example.net
CUST_04185,Jamie Wilson,2021-07-05,SMB,West,Enterprise,Churned,awang@example.net
CUST_04186,Jon Davis,2024-05-10,SMB,South,Pro,Active,qturner@example.org
CUST_04187,Kelly Gilbert,2021-04-26,SMB,East,Pro,Churned,fblack@example.com
CUST_04188,Logan Robertson,2023-09-13,Mid-Market,North,Pro,Active,stephanierobles@example.net
CUST_04189,Douglas Williams,2021-01-31,SMB,North,Basic,Active,sean45@example.org
CUST_04190,Laura Kim,2024-03-05,SMB,East,Enterprise,Churned,jonathanhubbard@example.com
CUST_04191,Jeremy Garza,2024-04-15,Mid-Market,West,Pro,Churned,valenzuelachristopher@example.org
CUST_04192,Kelly Owen,2023-09-14,Mid-Market,North,Basic,Active,haydenjohn@example.net
CUST_04193,Jorge Spencer,2022-07-16,SMB,South,Basic,Active,candace21@example.org
CUST_04194,Kenneth Wilson,2023-03-28,Mid-Market,East,Enterprise,Active,brianhopkins@example.net
CUST_04195,Marilyn Steele,2023-05-22,Enterprise,West,Enterprise,Active,richbill@example.org
CUST_04196,Scott Baker,2024-04-29,SMB,North,Basic,Churned,christina72@example.org
CUST_04197,Gary Payne,2021-10-09,SMB,South,Pro,Churned,lynnholmes@example.com
CUST_04198,Kimberly Garcia,2022-04-17,Mid-Market,North,Pro,Active,tanyanash@example.com
CUST_04199,Michael Lynch,2021-10-13,Mid-Market,South,Basic,Churned,sean60@example.com
CUST_04200,David Bryant,2021-04-12,SMB,West,Basic,Active,olsonamy@example.com
CUST_04201,Victoria Hobbs,2021-10-14,Mid-Market,East,Enterprise,Active,bakerchristian@example.org
CUST_04202,Mr. Robert Cooper Jr.,2022-05-30,SMB,West,Basic,Active,rodneylin@example.com
CUST_04203,Kathy Banks,2022-06-05,Mid-Market,East,Basic,Active,ilawrence@example.net
CUST_04204,John Carter,2021-08-13,SMB,East,Pro,Active,william74@example.org
CUST_04205,Aaron Hull,2024-01-17,SMB,South,Enterprise,Active,jenniferperkins@example.net
CUST_04206,Mrs. Stephanie Smith,2024-03-22,Enterprise,South,Pro,Active,sydney62@example.net
CUST_04207,Matthew Brown,2024-04-22,Mid-Market,North,Basic,Active,johnhuang@example.net
CUST_04208,Ashley Pittman,2021-04-28,Mid-Market,International,Basic,Churned,kristin79@example.org
CUST_04209,Richard Bailey,2023-06-07,SMB,South,Pro,Churned,morsechad@example.com
CUST_04210,Robert Taylor,2023-01-06,SMB,East,Basic,Active,jacquelineallen@example.org
CUST_04211,Roberta Johnson,2022-10-19,SMB,East,Enterprise,Active,qrogers@example.net
CUST_04212,Eugene Hall,2021-12-19,SMB,South,Pro,Churned,tjohnson@example.org
CUST_04213,Thomas Allen,2024-04-12,SMB,North,Basic,Active,lewisscott@example.net
CUST_04214,Stephen Santos,2022-10-16,Mid-Market,International,Enterprise,Active,ajones@example.net
CUST_04215,Diane Bryant,2021-11-22,Enterprise,North,Pro,Active,robert11@example.org
CUST_04216,Christine Hale,2022-01-11,SMB,North,Basic,Active,lstephens@example.net
CUST_04217,Kimberly Yates,2022-09-07,SMB,South,Enterprise,Active,ubutler@example.net
CUST_04218,Hannah Hensley,2022-01-05,SMB,West,Basic,Active,william63@example.com
CUST_04219,Michael Phillips,2022-05-19,Enterprise,West,Enterprise,Active,martinmelissa@example.net
CUST_04220,Gina Jones,2021-01-24,Enterprise,North,Pro,Active,robinmills@example.net
CUST_04221,Kevin Pruitt,2023-06-28,SMB,South,Pro,Churned,mary94@example.com
CUST_04222,Michelle Fox,2022-12-03,Mid-Market,International,Basic,Active,gregory82@example.net
CUST_04223,Wanda Cole,2022-01-15,Enterprise,South,Pro,Churned,murphybradley@example.org
CUST_04224,Sara Jackson,2022-04-20,SMB,North,Pro,Active,udavis@example.org
CUST_04225,Christopher Smith,2022-05-19,Enterprise,East,Enterprise,Active,hduffy@example.com
CUST_04226,Beth Ramos,2022-09-03,Mid-Market,North,Pro,Active,igardner@example.com
CUST_04227,Michaela Strickland,2021-01-12,Enterprise,North,Enterprise,Active,thomasrice@example.net
CUST_04228,Allen Sanchez,2023-08-03,Mid-Market,East,Basic,Active,wagnerroberta@example.com
CUST_04229,Sandra Kim,2023-05-07,Enterprise,South,Basic,Active,fryeadrian@example.org
CUST_04230,Crystal Walker,2023-03-12,Enterprise,International,Enterprise,Active,lisa57@example.org
CUST_04231,Jeffery Lee,2021-01-31,SMB,South,Pro,Active,micheleyork@example.com
CUST_04232,Dr. Andrew Scott II,2021-07-04,Mid-Market,South,Basic,Active,janice73@example.org
CUST_04233,Patty Walker,2021-08-16,Mid-Market,North,Basic,Active,georgecooper@example.com
CUST_04234,Alison Fletcher,2021-01-26,SMB,South,Basic,Active,bobby25@example.com
CUST_04235,Terry Boyd,2023-06-11,SMB,West,Basic,Churned,tinaflynn@example.com
CUST_04236,Elaine Garcia,2022-07-20,SMB,South,Pro,Active,imaddox@example.org
CUST_04237,Kevin Walsh,2022-01-01,Mid-Market,North,Enterprise,Active,ricardo73@example.net
CUST_04238,Richard Russo,2023-05-11,SMB,South,Basic,Active,tfranklin@example.com
CUST_04239,Tammy Baker,2022-05-30,SMB,West,Pro,Active,oporter@example.org
CUST_04240,Christopher Charles,2023-05-28,Mid-Market,West,Enterprise,Active,justinguzman@example.com
CUST_04241,Tamara Kim,2024-02-02,SMB,North,Enterprise,Active,hopkinsrodney@example.org
CUST_04242,Lucas Case,2024-03-02,SMB,East,Enterprise,Churned,susan64@example.org
CUST_04243,Alexander Peters MD,2022-08-11,Mid-Market,International,Basic,Active,millersherry@example.org
CUST_04244,Tyler Johnston,2023-10-14,Mid-Market,South,Basic,Churned,bensonjohn@example.net
CUST_04245,Dr. James Stephens II,2022-02-07,Mid-Market,South,Pro,Active,ddunn@example.com
CUST_04246,Kimberly Bolton,2021-01-23,Mid-Market,East,Basic,Churned,fernandezandre@example.org
CUST_04247,Daniel Bryant,2022-04-07,SMB,South,Enterprise,Active,markellis@example.org
CUST_04248,Joanna Martin,2022-07-30,SMB,East,Pro,Active,ujones@example.com
CUST_04249,Jeffrey Oliver,2022-06-30,Mid-Market,West,Pro,Churned,lterry@example.net
CUST_04250,Heather Simpson,2022-04-11,Enterprise,East,Enterprise,Active,cheryl55@example.org
CUST_04251,Erika Wong,2022-07-03,Mid-Market,East,Enterprise,Churned,tanderson@example.net
CUST_04252,Brian Palmer,2024-04-23,Mid-Market,South,Basic,Active,priscilla83@example.net
CUST_04253,Christopher Edwards,2023-09-04,SMB,West,Basic,Active,douglas07@example.net
CUST_04254,Maria Mason,2023-04-21,Mid-Market,South,Pro,Active,fosterlawrence@example.org
CUST_04255,Michelle Davis,2023-12-07,Mid-Market,International,Pro,Active,travis45@example.org
CUST_04256,Dan Clarke,2021-06-18,Mid-Market,West,Basic,Active,thomascruz@example.net
CUST_04257,Julie Johnson,2023-05-02,SMB,International,Pro,Churned,kevinbrown@example.net
CUST_04258,Scott Jackson,2023-03-06,Mid-Market,West,Pro,Active,floydjoann@example.com
CUST_04259,Donna Doyle,2021-05-18,Mid-Market,International,Enterprise,Active,brandilutz@example.com
CUST_04260,Mathew Bauer,2023-11-26,Mid-Market,East,Pro,Active,johnstonchristopher@example.net
CUST_04261,Juan Williams,2023-09-01,SMB,North,Enterprise,Active,michaelarmstrong@example.net
CUST_04262,Michelle Campbell,2023-11-25,Mid-Market,North,Enterprise,Active,qfranklin@example.org
CUST_04263,Thomas Young,2024-02-26,Enterprise,West,Pro,Active,markrussell@example.org
CUST_04264,Linda Blevins,2023-05-28,Mid-Market,South,Basic,Churned,harriskevin@example.net
CUST_04265,Deborah Shaw,2022-07-01,SMB,North,Basic,Active,thomas33@example.net
CUST_04266,Loretta Holt,2023-09-17,SMB,North,Basic,Active,apatterson@example.org
CUST_04267,David Weiss,2021-09-04,SMB,South,Basic,Active,tateedward@example.org
CUST_04268,Sonya Zimmerman,2023-09-01,Enterprise,South,Pro,Active,mcknightbenjamin@example.com
CUST_04269,Elizabeth Johnson,2023-11-15,SMB,East,Enterprise,Active,hawkinsdeanna@example.net
CUST_04270,James Jenkins,2022-11-06,SMB,North,Pro,Active,eric19@example.org
CUST_04271,Sheila Johnson,2022-02-25,SMB,East,Basic,Active,chadrobinson@example.com
CUST_04272,Justin Velasquez,2023-11-21,Mid-Market,North,Pro,Active,clintonhaley@example.org
CUST_04273,Sierra Garrett,2023-03-30,SMB,East,Pro,Churned,tbrown@example.net
CUST_04274,Wanda Pruitt,2021-02-14,SMB,East,Enterprise,Active,smithdiana@example.net
CUST_04275,Kristine Montgomery,2021-08-30,SMB,North,Pro,Active,uroberts@example.org
CUST_04276,Nathan Harrington,2021-06-09,Enterprise,East,Pro,Active,hinesvalerie@example.com
CUST_04277,Deborah Richardson,2023-03-12,Mid-Market,North,Pro,Active,rubiochase@example.net
CUST_04278,James Brown,2021-11-30,SMB,South,Enterprise,Active,wchavez@example.net
CUST_04279,Michael Delgado,2022-01-28,SMB,North,Enterprise,Active,jeremypetersen@example.net
CUST_04280,James Conley,2021-06-14,SMB,West,Basic,Active,gmoyer@example.net
CUST_04281,Matthew Farrell,2021-09-03,SMB,North,Pro,Active,stewartpamela@example.com
CUST_04282,Tricia Finley,2022-02-22,Mid-Market,International,Basic,Active,nheath@example.org
CUST_04283,Sergio Johnson,2021-01-13,Mid-Market,West,Basic,Active,brittney46@example.net
CUST_04284,Tracy Sanders,2023-04-10,SMB,South,Basic,Active,michelletaylor@example.org
CUST_04285,Joel Johnson,2024-01-02,Mid-Market,West,Basic,Active,harmonlucas@example.org
CUST_04286,Lauren Delacruz,2022-05-02,SMB,North,Enterprise,Active,hillbrandon@example.com
CUST_04287,Clayton Evans,2021-02-09,Mid-Market,East,Enterprise,Churned,lloydrichard@example.net
CUST_04288,Elaine Keith,2023-07-10,Mid-Market,International,Pro,Churned,cindycurtis@example.org
CUST_04289,Kyle Smith,2024-01-09,Mid-Market,East,Basic,Active,hlopez@example.com
CUST_04290,Sara Thomas,2021-11-29,Enterprise,East,Basic,Active,andrea54@example.com
CUST_04291,Seth Lewis,2022-07-24,Mid-Market,East,Pro,Active,shannonstephanie@example.org
CUST_04292,Tamara Stone,2021-06-04,Mid-Market,North,Basic,Active,kimberlyyoung@example.com
CUST_04293,Susan Kelley,2021-01-12,SMB,East,Pro,Active,kgonzalez@example.net
CUST_04294,Troy Patel,2021-08-22,Mid-Market,West,Pro,Active,scottjoe@example.com
CUST_04295,Joseph Gutierrez,2021-04-17,SMB,West,Pro,Churned,zachary74@example.org
CUST_04296,John Davis,2021-10-18,SMB,West,Basic,Active,rossdaniel@example.com
CUST_04297,Christopher Ramos,2023-07-09,SMB,North,Basic,Active,qjohnson@example.com
CUST_04298,Abigail Garcia,2021-11-16,Enterprise,East,Basic,Active,johnny15@example.com
CUST_04299,Brian Collins,2021-03-05,Mid-Market,North,Pro,Active,jacquelinesnow@example.org
CUST_04300,James Garcia,2021-05-15,SMB,International,Pro,Active,mlowery@example.com
CUST_04301,Jose Jackson,2023-04-30,Mid-Market,East,Pro,Active,pattonmatthew@example.net
CUST_04302,Jamie Bell,2023-12-15,SMB,West,Enterprise,Active,gregory68@example.org
CUST_04303,Paul Buckley,2021-10-29,SMB,North,Pro,Active,vincentdavis@example.com
CUST_04304,Christina Wiley,2022-01-12,SMB,International,Enterprise,Active,crystal54@example.com
CUST_04305,Heather Jenkins,2024-01-11,SMB,North,Basic,Churned,ojohnson@example.org
CUST_04306,Anna Moses,2023-02-28,SMB,West,Pro,Active,edwinrowe@example.org
CUST_04307,Jamie Matthews,2021-02-01,Mid-Market,South,Pro,Active,gloria17@example.net
CUST_04308,Christine Yates,2021-09-03,SMB,North,Enterprise,Active,amandabarrett@example.org
CUST_04309,Erika Shelton,2023-05-13,SMB,International,Enterprise,Churned,ysmith@example.net
CUST_04310,Allen Moran,2022-10-30,SMB,South,Basic,Active,russellsamantha@example.com
CUST_04311,Brian Lopez,2022-11-16,Mid-Market,East,Pro,Active,melissa03@example.com
CUST_04312,Lori Hoffman,2021-06-16,SMB,International,Enterprise,Churned,monicaali@example.com
CUST_04313,Michael Thompson,2021-10-20,SMB,West,Basic,Churned,vreilly@example.net
CUST_04314,Gabriela Mckinney,2021-02-08,SMB,South,Basic,Active,lisa95@example.com
CUST_04315,Paul Patterson,2023-01-16,SMB,North,Basic,Churned,kelly17@example.net
CUST_04316,Heather Graham,2023-04-10,Mid-Market,East,Enterprise,Active,gcooper@example.org
CUST_04317,Ashley Rasmussen,2023-07-09,SMB,East,Basic,Churned,wongsean@example.com
CUST_04318,Kevin Logan,2021-09-30,SMB,South,Basic,Active,brenda35@example.net
CUST_04319,Jason Lewis,2022-04-01,SMB,South,Basic,Active,madelinehenderson@example.net
CUST_04320,Katelyn Davis,2023-12-28,Mid-Market,North,Pro,Active,brownsean@example.com
CUST_04321,Theresa Martinez,2021-02-03,SMB,South,Enterprise,Active,daisy57@example.com
CUST_04322,Nancy Allen,2023-11-11,SMB,South,Enterprise,Active,morgan94@example.net
CUST_04323,Michael Castaneda,2023-10-18,Enterprise,East,Enterprise,Active,colleenvance@example.org
CUST_04324,Gregory Hernandez,2021-11-08,Mid-Market,South,Enterprise,Active,daniellewebb@example.net
CUST_04325,Kaitlyn Howard,2023-04-06,SMB,North,Basic,Active,kbarrett@example.net
CUST_04326,Daniel Hull,2022-08-05,SMB,East,Pro,Active,ymcclure@example.com
CUST_04327,Tiffany Kennedy,2023-09-20,Enterprise,East,Pro,Active,petersonann@example.net
CUST_04328,Amy Warren,2021-04-14,SMB,North,Pro,Active,rmoyer@example.net
CUST_04329,Diamond Randolph,2023-04-22,Mid-Market,North,Pro,Active,freemanbarbara@example.org
CUST_04330,Barbara Turner MD,2023-07-19,Enterprise,South,Basic,Active,patrick11@example.net
CUST_04331,Daisy Chang,2022-12-08,SMB,North,Pro,Active,tcox@example.org
CUST_04332,Elizabeth Hull,2021-11-13,SMB,International,Enterprise,Active,susanli@example.net
CUST_04333,Kimberly Pearson,2022-05-23,SMB,West,Enterprise,Churned,tara23@example.com
CUST_04334,Miss Tracy Hansen DVM,2023-03-30,SMB,International,Pro,Active,dellis@example.com
CUST_04335,Stacy Chen,2023-02-02,SMB,East,Pro,Active,john51@example.org
CUST_04336,Matthew Wise,2023-12-12,Mid-Market,North,Basic,Churned,piercefrank@example.org
CUST_04337,Kenneth Richards,2024-05-30,SMB,South,Enterprise,Active,awade@example.net
CUST_04338,Joshua Ward,2022-01-24,Enterprise,East,Basic,Active,andrealewis@example.net
CUST_04339,Heather Brown,2021-01-21,SMB,North,Basic,Churned,richard82@example.org
CUST_04340,April Smith,2023-08-14,SMB,North,Basic,Active,wsmith@example.net
CUST_04341,Victoria Griffin,2021-05-18,Enterprise,West,Pro,Active,tonyfrank@example.net
CUST_04342,Nicole Butler,2021-03-11,Mid-Market,North,Pro,Active,lwalton@example.org
CUST_04343,Jonathan Pittman,2021-08-31,SMB,North,Pro,Churned,duncanpamela@example.net
CUST_04344,Jonathan Wheeler,2024-01-19,SMB,South,Pro,Active,tvasquez@example.net
CUST_04345,Jason Sutton,2022-11-02,Enterprise,South,Pro,Active,ebailey@example.com
CUST_04346,Debra Peterson,2021-10-05,Mid-Market,West,Basic,Active,scott67@example.com
CUST_04347,Donald Ayala,2021-11-06,Enterprise,West,Pro,Churned,waynegriffin@example.net
CUST_04348,John Bell,2024-03-13,Mid-Market,North,Basic,Active,leematthew@example.org
CUST_04349,Amy Kim,2021-07-29,SMB,International,Pro,Active,randyfrey@example.org
CUST_04350,Calvin Paul,2024-03-10,Mid-Market,South,Enterprise,Active,michael57@example.org
CUST_04351,Logan Baldwin,2021-03-11,SMB,International,Pro,Active,duartesteven@example.com
CUST_04352,Amanda James,2021-01-09,SMB,North,Pro,Churned,christopher85@example.org
CUST_04353,Denise Ross,2023-07-08,SMB,International,Basic,Active,irichardson@example.com
CUST_04354,Christina Wolf,2022-11-14,Mid-Market,South,Enterprise,Active,brownlauren@example.org
CUST_04355,Thomas Russell,2022-08-18,Mid-Market,International,Enterprise,Active,jamesvasquez@example.org
CUST_04356,David Hernandez,2023-10-03,Enterprise,International,Basic,Active,heidi28@example.org
CUST_04357,Steven Wall,2022-02-02,SMB,International,Basic,Active,tylerthompson@example.com
CUST_04358,Christine Johnson,2021-04-17,SMB,North,Enterprise,Active,jennifersummers@example.net
CUST_04359,Stacey Smith,2022-12-18,SMB,North,Pro,Churned,douglas34@example.org
CUST_04360,Jeremy Adams,2022-01-03,Mid-Market,West,Enterprise,Active,jesusgill@example.net
CUST_04361,Mark Eaton,2024-04-10,Enterprise,East,Basic,Active,amandarichardson@example.net
CUST_04362,Angela Ward,2022-03-07,Enterprise,East,Basic,Active,omacdonald@example.org
CUST_04363,Daniel Garcia,2022-09-28,Mid-Market,West,Pro,Active,karen17@example.com
CUST_04364,Janice Smith,2022-07-09,Mid-Market,North,Pro,Active,tphillips@example.com
CUST_04365,Nicholas Vazquez,2021-09-21,Enterprise,East,Pro,Active,richardsonelizabeth@example.net
CUST_04366,Julie Barnett,2021-01-11,Mid-Market,International,Basic,Active,uroberts@example.org
CUST_04367,Lori Cole,2024-05-30,SMB,West,Basic,Churned,xboyd@example.net
CUST_04368,Nicholas Anderson,2024-02-16,SMB,International,Basic,Active,cynthiaarmstrong@example.org
CUST_04369,Lisa Lawson,2021-12-07,SMB,West,Basic,Active,ericamiller@example.com
CUST_04370,Christopher Wheeler,2022-01-30,SMB,South,Basic,Active,katherine65@example.com
CUST_04371,Melanie Luna,2022-12-27,Enterprise,East,Enterprise,Active,martinfoster@example.com
CUST_04372,Nancy Warren,2021-07-15,Mid-Market,North,Pro,Active,powellstephen@example.com
CUST_04373,John Pitts PhD,2023-03-15,SMB,West,Basic,Active,jwright@example.net
CUST_04374,Luis Zamora,2021-04-07,Mid-Market,International,Pro,Active,hallmatthew@example.com
CUST_04375,John Jackson,2024-04-18,SMB,South,Basic,Churned,nguyenashlee@example.com
CUST_04376,Michael Phillips,2022-10-01,SMB,South,Basic,Churned,mperez@example.com
CUST_04377,Sylvia Roberts,2024-05-22,Mid-Market,West,Basic,Active,angelabailey@example.net
CUST_04378,Jack Osborne,2024-01-11,SMB,North,Basic,Churned,james70@example.net
CUST_04379,Andre Hernandez PhD,2021-03-23,Mid-Market,West,Basic,Active,batesjill@example.com
CUST_04380,Jamie Bennett,2022-07-25,Mid-Market,East,Enterprise,Active,michaelmyers@example.com
CUST_04381,Michael Lopez,2024-01-12,SMB,South,Basic,Churned,justinwagner@example.com
CUST_04382,Linda Jones,2021-07-05,Mid-Market,West,Basic,Active,gsmith@example.net
CUST_04383,Larry Turner,2022-02-28,Mid-Market,West,Pro,Active,ufoster@example.org
CUST_04384,Christine Trevino,2022-02-14,SMB,South,Basic,Churned,roberttorres@example.com
CUST_04385,Kristin Duncan,2021-02-12,Mid-Market,South,Enterprise,Active,elizabethpalmer@example.net
CUST_04386,Todd Davis,2023-06-04,SMB,West,Basic,Active,ynorton@example.net
CUST_04387,Linda Simpson,2021-03-29,SMB,East,Enterprise,Active,xcarter@example.net
CUST_04388,Holly Herring,2021-07-09,Enterprise,North,Pro,Active,smithmichael@example.com
CUST_04389,Michelle Barnes,2022-08-01,SMB,International,Pro,Active,jonathan73@example.net
CUST_04390,Cynthia Alexander,2021-10-25,Enterprise,International,Basic,Active,manningkristin@example.net
CUST_04391,Jonathan Armstrong,2024-02-08,Mid-Market,East,Basic,Active,paul51@example.net
CUST_04392,Joshua Shannon,2022-01-17,Enterprise,South,Basic,Active,lramos@example.net
CUST_04393,Kimberly Young,2023-07-21,Enterprise,North,Pro,Active,qhill@example.com
CUST_04394,Robert Romero,2022-04-08,SMB,North,Basic,Active,wesleyfoster@example.net
CUST_04395,Chase Williams,2022-07-13,SMB,East,Basic,Active,zramirez@example.net
CUST_04396,Carol Arias,2021-04-27,Mid-Market,West,Pro,Active,kim35@example.com
CUST_04397,Linda Thompson,2022-02-07,SMB,North,Pro,Churned,lopezcurtis@example.com
CUST_04398,Rodney Gordon,2024-03-18,SMB,West,Basic,Active,smithamy@example.org
CUST_04399,Eric Howell,2023-09-23,Mid-Market,International,Basic,Active,tsimmons@example.net
CUST_04400,Christy Powell,2022-05-24,SMB,South,Basic,Active,bhill@example.net
CUST_04401,Barbara Harmon,2022-04-21,SMB,North,Basic,Active,simmonsjacob@example.org
CUST_04402,Amanda Webster,2022-09-09,Enterprise,West,Basic,Churned,whale@example.net
CUST_04403,Michelle Dawson,2021-01-13,Mid-Market,International,Enterprise,Active,littlerebecca@example.org
CUST_04404,Ronald Martinez,2021-04-17,Mid-Market,South,Pro,Active,jasonwatson@example.net
CUST_04405,Mike Morales,2021-01-18,Enterprise,South,Basic,Active,briggszachary@example.com
CUST_04406,Pamela Johnson,2023-05-29,Enterprise,East,Pro,Active,kristen73@example.net
CUST_04407,William Wilkerson,2022-03-20,Enterprise,North,Pro,Active,lopezkelly@example.com
CUST_04408,Anna Weaver,2022-05-01,SMB,North,Enterprise,Active,angelica61@example.net
CUST_04409,Keith Lane,2022-11-26,Enterprise,East,Basic,Active,robingarrett@example.net
CUST_04410,Shawn Rogers,2024-03-10,Mid-Market,West,Enterprise,Active,powersjodi@example.net
CUST_04411,Timothy Jenkins,2022-01-18,SMB,North,Basic,Active,bmiller@example.net
CUST_04412,John Herrera DDS,2021-03-30,Enterprise,East,Pro,Active,carlaharris@example.org
CUST_04413,Theresa Atkinson,2023-10-07,SMB,West,Basic,Active,andre19@example.com
CUST_04414,Victor Robinson,2024-04-24,SMB,South,Basic,Active,charleslee@example.net
CUST_04415,Vernon Williams,2024-05-23,Enterprise,East,Basic,Active,blake03@example.com
CUST_04416,Angel Hickman,2021-09-12,Mid-Market,East,Basic,Active,jcox@example.com
CUST_04417,Mitchell Scott,2023-03-09,SMB,East,Basic,Active,pricedaniel@example.net
CUST_04418,Theresa White,2022-08-03,Mid-Market,International,Basic,Active,vmccormick@example.org
CUST_04419,Marie Rangel,2024-05-07,Mid-Market,International,Pro,Active,xvargas@example.org
CUST_04420,John Davis,2021-04-18,Mid-Market,East,Basic,Active,wilsonryan@example.net
CUST_04421,Bradley Martinez,2023-04-17,Mid-Market,International,Basic,Churned,michellepage@example.org
CUST_04422,Lisa Franklin,2021-03-04,Mid-Market,East,Basic,Active,jameswhite@example.com
CUST_04423,Nichole Mack,2023-05-14,Mid-Market,North,Enterprise,Active,brianfrench@example.org
CUST_04424,Duane Bates,2021-05-09,Mid-Market,South,Basic,Active,speters@example.net
CUST_04425,Whitney Ochoa,2021-01-09,Mid-Market,International,Basic,Churned,keithjane@example.net
CUST_04426,Phillip Dalton,2023-05-17,Mid-Market,International,Pro,Active,rasmussenmichael@example.com
CUST_04427,Austin Webster,2023-06-21,Enterprise,South,Pro,Active,laurasmith@example.org
CUST_04428,Donald Garcia,2022-03-05,Mid-Market,South,Basic,Active,kingjulie@example.com
CUST_04429,Sherri Miles,2023-02-08,Mid-Market,South,Pro,Active,qmeadows@example.org
CUST_04430,Kristen Young,2022-10-18,SMB,North,Basic,Active,qelliott@example.com
CUST_04431,Heather Wilkins,2023-08-01,SMB,North,Pro,Churned,garzalisa@example.net
CUST_04432,Terry Mason,2023-12-11,SMB,East,Basic,Active,scarey@example.com
CUST_04433,James Wheeler,2022-09-08,SMB,West,Pro,Active,gabriellelittle@example.com
CUST_04434,Amanda Scott,2021-09-10,Mid-Market,South,Basic,Active,christian29@example.net
CUST_04435,Manuel Gibson,2022-06-25,Mid-Market,East,Basic,Active,lvelez@example.com
CUST_04436,Megan Burton,2023-02-06,SMB,International,Basic,Active,shawn69@example.org
CUST_04437,Renee Lee,2023-09-07,Enterprise,North,Basic,Active,myersmelissa@example.com
CUST_04438,Joseph Mccoy Jr.,2021-01-13,SMB,South,Basic,Active,emily68@example.com
CUST_04439,Alexis Church,2023-01-08,Enterprise,North,Basic,Active,zanderson@example.com
CUST_04440,Angela Blake,2024-05-21,Mid-Market,West,Basic,Active,utaylor@example.net
CUST_04441,Adam Lopez,2023-04-10,Mid-Market,North,Pro,Active,josephpugh@example.net
CUST_04442,Lynn Hartman,2022-10-22,Enterprise,International,Enterprise,Active,cwebb@example.org
CUST_04443,James Combs,2023-08-01,Mid-Market,West,Basic,Active,sunderwood@example.org
CUST_04444,Steven Underwood,2023-06-19,SMB,South,Pro,Active,ncrane@example.org
CUST_04445,Brittany Hernandez,2024-01-01,Mid-Market,North,Enterprise,Active,susanpeterson@example.com
CUST_04446,Jeanette Johnson,2022-01-09,SMB,North,Basic,Churned,julie89@example.com
CUST_04447,Sherry Chavez,2023-05-17,Enterprise,North,Pro,Active,coxmelinda@example.com
CUST_04448,Alejandra Ward,2022-08-24,Mid-Market,East,Enterprise,Churned,marksaunders@example.org
CUST_04449,Kayla Watson,2024-04-25,SMB,North,Pro,Active,nsmith@example.net
CUST_04450,Matthew Allen,2022-11-10,SMB,West,Basic,Active,jessicadawson@example.org
CUST_04451,Sophia Morse,2022-12-02,SMB,South,Basic,Churned,sabrina31@example.com
CUST_04452,Margaret Jones,2023-06-13,Mid-Market,South,Enterprise,Active,aguirreamanda@example.com
CUST_04453,Deborah Meadows,2022-03-29,SMB,East,Basic,Churned,erinreid@example.com
CUST_04454,Kimberly Norris,2022-05-19,Enterprise,West,Enterprise,Active,brandon21@example.org
CUST_04455,Joseph Perez,2021-11-05,Mid-Market,South,Enterprise,Active,travisbentley@example.net
CUST_04456,Kelly Shaw,2021-06-04,SMB,North,Pro,Active,choilinda@example.net
CUST_04457,Scott Martin,2023-03-27,SMB,North,Pro,Active,dcooper@example.net
CUST_04458,Nicole Graham,2023-06-27,Mid-Market,International,Pro,Churned,erinward@example.com
CUST_04459,Douglas Raymond,2021-03-12,SMB,South,Basic,Active,michelle63@example.net
CUST_04460,Joseph Patel,2021-10-05,Mid-Market,West,Pro,Active,kaitlyngay@example.net
CUST_04461,Eric Adkins,2022-09-02,Enterprise,East,Enterprise,Active,danielleharris@example.org
CUST_04462,John Fox,2023-06-09,Enterprise,North,Pro,Active,angelarivera@example.org
CUST_04463,Jacob Spencer,2023-05-11,SMB,South,Pro,Churned,williamruiz@example.org
CUST_04464,Mrs. Kaitlyn James,2021-11-24,SMB,International,Basic,Churned,ierickson@example.org
CUST_04465,Tracy Evans,2023-11-08,Enterprise,North,Pro,Active,qmiller@example.org
CUST_04466,John Clark,2023-04-07,Mid-Market,West,Enterprise,Active,jenniferprice@example.com
CUST_04467,Ashley Waters,2022-08-03,SMB,West,Enterprise,Active,randydavis@example.net
CUST_04468,Ryan Joseph,2022-03-04,Mid-Market,East,Pro,Churned,scottstephanie@example.org
CUST_04469,Robert Smith,2024-03-14,SMB,West,Enterprise,Active,smiller@example.com
CUST_04470,Richard Harper,2024-05-10,SMB,West,Enterprise,Active,michael74@example.com
CUST_04471,Cindy Larson,2021-03-12,Mid-Market,East,Enterprise,Active,hdavis@example.net
CUST_04472,Cristina Cardenas,2022-08-01,SMB,South,Basic,Active,kristen72@example.net
CUST_04473,Luis Johnson,2023-06-13,SMB,West,Basic,Churned,bradyjulie@example.net
CUST_04474,Edward Greene,2022-06-11,Enterprise,International,Pro,Active,tdiaz@example.net
CUST_04475,Robin Love,2024-04-14,Enterprise,West,Basic,Active,grossalexandra@example.org
CUST_04476,Karen Powell,2021-08-02,SMB,North,Enterprise,Active,darrellarmstrong@example.org
CUST_04477,Mr. Jesus Levine II,2021-02-03,Mid-Market,North,Enterprise,Churned,travisroberts@example.org
CUST_04478,Christine Wilson,2021-12-01,Enterprise,South,Pro,Active,jacobpitts@example.com
CUST_04479,Andrew Hobbs,2022-09-15,Mid-Market,East,Pro,Active,robertsjamie@example.org
CUST_04480,Dr. Sherry Humphrey,2021-11-27,Mid-Market,International,Enterprise,Active,laurenpeters@example.com
CUST_04481,Nathan Crawford,2021-05-12,SMB,West,Pro,Active,stevensjeffrey@example.com
CUST_04482,Zachary Farmer,2021-09-21,SMB,International,Pro,Churned,rsmith@example.com
CUST_04483,Mitchell Martin,2022-11-07,SMB,East,Pro,Active,davidrasmussen@example.net
CUST_04484,Beth Carpenter,2021-04-12,SMB,South,Basic,Active,michelegordon@example.net
CUST_04485,Justin Green,2022-06-08,Enterprise,West,Pro,Active,qanderson@example.net
CUST_04486,Linda Gonzalez,2024-03-23,Mid-Market,West,Basic,Active,escobarjennifer@example.com
CUST_04487,Yvette Jordan,2022-10-27,SMB,South,Enterprise,Active,eileenjohnson@example.com
CUST_04488,Vincent Johnson,2023-03-04,SMB,East,Pro,Churned,amy31@example.org
CUST_04489,Matthew Baker,2023-06-30,SMB,North,Basic,Churned,adriana49@example.net
CUST_04490,Vincent Barrett,2021-05-02,Mid-Market,West,Basic,Active,jbell@example.com
CUST_04491,Allen Price,2021-01-16,Enterprise,South,Basic,Active,taylorfleming@example.com
CUST_04492,Alicia Hansen,2023-11-04,Mid-Market,West,Enterprise,Active,kristinaking@example.net
CUST_04493,Michael Barber,2023-03-28,Mid-Market,International,Pro,Active,sara85@example.net
CUST_04494,Carol Dean,2021-07-24,SMB,East,Basic,Active,mberry@example.org
CUST_04495,Samuel Lee,2021-01-15,Mid-Market,South,Pro,Churned,frogers@example.org
CUST_04496,Joel Stone MD,2023-04-30,SMB,West,Basic,Active,ashley58@example.com
CUST_04497,Roy Parker,2021-05-27,SMB,North,Basic,Active,mscott@example.org
CUST_04498,Connie Cervantes,2022-06-10,Mid-Market,North,Basic,Active,choidenise@example.com
CUST_04499,Richard Wyatt,2023-08-26,Mid-Market,East,Enterprise,Active,jameslawson@example.net
CUST_04500,Sarah Wilson,2022-02-17,Enterprise,West,Enterprise,Active,johnsoncharles@example.org
CUST_04501,Felicia Fox,2022-04-23,SMB,North,Enterprise,Active,parkerisaac@example.org
CUST_04502,David Montgomery,2023-07-16,SMB,West,Enterprise,Churned,greenbrenda@example.org
CUST_04503,Sean Warren,2022-09-03,Mid-Market,International,Basic,Active,ydavis@example.com
CUST_04504,Michele Smith,2023-04-23,Mid-Market,East,Enterprise,Churned,cooperrebecca@example.org
CUST_04505,Tammy James,2024-01-13,Enterprise,West,Pro,Active,omurray@example.com
CUST_04506,William Silva,2022-07-24,SMB,East,Basic,Active,zwilson@example.org
CUST_04507,Judith Reynolds,2023-06-07,Mid-Market,North,Pro,Active,emilybrown@example.net
CUST_04508,Latoya Gonzales,2024-03-25,SMB,East,Pro,Active,paulapruitt@example.net
CUST_04509,Mrs. Sarah Brewer,2024-02-12,Enterprise,International,Basic,Active,robyn79@example.org
CUST_04510,Shawn Owens,2021-01-27,Mid-Market,South,Basic,Active,wilsonmatthew@example.net
CUST_04511,Sandra Owens,2023-02-13,SMB,South,Pro,Active,zharris@example.org
CUST_04512,Sarah Smith,2021-01-30,SMB,International,Enterprise,Active,aromero@example.net
CUST_04513,Kimberly Davidson,2022-05-30,SMB,North,Pro,Active,cwebster@example.net
CUST_04514,Larry Gonzalez,2024-01-29,SMB,East,Pro,Churned,vincent79@example.com
CUST_04515,Tiffany Moon,2022-05-29,SMB,North,Pro,Churned,fhill@example.org
CUST_04516,Curtis Burns,2022-04-23,SMB,North,Enterprise,Active,zbarrett@example.com
CUST_04517,Rhonda Lindsey,2021-10-14,Mid-Market,International,Pro,Active,april66@example.net
CUST_04518,Kevin Baker,2022-01-27,Mid-Market,North,Enterprise,Active,wgarner@example.com
CUST_04519,Rhonda Allen,2023-06-21,Mid-Market,East,Basic,Active,umeadows@example.net
CUST_04520,Mark King,2023-01-19,SMB,East,Pro,Active,john72@example.net
CUST_04521,Kristin Nelson,2023-05-22,Enterprise,East,Basic,Active,oedwards@example.net
CUST_04522,Faith Johnson,2022-02-17,SMB,West,Pro,Churned,wballard@example.com
CUST_04523,Teresa Mejia,2022-10-18,SMB,West,Pro,Active,xwarren@example.org
CUST_04524,Christina Ferguson,2022-07-21,SMB,East,Basic,Churned,lcarpenter@example.net
CUST_04525,Danielle Burke,2021-12-11,Mid-Market,West,Basic,Active,theresa80@example.net
CUST_04526,Roberta Johnson,2024-01-29,Mid-Market,South,Pro,Active,stephenbrown@example.com
CUST_04527,Aaron Hobbs,2023-09-12,SMB,East,Basic,Churned,gregorymayo@example.com
CUST_04528,Emily Williams,2022-01-30,SMB,International,Basic,Active,rickblack@example.net
CUST_04529,Kevin Harris,2021-06-27,Mid-Market,East,Basic,Active,sandra74@example.net
CUST_04530,Michael Cuevas,2021-07-04,SMB,International,Pro,Active,vshields@example.org
CUST_04531,Samuel Lynn,2023-02-21,SMB,North,Basic,Active,ygonzalez@example.net
CUST_04532,Deborah Rogers,2024-01-29,SMB,South,Pro,Active,kimberlyerickson@example.net
CUST_04533,Robert Brown,2021-10-01,Enterprise,North,Pro,Active,smithcourtney@example.com
CUST_04534,Robert Rodriguez,2023-10-27,Enterprise,North,Pro,Active,danny48@example.com
CUST_04535,Julia Knight,2023-08-24,Enterprise,North,Basic,Active,mharris@example.org
CUST_04536,Alison Miller,2023-05-28,SMB,West,Basic,Active,jason57@example.net
CUST_04537,Michael Kennedy,2023-07-07,Mid-Market,East,Enterprise,Churned,melissajohnson@example.com
CUST_04538,Patricia Parks,2023-07-04,SMB,East,Basic,Active,wjohnson@example.com
CUST_04539,Jamie Rose,2023-05-12,SMB,West,Basic,Active,ryan70@example.com
CUST_04540,Ryan Lyons,2024-01-21,Mid-Market,North,Pro,Active,pughcarol@example.org
CUST_04541,Jennifer Davis,2023-08-06,SMB,West,Enterprise,Active,ashleyanderson@example.com
CUST_04542,Jack Newman,2021-04-29,Mid-Market,East,Basic,Active,susan13@example.org
CUST_04543,Dr. Jeremy Cook DDS,2023-03-11,Mid-Market,East,Pro,Churned,burnscarl@example.org
CUST_04544,Nicole Kirk,2023-11-15,SMB,South,Basic,Active,david06@example.com
CUST_04545,Andrew Gibson,2021-02-04,Mid-Market,North,Basic,Active,kathleenbecker@example.com
CUST_04546,Nicholas Hunt,2021-08-11,Mid-Market,East,Basic,Active,lindaperez@example.net
CUST_04547,Heather Lewis,2022-11-15,SMB,East,Enterprise,Active,donna04@example.com
CUST_04548,Karen Palmer,2024-03-07,SMB,North,Enterprise,Active,lopezmichelle@example.net
CUST_04549,Katie Conner,2021-07-21,SMB,West,Pro,Active,qlara@example.org
CUST_04550,Angela Vasquez,2023-09-28,Enterprise,East,Enterprise,Churned,julie84@example.com
CUST_04551,Stacy Pierce DDS,2024-05-05,Mid-Market,West,Pro,Churned,wendy93@example.org
CUST_04552,Cody Garrett,2023-09-13,Enterprise,North,Pro,Active,xsims@example.com
CUST_04553,Micheal Peterson,2022-04-19,SMB,East,Basic,Churned,xharvey@example.org
CUST_04554,Isaiah Clark,2023-06-14,SMB,International,Pro,Active,nolancatherine@example.net
CUST_04555,Jennifer Gonzalez,2022-10-10,SMB,North,Pro,Churned,chunglynn@example.org
CUST_04556,Heather Brandt,2023-11-29,SMB,East,Pro,Active,joseph03@example.org
CUST_04557,Marvin Wilson,2022-12-27,SMB,North,Enterprise,Active,joshua02@example.net
CUST_04558,Tim Johnson,2021-07-27,Enterprise,North,Pro,Active,michelleburton@example.com
CUST_04559,Justin Morse,2021-07-25,SMB,International,Pro,Active,johnsondavid@example.org
CUST_04560,Kim Lyons,2022-10-14,Mid-Market,West,Basic,Active,imahoney@example.org
CUST_04561,Shannon Casey,2023-12-11,SMB,East,Basic,Active,knightrenee@example.org
CUST_04562,Hannah Schmidt,2022-07-15,SMB,North,Enterprise,Active,hrobinson@example.com
CUST_04563,Roger Greene,2023-11-09,Mid-Market,South,Basic,Active,brendafox@example.net
CUST_04564,Ronald Rivera,2023-09-17,Enterprise,North,Basic,Active,joel15@example.org
CUST_04565,Katelyn Heath,2022-04-10,SMB,West,Pro,Active,kathyberg@example.com
CUST_04566,Sarah Matthews,2024-01-03,SMB,North,Enterprise,Active,gordonjack@example.com
CUST_04567,John Barnes,2023-12-30,Enterprise,South,Pro,Active,rogersmatthew@example.org
CUST_04568,Timothy Martinez,2023-07-12,SMB,South,Pro,Active,nluna@example.com
CUST_04569,Deborah Shaw,2022-09-12,SMB,North,Enterprise,Active,zgarcia@example.com
CUST_04570,Michael Phillips,2022-06-24,SMB,East,Basic,Active,brenda15@example.net
CUST_04571,Kenneth Pena,2022-04-20,SMB,North,Enterprise,Active,richard40@example.org
CUST_04572,Alyssa Cantu,2021-02-14,Mid-Market,International,Enterprise,Churned,xlarson@example.com
CUST_04573,Lindsay Marsh,2022-03-24,Mid-Market,South,Basic,Active,michealcook@example.net
CUST_04574,Antonio Sherman,2024-04-07,SMB,North,Basic,Active,elizabethgriffin@example.com
CUST_04575,Randall Hayes,2021-10-29,Mid-Market,North,Pro,Active,rpeck@example.com
CUST_04576,Catherine Campbell,2022-03-03,Mid-Market,International,Pro,Active,martinezwillie@example.org
CUST_04577,Nancy Burnett,2023-01-25,Enterprise,South,Enterprise,Active,timothyharrison@example.org
CUST_04578,Antonio Mitchell,2022-04-10,SMB,International,Pro,Churned,patricia94@example.net
CUST_04579,Laura Mclaughlin,2023-02-03,Mid-Market,International,Basic,Churned,umosley@example.org
CUST_04580,Casey Byrd,2024-04-09,Mid-Market,East,Pro,Active,kristin71@example.org
CUST_04581,Kevin Cooper,2022-09-07,Mid-Market,International,Enterprise,Active,conradkimberly@example.com
CUST_04582,Marcus Moody,2021-12-28,Mid-Market,South,Pro,Active,yturner@example.org
CUST_04583,Victoria Henry,2022-08-04,Mid-Market,South,Pro,Active,msanders@example.org
CUST_04584,Ruth Fry,2021-08-24,SMB,West,Pro,Active,joshuacrawford@example.net
CUST_04585,Amy Campbell,2021-12-06,Mid-Market,International,Basic,Churned,matthew34@example.com
CUST_04586,Victor Barron,2022-08-11,SMB,East,Pro,Active,sandra21@example.com
CUST_04587,Tina Alvarado MD,2022-07-15,Enterprise,South,Enterprise,Active,wlyons@example.com
CUST_04588,Anthony Hoover,2022-06-07,Mid-Market,West,Enterprise,Active,katherine49@example.org
CUST_04589,Jason Robbins,2021-02-22,Mid-Market,South,Pro,Active,james71@example.com
CUST_04590,Melanie Hansen,2024-01-03,Enterprise,International,Enterprise,Active,claytonrobbins@example.com
CUST_04591,Courtney Hawkins,2021-02-28,SMB,International,Enterprise,Active,osbornechristina@example.org
CUST_04592,Mary Fisher,2021-03-02,Mid-Market,South,Enterprise,Active,debbie01@example.org
CUST_04593,Richard Arnold,2021-08-27,SMB,West,Basic,Active,davismike@example.org
CUST_04594,Christopher Mitchell,2024-05-13,Mid-Market,East,Basic,Active,carrjames@example.net
CUST_04595,Michelle Shepard,2021-01-04,SMB,International,Pro,Churned,lsanchez@example.org
CUST_04596,Aaron Caldwell,2021-12-23,Mid-Market,North,Basic,Active,amyfields@example.net
CUST_04597,Matthew Crane,2021-09-20,SMB,West,Basic,Churned,allisoncampbell@example.com
CUST_04598,Nicole Gutierrez,2024-01-20,SMB,East,Basic,Churned,preynolds@example.net
CUST_04599,Shirley Brock,2023-05-18,SMB,South,Basic,Active,stephenskerry@example.net
CUST_04600,Edward Newton,2021-02-03,SMB,East,Pro,Churned,egraham@example.com
CUST_04601,Robert Parker,2022-09-16,SMB,South,Pro,Churned,scottdeborah@example.org
CUST_04602,Pamela Gill,2021-12-03,Mid-Market,North,Basic,Active,crussell@example.net
CUST_04603,Erin Davis,2023-03-21,SMB,East,Basic,Active,twallace@example.com
CUST_04604,Caroline Price,2023-02-11,Mid-Market,International,Basic,Active,talvarado@example.com
CUST_04605,Leonard Mcgrath,2021-09-20,Enterprise,East,Basic,Active,john55@example.com
CUST_04606,Matthew Gonzalez,2023-02-21,Enterprise,West,Pro,Active,alejandro26@example.net
CUST_04607,Sarah Mcmillan,2022-01-10,SMB,West,Basic,Active,ladams@example.com
CUST_04608,Michael Morton,2021-07-09,Mid-Market,South,Enterprise,Active,benjamindavid@example.net
CUST_04609,Charles Harrington,2024-01-27,Enterprise,International,Basic,Active,johnbarton@example.net
CUST_04610,Maria Adams,2021-05-11,SMB,South,Pro,Active,dtaylor@example.org
CUST_04611,David Mann,2022-07-10,SMB,West,Enterprise,Active,brian61@example.org
CUST_04612,Katherine Turner,2023-09-13,SMB,East,Basic,Churned,tyler30@example.com
CUST_04613,Erin Cruz,2022-09-08,SMB,East,Pro,Active,emma76@example.net
CUST_04614,Sydney Pollard,2023-01-10,Mid-Market,South,Basic,Active,jshaw@example.net
CUST_04615,Stephen Rogers,2023-09-15,SMB,South,Pro,Churned,sabrinawalsh@example.com
CUST_04616,Debbie Scott,2022-06-18,SMB,North,Basic,Active,jason63@example.org
CUST_04617,Jacob Rodriguez,2022-10-11,SMB,East,Pro,Churned,qkelly@example.com
CUST_04618,Antonio Hernandez,2024-04-09,Enterprise,South,Pro,Active,dramos@example.net
CUST_04619,Jacob Williams,2021-07-14,Mid-Market,South,Pro,Active,christopher91@example.net
CUST_04620,Hannah Raymond,2021-04-16,Enterprise,South,Pro,Churned,ballardrobert@example.net
CUST_04621,Danny Koch,2021-06-25,SMB,International,Pro,Active,brandon14@example.org
CUST_04622,Sandra Mckinney,2022-05-28,SMB,International,Basic,Churned,anolan@example.net
CUST_04623,Charlotte Burns DDS,2021-01-31,SMB,East,Pro,Active,chandavid@example.org
CUST_04624,April Williams,2023-04-11,SMB,North,Pro,Active,doyletravis@example.org
CUST_04625,Cameron Miller,2023-07-20,Mid-Market,South,Basic,Active,michael49@example.com
CUST_04626,Kyle Cook,2021-10-20,Mid-Market,West,Pro,Active,thomaswarner@example.com
CUST_04627,Jessica Bernard,2021-05-28,SMB,North,Pro,Active,jason83@example.org
CUST_04628,Sean Burton,2023-04-08,Mid-Market,North,Pro,Churned,vdennis@example.net
CUST_04629,Daniel Patterson,2023-06-04,Mid-Market,International,Basic,Active,larsoneric@example.org
CUST_04630,Joshua Bryant,2021-02-08,SMB,South,Pro,Active,linda37@example.org
CUST_04631,Jeremy Levy,2021-07-15,SMB,South,Basic,Churned,bradleysanchez@example.net
CUST_04632,Douglas Marsh,2021-03-17,SMB,South,Basic,Churned,robertjenkins@example.com
CUST_04633,Casey Harris,2021-10-18,Enterprise,East,Basic,Churned,strongtammy@example.com
CUST_04634,Jennifer Thomas,2022-02-26,SMB,International,Pro,Active,vnguyen@example.org
CUST_04635,Todd Shannon,2022-07-24,SMB,International,Basic,Churned,richardsnow@example.net
CUST_04636,Jesse Edwards,2021-09-25,SMB,International,Basic,Churned,smithsusan@example.net
CUST_04637,Sylvia Leblanc,2021-02-26,Mid-Market,North,Basic,Churned,lwilliams@example.org
CUST_04638,Tyler Barton,2021-06-04,SMB,North,Pro,Churned,christophermills@example.com
CUST_04639,Michael Harris,2024-03-25,Mid-Market,North,Pro,Churned,teresadiaz@example.org
CUST_04640,Crystal Horton,2023-02-15,Mid-Market,North,Basic,Active,alvingrimes@example.com
CUST_04641,Morgan Haynes,2024-05-09,Enterprise,North,Basic,Active,pittsrobert@example.com
CUST_04642,Stephanie Perkins,2021-09-16,SMB,South,Pro,Churned,dustinrodriguez@example.net
CUST_04643,Charles Thompson,2022-09-03,Mid-Market,West,Basic,Active,robert85@example.net
CUST_04644,Erin Rodriguez,2023-11-15,Mid-Market,South,Basic,Active,thomasaustin@example.org
CUST_04645,Marissa Brown,2024-04-09,Mid-Market,North,Basic,Active,amy05@example.org
CUST_04646,Daniel Mitchell,2023-08-28,Mid-Market,East,Enterprise,Active,jennifer36@example.org
CUST_04647,Abigail Olson,2024-02-01,SMB,West,Basic,Active,holly37@example.net
CUST_04648,April Weiss,2022-12-31,Mid-Market,West,Pro,Active,david43@example.com
CUST_04649,Amanda Lucas,2023-02-25,SMB,North,Basic,Active,hartmanalex@example.net
CUST_04650,Antonio Fuentes,2021-05-16,Mid-Market,East,Enterprise,Active,jane92@example.net
CUST_04651,Sandra Walker,2022-05-20,SMB,North,Basic,Active,samanthaburton@example.net
CUST_04652,Anna May,2022-09-07,SMB,South,Pro,Churned,oscar17@example.com
CUST_04653,Jaime Gomez,2023-04-09,SMB,North,Enterprise,Active,snyderjodi@example.net
CUST_04654,Cynthia Gallagher,2022-07-09,SMB,International,Basic,Active,pollardgina@example.net
CUST_04655,Roger Miller,2022-11-24,Mid-Market,West,Pro,Active,jobrien@example.org
CUST_04656,Matthew Freeman,2021-09-18,SMB,International,Pro,Active,wandabennett@example.net
CUST_04657,Mr. Micheal Scott V,2022-05-27,SMB,International,Pro,Churned,tbell@example.net
CUST_04658,Willie Kelly,2023-03-07,Mid-Market,West,Enterprise,Active,tiffanycook@example.org
CUST_04659,Isabella Smith,2021-06-17,SMB,South,Basic,Churned,yphelps@example.com
CUST_04660,Dean White,2022-02-07,SMB,International,Pro,Active,harrisonnicole@example.com
CUST_04661,Matthew Griffith,2022-08-10,SMB,South,Basic,Active,qrodriguez@example.org
CUST_04662,Peter Spence,2024-03-29,Mid-Market,North,Pro,Churned,efrench@example.org
CUST_04663,Kayla Grimes,2022-08-30,SMB,East,Basic,Active,johnsoncatherine@example.org
CUST_04664,Aaron Banks,2024-01-24,SMB,East,Basic,Active,megan08@example.org
CUST_04665,Amber Brennan,2023-10-22,Enterprise,International,Basic,Active,victorsullivan@example.org
CUST_04666,Haley Anthony,2023-08-04,Mid-Market,West,Enterprise,Churned,fmarshall@example.com
CUST_04667,Angela Lambert,2021-09-25,Mid-Market,North,Pro,Active,yanderson@example.net
CUST_04668,Tyler Garcia,2021-01-09,SMB,West,Basic,Active,ronald96@example.com
CUST_04669,Victor Cole,2024-02-09,Mid-Market,West,Pro,Active,suzanne56@example.net
CUST_04670,Melissa Mooney,2022-07-18,Enterprise,South,Enterprise,Active,edwardgomez@example.org
CUST_04671,Isabella Allen,2023-03-27,Enterprise,International,Enterprise,Active,urobles@example.net
CUST_04672,Lisa Bell,2023-03-24,SMB,West,Basic,Churned,crawforddaniel@example.com
CUST_04673,Sherry Sharp,2021-12-03,SMB,West,Enterprise,Active,mfowler@example.com
CUST_04674,Kristen Simon,2022-01-27,SMB,South,Basic,Active,qacosta@example.net
CUST_04675,William Porter,2024-04-20,SMB,East,Pro,Active,nathanielmercer@example.net
CUST_04676,Theresa Pena,2022-06-22,Mid-Market,West,Basic,Active,javier35@example.com
CUST_04677,Leslie Walton,2023-04-28,SMB,North,Enterprise,Active,michaelmejia@example.org
CUST_04678,Amy James,2023-04-20,Mid-Market,East,Basic,Active,ronald91@example.org
CUST_04679,John Ray,2022-04-05,SMB,International,Pro,Churned,khayden@example.org
CUST_04680,David Johnson,2023-03-09,Mid-Market,North,Basic,Churned,sanchezangela@example.net
CUST_04681,Frank Long,2023-04-02,Mid-Market,North,Enterprise,Active,zacharyrojas@example.com
CUST_04682,David Cameron,2021-03-11,Mid-Market,West,Pro,Active,rodneyjackson@example.org
CUST_04683,Destiny Dunn,2022-07-11,Enterprise,South,Basic,Active,gking@example.org
CUST_04684,Justin Powell,2022-02-25,SMB,East,Pro,Active,kellyrichardson@example.com
CUST_04685,William Owen,2024-02-28,Mid-Market,South,Enterprise,Active,bethmiller@example.net
CUST_04686,Jeffrey Bullock,2021-05-26,SMB,North,Basic,Active,mcguireashley@example.com
CUST_04687,Roberta Gonzales,2022-05-30,SMB,North,Basic,Active,stewarttammy@example.net
CUST_04688,Misty Norman,2024-03-30,Enterprise,International,Pro,Active,ellisjames@example.org
CUST_04689,Christine Davidson,2021-04-08,SMB,West,Pro,Active,michaelshaw@example.net
CUST_04690,Michael Simpson,2021-03-21,SMB,International,Enterprise,Churned,vincentdonald@example.com
CUST_04691,Malik Robertson,2021-09-01,SMB,International,Enterprise,Active,oscarmiles@example.com
CUST_04692,Harold Butler,2024-05-18,SMB,International,Basic,Churned,james91@example.com
CUST_04693,Stacy Gibbs,2022-02-15,Mid-Market,West,Basic,Active,drakeamanda@example.com
CUST_04694,Kenneth Nelson,2022-06-19,SMB,South,Enterprise,Active,joseph10@example.net
CUST_04695,Elijah Hodge,2023-05-22,SMB,North,Basic,Churned,mgreen@example.com
CUST_04696,Kevin Wilson,2024-04-26,SMB,North,Enterprise,Churned,rodriguezalicia@example.org
CUST_04697,Sherry Mendez,2023-09-12,SMB,North,Basic,Churned,lewiseric@example.net
CUST_04698,Jacqueline Maddox,2022-02-21,SMB,East,Basic,Active,jason48@example.net
CUST_04699,Brandon Moran,2021-02-03,SMB,West,Basic,Active,wyattkevin@example.com
CUST_04700,Marvin Harrell,2021-11-27,Mid-Market,International,Pro,Active,rmitchell@example.org
CUST_04701,Eric Everett,2021-07-08,SMB,North,Enterprise,Churned,justin20@example.org
CUST_04702,Sandra Peterson,2022-10-12,SMB,East,Pro,Churned,laura92@example.org
CUST_04703,Laura Smith,2024-05-29,SMB,West,Pro,Churned,potterjohn@example.com
CUST_04704,James Gentry,2023-02-19,Mid-Market,South,Enterprise,Active,marissa47@example.net
CUST_04705,Matthew Butler,2021-06-13,Mid-Market,North,Pro,Churned,sarafox@example.org
CUST_04706,Kenneth Ayala,2023-02-16,SMB,International,Basic,Churned,myersmatthew@example.org
CUST_04707,Phillip Miller,2021-11-07,SMB,North,Basic,Churned,aaronjackson@example.com
CUST_04708,Katherine Ross,2021-06-18,Mid-Market,West,Basic,Active,mrobertson@example.com
CUST_04709,Matthew Miller,2023-06-07,Mid-Market,East,Basic,Active,joseph33@example.net
CUST_04710,James Simon,2022-12-07,Mid-Market,East,Basic,Active,taylormatthew@example.net
CUST_04711,Andrea Conway,2022-10-01,SMB,West,Basic,Active,andrea79@example.org
CUST_04712,Monica Dunn,2021-05-14,Enterprise,South,Pro,Active,padillagregory@example.com
CUST_04713,Carolyn Olsen,2022-07-20,SMB,West,Pro,Active,daycurtis@example.com
CUST_04714,Kevin Lawson,2022-08-02,SMB,South,Basic,Active,robertsjustin@example.org
CUST_04715,Jose Cox,2021-03-04,SMB,International,Pro,Active,lvalenzuela@example.org
CUST_04716,Diane Jackson,2023-06-06,SMB,West,Pro,Active,eric12@example.net
CUST_04717,Jerry Wu,2023-01-16,SMB,North,Enterprise,Active,brettbarrera@example.net
CUST_04718,Eric Montgomery,2023-07-08,Mid-Market,International,Basic,Active,npowell@example.com
CUST_04719,Melissa Thomas,2023-01-11,Enterprise,South,Basic,Active,sheilagreene@example.org
CUST_04720,Joyce Barnett,2021-02-16,Enterprise,North,Basic,Active,gentrylarry@example.com
CUST_04721,Laura Ferrell,2022-07-17,Enterprise,West,Enterprise,Active,james21@example.net
CUST_04722,Stephanie Garcia,2023-05-13,Mid-Market,South,Enterprise,Active,holmesnicole@example.org
CUST_04723,James Rich,2021-07-30,Mid-Market,East,Enterprise,Active,paigeyoung@example.org
CUST_04724,Taylor Dudley,2023-04-18,Enterprise,West,Pro,Active,dylanbarber@example.net
CUST_04725,Jennifer Bender,2021-07-25,Enterprise,International,Basic,Active,obass@example.org
CUST_04726,Mrs. Whitney Edwards DVM,2022-01-29,SMB,South,Basic,Active,erik86@example.com
CUST_04727,Robin Wells,2021-11-27,Enterprise,West,Basic,Active,collinsdennis@example.net
CUST_04728,Willie Peck,2021-11-14,Enterprise,North,Basic,Active,bbowman@example.net
CUST_04729,John Williams,2023-12-14,SMB,International,Pro,Churned,itucker@example.org
CUST_04730,Matthew White,2021-01-03,SMB,South,Pro,Churned,megan00@example.org
CUST_04731,Melissa Khan,2024-05-24,Enterprise,South,Enterprise,Active,melissa09@example.net
CUST_04732,Tracy Thomas,2021-08-25,Mid-Market,North,Enterprise,Active,ibrock@example.com
CUST_04733,Jeffrey Roberts,2022-10-06,Mid-Market,International,Basic,Active,kimlisa@example.net
CUST_04734,Christine Thompson,2021-12-04,SMB,International,Enterprise,Active,wgoodwin@example.net
CUST_04735,Lauren Flores,2023-06-14,SMB,West,Basic,Churned,jeffreysandoval@example.net
CUST_04736,Timothy Ray,2023-09-30,SMB,South,Enterprise,Active,qwong@example.net
CUST_04737,Roy Dunn,2021-03-01,Enterprise,East,Enterprise,Active,eblack@example.net
CUST_04738,Denise Curtis,2022-09-07,SMB,North,Enterprise,Churned,michaelsloan@example.net
CUST_04739,Joseph Guzman,2022-05-12,Mid-Market,International,Enterprise,Active,chadmiller@example.com
CUST_04740,Leslie Craig,2023-11-12,SMB,North,Enterprise,Active,lucasedwards@example.com
CUST_04741,Hannah Briggs,2024-02-13,Enterprise,South,Pro,Active,simpsonnicholas@example.net
CUST_04742,Tamara Barrera,2024-02-02,SMB,East,Pro,Churned,donna99@example.com
CUST_04743,Gregory Gray,2022-04-03,Enterprise,East,Pro,Churned,abush@example.org
CUST_04744,Cynthia Michael,2024-02-20,Mid-Market,International,Basic,Active,rhonda51@example.net
CUST_04745,Dawn Ramirez,2024-02-18,SMB,North,Pro,Active,joshua22@example.com
CUST_04746,Gabrielle Gonzalez,2023-06-30,Enterprise,North,Basic,Active,jeannewton@example.net
CUST_04747,Edward Perkins,2024-05-06,SMB,West,Basic,Active,donnagomez@example.net
CUST_04748,Sydney Johnson,2022-12-07,Mid-Market,South,Basic,Active,vjimenez@example.org
CUST_04749,Vanessa Roman,2021-02-12,SMB,South,Pro,Active,wperez@example.com
CUST_04750,Alexandra Castaneda,2023-05-09,Mid-Market,West,Pro,Active,kingtravis@example.com
CUST_04751,Susan Taylor,2023-01-06,Mid-Market,West,Pro,Active,dennis78@example.com
CUST_04752,Tina Kaiser,2023-02-12,SMB,South,Enterprise,Churned,nicolemckenzie@example.org
CUST_04753,Roger Rodriguez,2022-04-24,Enterprise,East,Basic,Active,alexanderolivia@example.net
CUST_04754,Martha Hudson,2023-03-29,Mid-Market,North,Pro,Active,michaelvalencia@example.net
CUST_04755,Michael Curry,2024-02-22,Mid-Market,North,Basic,Churned,stephaniewilson@example.org
CUST_04756,Evan Perkins,2022-03-27,SMB,North,Pro,Active,katherinejimenez@example.org
CUST_04757,Eric Skinner,2021-11-26,SMB,West,Basic,Active,johntravis@example.org
CUST_04758,Kathy Martin MD,2023-10-19,SMB,South,Basic,Active,vdennis@example.net
CUST_04759,Megan Johnson,2023-12-25,Mid-Market,West,Enterprise,Active,lisapatel@example.net
CUST_04760,Dana Butler,2021-12-23,Mid-Market,International,Pro,Active,jennifer00@example.org
CUST_04761,Christian Jones,2023-07-20,SMB,South,Enterprise,Active,andrew17@example.org
CUST_04762,Dennis Henderson,2023-03-27,Mid-Market,South,Pro,Active,ewalters@example.net
CUST_04763,Ricky Lee,2024-04-12,Mid-Market,East,Basic,Active,campbellcatherine@example.com
CUST_04764,Sarah Clark,2023-02-15,Mid-Market,East,Enterprise,Churned,sydneyramirez@example.net
CUST_04765,Jon Lewis,2022-03-13,Mid-Market,North,Basic,Active,kristopheranderson@example.org
CUST_04766,Austin Williams,2022-08-20,Enterprise,West,Enterprise,Active,phillipsrandall@example.org
CUST_04767,Eduardo Gonzalez,2024-01-07,SMB,South,Enterprise,Active,matthewcook@example.net
CUST_04768,Eric Williams,2021-02-11,Enterprise,North,Basic,Active,jwolf@example.net
CUST_04769,Meghan Carlson,2024-05-13,Enterprise,North,Pro,Active,rodney72@example.net
CUST_04770,James Norman,2024-05-14,Mid-Market,International,Pro,Churned,despinoza@example.com
CUST_04771,Nicolas Hardin,2024-01-15,Enterprise,South,Basic,Active,robinsontimothy@example.net
CUST_04772,Richard Obrien,2024-04-24,Mid-Market,West,Basic,Churned,patelaudrey@example.net
CUST_04773,Mark Martin,2021-01-11,Mid-Market,East,Pro,Active,william30@example.com
CUST_04774,Kevin Flores,2022-03-18,SMB,West,Enterprise,Churned,znoble@example.org
CUST_04775,Rachel Clayton,2023-12-25,Mid-Market,North,Basic,Active,juanryan@example.net
CUST_04776,Vernon Riley,2023-05-07,SMB,North,Basic,Churned,umaxwell@example.net
CUST_04777,Mark Pope,2022-05-14,SMB,North,Basic,Churned,nancy58@example.com
CUST_04778,Susan Rodriguez,2024-05-21,SMB,East,Pro,Churned,john62@example.org
CUST_04779,Douglas Torres,2022-12-01,Enterprise,West,Basic,Active,katiesilva@example.com
CUST_04780,Justin King,2022-07-30,Mid-Market,South,Basic,Active,uperez@example.com
CUST_04781,Alejandra Rowland,2024-05-13,Enterprise,South,Pro,Active,estuart@example.com
CUST_04782,Justin Ramirez,2021-10-20,SMB,East,Pro,Churned,mcdanielmichael@example.net
CUST_04783,Michelle Campos,2022-03-21,Mid-Market,West,Enterprise,Churned,joseph07@example.net
CUST_04784,Megan Bryant,2023-08-18,Mid-Market,West,Enterprise,Active,dawnmerritt@example.org
CUST_04785,Rebecca Farmer,2023-02-11,SMB,South,Enterprise,Churned,yangstanley@example.org
CUST_04786,Alexa Ramirez,2021-08-31,SMB,South,Enterprise,Active,troy11@example.org
CUST_04787,Brian Wallace,2021-08-02,SMB,West,Basic,Active,amedina@example.com
CUST_04788,Stephen Cisneros,2023-05-12,SMB,South,Enterprise,Active,andrea67@example.org
CUST_04789,Dawn Hill,2023-05-07,Mid-Market,West,Basic,Churned,smartinez@example.com
CUST_04790,Tonya Brown,2022-10-20,Enterprise,East,Pro,Active,anna67@example.org
CUST_04791,Alan Wilson,2021-05-03,Enterprise,West,Pro,Active,aowens@example.org
CUST_04792,Gabriel Frank,2024-01-26,Mid-Market,South,Pro,Active,donna30@example.com
CUST_04793,Eric Bennett,2023-05-26,Mid-Market,West,Basic,Active,kbarton@example.net
CUST_04794,Mary Scott,2021-09-10,Mid-Market,West,Basic,Active,fischerdanielle@example.org
CUST_04795,Tyler Palmer,2023-11-25,SMB,North,Basic,Active,langscott@example.net
CUST_04796,Kathryn Lawrence,2023-10-17,SMB,North,Basic,Churned,joseskinner@example.org
CUST_04797,Alex Wyatt,2021-02-14,Mid-Market,South,Basic,Churned,garciasarah@example.org
CUST_04798,Jorge Saunders,2022-05-19,SMB,West,Basic,Active,john31@example.com
CUST_04799,Melissa Ochoa,2022-05-14,SMB,North,Enterprise,Active,hicksdavid@example.com
CUST_04800,Bobby Montoya,2024-05-12,Enterprise,South,Basic,Active,smithjoseph@example.com
CUST_04801,Nicholas Moore,2021-09-17,SMB,East,Basic,Active,eshaffer@example.com
CUST_04802,Robert Ponce,2023-10-03,SMB,South,Pro,Active,jason25@example.org
CUST_04803,Megan Harris,2024-03-13,Mid-Market,South,Pro,Churned,underwoodjonathan@example.net
CUST_04804,Kevin Mora,2021-10-13,SMB,International,Enterprise,Churned,bowmananthony@example.org
CUST_04805,David Morales MD,2023-03-06,Enterprise,International,Basic,Active,bowersmichael@example.org
CUST_04806,William Parker,2023-06-02,Mid-Market,South,Pro,Active,deborahcoleman@example.com
CUST_04807,Theresa Goodman,2021-05-11,SMB,International,Basic,Active,lisa84@example.net
CUST_04808,Reginald Wilson,2022-12-09,SMB,South,Enterprise,Churned,rrodriguez@example.com
CUST_04809,Lisa Baldwin,2023-01-19,SMB,International,Basic,Active,joseph26@example.net
CUST_04810,Donald Wilcox,2023-04-22,Mid-Market,East,Enterprise,Active,jason58@example.org
CUST_04811,Cameron Davidson,2021-12-04,Mid-Market,South,Basic,Active,brian14@example.net
CUST_04812,Sarah Collins,2021-09-04,SMB,South,Basic,Churned,whitejames@example.org
CUST_04813,Jacob Hall,2023-04-27,Mid-Market,North,Basic,Active,william35@example.net
CUST_04814,Joseph Rogers,2022-11-15,SMB,South,Pro,Active,fstewart@example.net
CUST_04815,Anita Parks,2021-09-16,Enterprise,International,Pro,Active,xstokes@example.com
CUST_04816,Samantha Barr,2022-04-19,SMB,North,Pro,Active,henry77@example.com
CUST_04817,Mr. Theodore Cunningham,2022-03-18,SMB,East,Pro,Churned,laura30@example.com
CUST_04818,Robert Williams,2024-03-24,SMB,North,Enterprise,Churned,hughesamanda@example.net
CUST_04819,Jeanette Payne,2021-01-09,Mid-Market,South,Enterprise,Active,susanpowers@example.com
CUST_04820,Rebekah Crawford,2024-02-01,SMB,East,Basic,Active,kristenochoa@example.net
CUST_04821,Matthew Roberts,2021-01-13,SMB,West,Enterprise,Churned,gsmith@example.org
CUST_04822,Stephen King,2021-10-08,Mid-Market,East,Pro,Active,xmoore@example.com
CUST_04823,Heather Gonzalez,2023-07-29,SMB,West,Basic,Churned,wwilliams@example.com
CUST_04824,Roy Mendez,2022-08-23,Mid-Market,North,Pro,Active,donaldchen@example.com
CUST_04825,Jeremiah Thomas,2021-10-22,SMB,International,Enterprise,Active,michaelhurley@example.org
CUST_04826,Elizabeth Martinez,2021-04-25,Mid-Market,International,Pro,Active,nayala@example.org
CUST_04827,Matthew Hall,2023-03-20,SMB,North,Basic,Active,john98@example.net
CUST_04828,Derek Moore,2023-04-14,SMB,South,Pro,Active,eric36@example.org
CUST_04829,Kathryn Lozano,2023-12-02,SMB,West,Enterprise,Active,vswanson@example.com
CUST_04830,Nicole Gomez,2021-11-07,Enterprise,North,Basic,Churned,megan81@example.org
CUST_04831,Corey Rodriguez,2023-11-27,SMB,International,Basic,Churned,erin27@example.net
CUST_04832,Darryl Horn,2024-01-18,SMB,West,Basic,Churned,rachel23@example.net
CUST_04833,Jennifer Wade,2024-03-26,SMB,West,Basic,Active,thomasgarcia@example.com
CUST_04834,Debra Johnson,2024-01-12,SMB,International,Pro,Active,tiffany46@example.com
CUST_04835,Annette Martin,2022-02-28,SMB,North,Pro,Active,fhall@example.org
CUST_04836,Hayley Pace,2022-08-09,SMB,South,Pro,Active,amandamorrison@example.org
CUST_04837,Matthew Shelton,2023-01-29,SMB,North,Pro,Active,briana28@example.net
CUST_04838,Jessica Velazquez,2022-01-20,Mid-Market,North,Pro,Churned,yhenry@example.com
CUST_04839,Mario Flores,2024-02-29,SMB,North,Enterprise,Active,jay37@example.org
CUST_04840,Brandi Alexander,2021-01-02,Mid-Market,International,Enterprise,Churned,cathycarrillo@example.net
CUST_04841,Roger Cooper,2022-12-08,SMB,North,Basic,Active,smithnicolas@example.com
CUST_04842,Christopher Scott,2021-05-03,SMB,West,Pro,Active,stephanie86@example.net
CUST_04843,Janet Tyler,2024-03-27,Enterprise,West,Enterprise,Active,jay71@example.com
CUST_04844,Karen Rodriguez,2021-05-20,SMB,South,Basic,Churned,kellyadam@example.net
CUST_04845,Ana Chavez,2023-02-28,Enterprise,South,Basic,Active,ortegaashley@example.com
CUST_04846,Marcus Skinner,2022-01-27,Mid-Market,West,Pro,Active,ocole@example.org
CUST_04847,Miss Virginia Small,2023-09-05,SMB,East,Basic,Active,shelly48@example.com
CUST_04848,William Moore,2021-01-25,Mid-Market,North,Pro,Churned,xsantiago@example.net
CUST_04849,Stephanie Johnson,2023-07-06,Mid-Market,South,Enterprise,Churned,robertmoran@example.org
CUST_04850,Kaitlyn Thompson,2021-07-06,SMB,South,Pro,Active,kmiller@example.org
CUST_04851,Sarah Cantrell,2021-07-30,SMB,East,Basic,Active,hector95@example.net
CUST_04852,Andrew Young,2022-02-23,SMB,East,Pro,Active,hesslisa@example.net
CUST_04853,Julie Bell,2023-03-09,Enterprise,South,Basic,Active,yward@example.net
CUST_04854,Christopher Smith,2024-03-10,SMB,North,Enterprise,Active,bauermichelle@example.net
CUST_04855,Austin Rogers,2023-12-04,SMB,South,Basic,Churned,stephanienavarro@example.org
CUST_04856,Tasha Williams,2021-03-27,Mid-Market,East,Pro,Active,wsnyder@example.net
CUST_04857,Kari Peterson,2022-03-01,SMB,International,Basic,Active,stefanie09@example.com
CUST_04858,Anne Rogers,2022-12-14,Mid-Market,North,Pro,Active,christine72@example.org
CUST_04859,Marco Byrd,2023-01-17,Mid-Market,South,Basic,Active,seanshaw@example.com
CUST_04860,Thomas Roberts,2023-11-09,SMB,East,Pro,Churned,benjaminmcguire@example.org
CUST_04861,Debra Bates,2023-08-17,Mid-Market,North,Pro,Active,fleminghaley@example.com
CUST_04862,John Hughes,2022-11-08,SMB,North,Basic,Active,sarahjacobs@example.org
CUST_04863,Sue Rodriguez,2024-05-23,Mid-Market,East,Pro,Active,ccole@example.com
CUST_04864,Meghan Powers,2021-11-07,Enterprise,North,Enterprise,Active,velliott@example.net
CUST_04865,Theresa Patel,2022-01-02,Mid-Market,West,Basic,Active,enelson@example.org
CUST_04866,Matthew Pineda,2022-03-31,Mid-Market,West,Pro,Active,bdavidson@example.com
CUST_04867,Kathy Weber,2021-05-06,Enterprise,West,Basic,Active,umedina@example.org
CUST_04868,Anthony Rasmussen,2023-05-24,Enterprise,International,Pro,Active,bailey16@example.net
CUST_04869,Michael Harper,2022-01-26,Mid-Market,East,Enterprise,Active,saragreen@example.org
CUST_04870,Mrs. Alexis Alexander,2021-09-14,Enterprise,International,Enterprise,Active,benjamin93@example.com
CUST_04871,Robert Massey,2022-04-04,SMB,West,Pro,Active,phillip92@example.com
CUST_04872,Stephanie Taylor,2023-09-01,SMB,East,Basic,Active,basskiara@example.org
CUST_04873,Tiffany Moore,2023-10-24,SMB,North,Enterprise,Churned,tamaraparsons@example.org
CUST_04874,James Webb,2023-10-30,Mid-Market,East,Pro,Active,vanessamoore@example.org
CUST_04875,Juan Peterson,2023-06-26,Mid-Market,North,Enterprise,Active,kristin15@example.org
CUST_04876,Eric Peterson,2022-07-25,Enterprise,North,Basic,Active,ajames@example.net
CUST_04877,Misty Smith,2021-04-17,Mid-Market,North,Basic,Active,sabrina83@example.com
CUST_04878,Amber Mckay,2023-07-05,SMB,West,Enterprise,Active,harrisrenee@example.org
CUST_04879,Vanessa Underwood,2023-05-25,Enterprise,International,Pro,Active,mmorgan@example.org
CUST_04880,Erica Oconnor,2023-02-10,SMB,East,Pro,Active,christina97@example.net
CUST_04881,Rose Johnson,2023-07-22,SMB,South,Basic,Active,bsolis@example.org
CUST_04882,Dominic Bennett,2023-12-10,Enterprise,West,Pro,Active,kristin37@example.org
CUST_04883,Rachel Quinn MD,2023-01-21,Mid-Market,North,Enterprise,Churned,sbraun@example.org
CUST_04884,Jeffrey Keller,2023-02-17,SMB,International,Enterprise,Active,sallen@example.com
CUST_04885,Shaun Knox,2022-01-09,Mid-Market,East,Enterprise,Churned,zzimmerman@example.com
CUST_04886,Nancy Scott,2021-01-28,Enterprise,South,Basic,Active,martha66@example.org
CUST_04887,Donna Ryan,2023-05-13,Mid-Market,West,Basic,Churned,rparker@example.org
CUST_04888,Isaiah Hall Jr.,2021-08-23,Enterprise,East,Pro,Active,swansoncassandra@example.net
CUST_04889,Jason Fletcher,2021-03-31,SMB,West,Basic,Churned,christophermartin@example.org
CUST_04890,Laura Richards,2021-03-04,SMB,South,Enterprise,Active,davidhart@example.org
CUST_04891,Michael Martinez,2022-03-04,Enterprise,East,Basic,Active,dorothysmith@example.net
CUST_04892,Jorge Leblanc,2024-02-14,SMB,East,Enterprise,Active,robert71@example.com
CUST_04893,Mary Rodriguez,2022-02-28,Mid-Market,East,Basic,Active,ysantos@example.com
CUST_04894,Ethan Kelley,2024-03-14,SMB,North,Pro,Active,barbaramcclain@example.com
CUST_04895,Nancy Wood,2023-11-01,SMB,South,Enterprise,Active,yvasquez@example.net
CUST_04896,Nicole Ross,2022-05-07,SMB,South,Basic,Active,lisa66@example.com
CUST_04897,Karen Long,2023-10-11,Enterprise,International,Basic,Active,david85@example.net
CUST_04898,Jeffrey Rivera,2023-11-28,SMB,South,Pro,Churned,sara17@example.com
CUST_04899,Kenneth Medina,2024-04-27,Mid-Market,International,Basic,Active,lmoreno@example.net
CUST_04900,Whitney Mcdonald,2021-01-06,SMB,North,Pro,Churned,joy22@example.org
CUST_04901,Michael Spencer,2021-10-17,Enterprise,West,Enterprise,Churned,perrycatherine@example.net
CUST_04902,Julie Shelton,2023-02-12,Mid-Market,South,Basic,Active,rglover@example.org
CUST_04903,Robert Taylor,2022-11-24,Mid-Market,East,Pro,Active,bvalencia@example.org
CUST_04904,Danielle Mcbride,2022-02-20,SMB,North,Pro,Active,scottbrian@example.org
CUST_04905,Cheryl Knight,2022-04-26,SMB,North,Pro,Active,johnsmith@example.org
CUST_04906,Brian Melton,2024-05-10,Mid-Market,North,Pro,Active,elizabeth65@example.com
CUST_04907,Erica Mills,2021-04-30,SMB,North,Basic,Churned,nathan45@example.org
CUST_04908,Ashley Jones,2024-04-20,Enterprise,West,Basic,Active,robertellis@example.com
CUST_04909,Michael Mills,2022-09-27,SMB,West,Pro,Active,charles79@example.net
CUST_04910,Jonathan Marquez,2022-04-18,SMB,East,Basic,Active,douglasmark@example.com
CUST_04911,Suzanne Reynolds,2024-05-14,SMB,East,Basic,Active,dianeharris@example.net
CUST_04912,Laura Page,2021-04-12,SMB,West,Basic,Active,ebeck@example.com
CUST_04913,Tammy Murphy,2021-07-01,SMB,South,Pro,Churned,smckee@example.org
CUST_04914,Nicole Kaiser,2021-02-20,Mid-Market,International,Basic,Active,banderson@example.net
CUST_04915,John Padilla,2023-05-29,SMB,North,Basic,Active,brittanylong@example.net
CUST_04916,Diane Reynolds,2022-09-13,Mid-Market,West,Enterprise,Active,mary79@example.com
CUST_04917,John Acosta,2021-01-08,SMB,West,Enterprise,Active,davisnatalie@example.org
CUST_04918,Tara Sweeney,2021-06-30,SMB,International,Basic,Churned,lawsonbrian@example.net
CUST_04919,Nathan Lowe,2022-05-16,Mid-Market,North,Pro,Churned,marylopez@example.net
CUST_04920,Brian Anderson,2023-07-07,SMB,North,Pro,Active,dana90@example.net
CUST_04921,Guy Hogan,2021-09-13,Mid-Market,East,Basic,Active,margaretochoa@example.net
CUST_04922,Michael Hernandez,2023-04-16,Enterprise,North,Pro,Active,myersronald@example.org
CUST_04923,Cynthia Lewis,2023-04-11,Mid-Market,West,Basic,Active,benjamin24@example.org
CUST_04924,Janet Morris,2023-10-12,Mid-Market,North,Pro,Active,bestalexis@example.org
CUST_04925,Emily Blackburn,2022-03-20,SMB,East,Basic,Active,cameron42@example.org
CUST_04926,Douglas Evans,2023-01-03,Mid-Market,International,Pro,Churned,brandon45@example.org
CUST_04927,Nichole Lewis,2021-11-27,SMB,West,Basic,Active,shellyrobertson@example.net
CUST_04928,Sonia Franklin,2023-06-05,Mid-Market,North,Pro,Active,qjohnson@example.com
CUST_04929,Timothy Harris,2022-02-03,SMB,North,Pro,Active,solomonalexander@example.com
CUST_04930,Justin Young,2022-10-28,Mid-Market,International,Enterprise,Churned,jacqueline32@example.com
CUST_04931,Marvin Burns,2024-01-07,SMB,West,Pro,Active,matthew76@example.org
CUST_04932,Jeremy Alvarez,2022-10-14,Enterprise,East,Basic,Active,matthewcollins@example.org
CUST_04933,Timothy White,2023-09-11,Enterprise,East,Basic,Active,gsullivan@example.com
CUST_04934,Danielle Robinson,2023-02-18,Mid-Market,West,Enterprise,Active,catherinewhite@example.net
CUST_04935,Charles Jones,2023-12-26,SMB,East,Basic,Churned,peckcorey@example.com
CUST_04936,Courtney Wright,2022-08-19,Enterprise,West,Basic,Active,kimthomas@example.net
CUST_04937,Lisa Mcclure,2022-11-07,Mid-Market,West,Enterprise,Active,patriciaburnett@example.com
CUST_04938,Michael Collier,2021-10-12,SMB,International,Pro,Active,guerracarrie@example.net
CUST_04939,Connie Ellison,2021-07-10,SMB,South,Basic,Active,hernandezscott@example.net
CUST_04940,Michael Cox,2022-09-24,Mid-Market,West,Pro,Active,fcontreras@example.com
CUST_04941,Angela Stevenson,2021-03-31,Enterprise,South,Enterprise,Churned,lshepard@example.org
CUST_04942,Timothy Myers,2022-01-06,SMB,East,Basic,Active,carly00@example.net
CUST_04943,David Long,2023-08-07,Mid-Market,East,Enterprise,Active,philiproberts@example.org
CUST_04944,Nicole Elliott,2024-04-22,SMB,West,Pro,Churned,qchapman@example.org
CUST_04945,Philip Leblanc,2021-01-28,Enterprise,North,Pro,Churned,welchsteven@example.org
CUST_04946,Steve Alexander,2022-07-18,SMB,North,Enterprise,Churned,luismurray@example.org
CUST_04947,Katie Khan,2024-05-15,SMB,West,Basic,Active,udorsey@example.net
CUST_04948,Mr. Thomas Lopez,2023-04-16,SMB,International,Basic,Active,jeffery00@example.net
CUST_04949,Anthony Henderson,2021-12-11,SMB,North,Pro,Active,matthewsimon@example.com
CUST_04950,Karen Griffin,2021-02-10,Enterprise,East,Enterprise,Active,justin58@example.com
CUST_04951,Christopher Barrett,2023-05-18,SMB,International,Enterprise,Churned,ppena@example.com
CUST_04952,Jason Robinson,2023-08-20,SMB,South,Pro,Active,jenniferwilkins@example.com
CUST_04953,Valerie Santiago,2022-10-31,SMB,North,Basic,Active,shawna15@example.com
CUST_04954,Nancy Cook,2022-07-22,SMB,East,Basic,Active,nedwards@example.com
CUST_04955,Nicole Roth,2023-04-16,SMB,South,Enterprise,Active,daniel76@example.net
CUST_04956,Heather Montoya,2024-01-17,SMB,West,Basic,Active,robin65@example.com
CUST_04957,Richard Davidson,2023-02-03,SMB,South,Basic,Churned,janicewest@example.com
CUST_04958,Keith Foster,2023-05-29,Mid-Market,South,Basic,Active,zachary21@example.org
CUST_04959,Catherine Clay,2023-11-19,SMB,South,Pro,Churned,christopher45@example.com
CUST_04960,Kevin Richardson,2022-08-31,SMB,North,Basic,Active,shawnanderson@example.com
CUST_04961,Andrew Jones,2024-01-26,SMB,International,Pro,Active,shariparker@example.org
CUST_04962,Ryan Williams,2022-03-19,SMB,West,Enterprise,Active,walkertommy@example.org
CUST_04963,Brenda Smith,2021-11-12,Mid-Market,South,Basic,Churned,michaeltodd@example.com
CUST_04964,Megan Obrien,2023-08-23,SMB,South,Pro,Churned,catherinewood@example.org
CUST_04965,Megan Raymond,2023-04-17,SMB,North,Pro,Active,ashley28@example.com
CUST_04966,Robert Rhodes,2022-05-31,SMB,West,Basic,Active,james08@example.com
CUST_04967,Christy Lutz,2022-11-22,SMB,International,Pro,Active,karen67@example.net
CUST_04968,Amber Rowland,2022-09-18,Enterprise,West,Basic,Active,lanceross@example.com
CUST_04969,Eric Hoffman,2021-12-25,Enterprise,North,Enterprise,Active,anoble@example.net
CUST_04970,Madeline Clark,2021-04-15,Mid-Market,West,Basic,Active,rwagner@example.net
CUST_04971,Nicholas Moreno,2022-02-06,Mid-Market,West,Enterprise,Active,beth56@example.org
CUST_04972,Rebecca Bennett,2023-10-01,SMB,International,Pro,Active,jasongentry@example.org
CUST_04973,Nicholas Moore,2022-12-09,SMB,South,Pro,Active,crystaltorres@example.com
CUST_04974,Sally Obrien,2021-02-28,SMB,East,Basic,Churned,thomasbrown@example.net
CUST_04975,Christopher Norman,2022-12-27,Enterprise,South,Pro,Churned,jonking@example.com
CUST_04976,Brian Gomez,2022-12-05,Enterprise,North,Pro,Churned,carol61@example.net
CUST_04977,James Palmer,2022-12-05,Mid-Market,South,Pro,Active,waynedunn@example.net
CUST_04978,Melissa Sosa,2022-04-22,Enterprise,East,Enterprise,Active,josephking@example.com
CUST_04979,Nicole Frazier,2022-11-09,SMB,West,Pro,Churned,christopher69@example.net
CUST_04980,Robert Hall,2021-10-19,SMB,North,Pro,Churned,joshua88@example.org
CUST_04981,Cynthia Garcia,2021-12-08,Mid-Market,International,Basic,Active,amymartinez@example.net
CUST_04982,Debra Fisher,2024-02-04,Mid-Market,South,Pro,Active,ballarddeanna@example.org
CUST_04983,Johnny Montes II,2022-12-06,SMB,West,Enterprise,Churned,davisemily@example.org
CUST_04984,Robert Jones,2022-01-30,Enterprise,North,Basic,Active,codyduran@example.org
CUST_04985,Mark Allen,2021-06-14,SMB,South,Basic,Churned,coxjavier@example.org
CUST_04986,Roger Walsh,2021-06-15,SMB,West,Enterprise,Active,erikacarter@example.org
CUST_04987,Cassandra Jackson,2022-09-16,Mid-Market,West,Basic,Active,whitedavid@example.net
CUST_04988,Karen Johnson,2023-07-19,Mid-Market,North,Enterprise,Active,whitemichael@example.org
CUST_04989,Tiffany Davis,2024-01-19,SMB,East,Pro,Active,utucker@example.com
CUST_04990,Melissa Smith,2023-03-01,Mid-Market,South,Basic,Churned,vaughndiana@example.net
CUST_04991,Dr. Tiffany Bennett MD,2023-09-02,SMB,West,Enterprise,Active,lorithompson@example.com
CUST_04992,Kendra Scott,2021-12-08,Mid-Market,International,Pro,Active,kristendixon@example.com
CUST_04993,Thomas Edwards,2021-02-28,Mid-Market,West,Basic,Active,ntorres@example.org
CUST_04994,William Brown,2023-06-25,SMB,West,Pro,Active,esmith@example.org
CUST_04995,Charlotte Johnson,2024-03-15,Enterprise,North,Pro,Active,brian93@example.net
CUST_04996,Michelle Smith DVM,2022-04-27,SMB,North,Pro,Active,justinreeves@example.net
CUST_04997,Ryan Jackson,2023-10-09,SMB,South,Enterprise,Active,awade@example.org
CUST_04998,Kyle Mckinney,2024-04-23,Mid-Market,South,Basic,Active,josephjones@example.org
CUST_04999,Noah Bell,2023-05-08,SMB,West,Basic,Active,xcruz@example.org
CUST_05000,Amanda Martin,2022-03-17,SMB,North,Basic,Churned,danielkim@example.net
CUST_05001,Dylan Rice,2023-12-23,Mid-Market,International,Enterprise,Active,garyhughes@example.net
CUST_05002,Paul Miller,2022-08-21,Mid-Market,International,Basic,Active,hwagner@example.com
CUST_05003,Mrs. Sandra Herrera,2023-04-01,Enterprise,West,Basic,Active,stephaniesmith@example.com
CUST_05004,Colin Sanders,2022-05-02,Enterprise,East,Pro,Active,karen67@example.org
CUST_05005,Carolyn Williams,2023-06-24,Mid-Market,West,Pro,Active,christopher53@example.net
CUST_05006,Diane Nunez,2022-11-10,Mid-Market,North,Pro,Active,latoya19@example.net
CUST_05007,Benjamin Ortega,2021-06-24,Enterprise,South,Basic,Active,westlaura@example.org
CUST_05008,Kathryn Martin,2023-02-02,SMB,North,Pro,Churned,robert77@example.org
CUST_05009,Jonathan King,2021-11-18,SMB,West,Enterprise,Active,dbishop@example.net
CUST_05010,Matthew Perez,2021-08-08,SMB,West,Pro,Active,santosphilip@example.net
CUST_05011,Andrew Peck,2023-08-16,Mid-Market,North,Pro,Active,marcrobbins@example.org
CUST_05012,Steven Ramos,2021-05-12,Mid-Market,South,Enterprise,Active,cdavidson@example.org
CUST_05013,Brenda Lopez,2023-05-26,Mid-Market,North,Basic,Churned,wilsonhannah@example.org
CUST_05014,Isaac Davis,2023-09-29,SMB,West,Pro,Churned,bryanlee@example.org
CUST_05015,Craig Reyes,2022-05-20,SMB,East,Basic,Active,joneschristine@example.org
CUST_05016,Christopher Williams,2023-08-02,SMB,South,Enterprise,Active,caleb74@example.com
CUST_05017,Michelle Murray,2024-03-02,SMB,South,Enterprise,Active,wnelson@example.com
CUST_05018,Susan Hawkins,2022-12-11,SMB,East,Basic,Active,crystaldavis@example.com
CUST_05019,Jo Keller,2022-02-07,SMB,North,Enterprise,Churned,parkerkenneth@example.net
CUST_05020,David Mcgrath,2021-12-30,Mid-Market,West,Basic,Churned,rayrobin@example.org
CUST_05021,Tiffany Hill DVM,2022-05-15,SMB,West,Basic,Active,sporter@example.com
CUST_05022,Jason Jones,2022-09-27,SMB,North,Basic,Active,david96@example.net
CUST_05023,John Carroll,2023-03-30,SMB,South,Basic,Active,colekirk@example.org
CUST_05024,Karen Meza,2022-07-12,Mid-Market,West,Basic,Churned,andersonelijah@example.org
CUST_05025,Darlene Galloway,2023-07-30,SMB,South,Enterprise,Active,kevinwagner@example.org
CUST_05026,Matthew Morris,2021-10-27,Mid-Market,West,Basic,Active,jessicabrown@example.com
CUST_05027,Maria White,2022-05-14,Mid-Market,North,Pro,Active,alexandria87@example.org
CUST_05028,Jonathan Thompson,2022-10-05,SMB,North,Pro,Churned,nbernard@example.net
CUST_05029,Cheryl Fuller,2022-09-28,Mid-Market,North,Basic,Churned,jackie02@example.net
CUST_05030,Amanda Ochoa,2021-12-13,Enterprise,West,Basic,Active,barbaramorales@example.com
CUST_05031,Larry Rice,2022-02-08,Mid-Market,East,Basic,Active,smitchell@example.com
CUST_05032,Jesse Richards,2021-09-06,Enterprise,South,Enterprise,Active,luisblake@example.net
CUST_05033,Michael Morrison,2022-05-02,SMB,West,Basic,Active,zstanley@example.org
CUST_05034,Brittney Wright,2023-09-08,SMB,East,Pro,Active,mariavincent@example.org
CUST_05035,Lydia Brown,2023-11-12,SMB,East,Pro,Active,jenkinsjames@example.com
CUST_05036,Audrey Vazquez,2021-04-05,Mid-Market,East,Pro,Churned,christopherross@example.org
CUST_05037,Michael Cooper,2021-07-24,Mid-Market,West,Basic,Active,klewis@example.net
CUST_05038,Catherine Robinson,2023-06-08,SMB,East,Enterprise,Churned,stephen44@example.com
CUST_05039,Robert Wilson,2023-12-28,SMB,North,Enterprise,Active,james42@example.org
CUST_05040,John Baker,2023-12-20,Mid-Market,East,Basic,Active,kelly95@example.com
CUST_05041,Carol Hess,2021-06-14,SMB,East,Enterprise,Active,hayden46@example.org
CUST_05042,Stephanie Jones,2023-01-15,SMB,South,Basic,Active,martinezrenee@example.com
CUST_05043,Maria Thompson,2023-03-09,SMB,South,Pro,Active,donna42@example.net
CUST_05044,Kathryn Ramos,2022-04-29,SMB,East,Pro,Active,scott35@example.org
CUST_05045,Lisa Rice,2023-10-24,SMB,West,Enterprise,Active,pbrooks@example.net
CUST_05046,Heather Dickerson,2022-12-27,SMB,North,Enterprise,Active,marshalllisa@example.com
CUST_05047,Tony Jones,2023-06-22,Enterprise,West,Pro,Active,melissacastillo@example.net
CUST_05048,Michael Young,2023-07-29,SMB,East,Basic,Churned,susan82@example.com
CUST_05049,Craig Jones,2022-08-10,SMB,East,Enterprise,Active,taylorrichard@example.com
CUST_05050,Cynthia Mendoza,2022-08-15,Enterprise,North,Pro,Active,tcase@example.org
CUST_05051,Victoria Reid,2023-02-20,SMB,West,Basic,Churned,crystal06@example.com
CUST_05052,Leslie Wilson,2021-08-15,Mid-Market,North,Pro,Churned,graymichelle@example.net
CUST_05053,Paul Gentry,2021-12-23,SMB,West,Enterprise,Active,ibarradylan@example.org
CUST_05054,Katherine Sosa,2021-08-19,Enterprise,East,Basic,Active,cruzalbert@example.org
CUST_05055,Deborah Miller,2023-05-02,SMB,North,Pro,Churned,garciarachel@example.com
CUST_05056,Nicholas Lee,2024-01-09,Enterprise,South,Basic,Active,qwilliams@example.org
CUST_05057,William Martin,2021-02-14,Mid-Market,East,Pro,Active,gmccormick@example.org
CUST_05058,Ashley Thompson,2021-02-27,SMB,North,Enterprise,Churned,qoneal@example.net
CUST_05059,Kimberly Thomas,2022-04-12,Mid-Market,International,Pro,Active,jeffersonchristine@example.com
CUST_05060,Robin Goodwin,2024-03-26,Mid-Market,West,Enterprise,Active,qwagner@example.org
CUST_05061,Antonio Jones,2024-05-01,SMB,International,Basic,Churned,ramirezjoseph@example.com
CUST_05062,Martin Walker,2022-11-07,SMB,North,Pro,Active,tjackson@example.net
CUST_05063,Andrea Petty,2023-02-12,Mid-Market,South,Basic,Active,gene59@example.net
CUST_05064,Denise Hester,2023-07-15,SMB,North,Pro,Churned,nterry@example.com
CUST_05065,Lisa Jackson,2022-01-30,SMB,North,Basic,Churned,anthonyedwards@example.com
CUST_05066,Mary Burke,2023-04-01,SMB,East,Pro,Active,peterhamilton@example.com
CUST_05067,Mario Williams,2023-12-13,SMB,West,Pro,Active,catherineblair@example.net
CUST_05068,Aaron Campbell,2024-03-26,SMB,West,Pro,Active,ashleyhester@example.com
CUST_05069,Jessica Johnson,2021-04-27,Mid-Market,East,Pro,Active,alyssasaunders@example.net
CUST_05070,Mark Reyes,2021-08-15,SMB,East,Basic,Churned,bondrobert@example.com
CUST_05071,John Stark,2022-12-30,SMB,International,Enterprise,Active,knoxmark@example.org
CUST_05072,Anita Davis,2021-01-20,Enterprise,West,Pro,Active,david22@example.com
CUST_05073,Matthew Melendez,2022-10-04,SMB,West,Pro,Active,walterdavid@example.com
CUST_05074,Edward Shaw,2021-07-12,Mid-Market,North,Enterprise,Churned,marcbrooks@example.com
CUST_05075,Donald Sanchez,2023-07-08,SMB,West,Enterprise,Active,lgallagher@example.com
CUST_05076,Jermaine Kline,2024-05-07,SMB,North,Enterprise,Active,kiara57@example.org
CUST_05077,Dr. Justin Brady,2021-05-26,Mid-Market,East,Pro,Churned,jessica25@example.org
CUST_05078,Tony Hurley,2024-04-23,SMB,International,Basic,Active,robert90@example.org
CUST_05079,Renee Mejia,2021-12-08,SMB,East,Basic,Active,melissachapman@example.net
CUST_05080,Lisa Hart,2023-10-21,Enterprise,West,Basic,Churned,kmurphy@example.org
CUST_05081,Jennifer Scott,2021-12-18,SMB,West,Basic,Churned,thomaslori@example.net
CUST_05082,Debra Kim,2021-09-04,Mid-Market,North,Enterprise,Active,castrokatherine@example.com
CUST_05083,Angela Anderson,2022-11-06,Mid-Market,International,Pro,Active,robertsingh@example.com
CUST_05084,Connie Neal,2024-05-18,Enterprise,South,Enterprise,Active,chad39@example.com
CUST_05085,David Martin,2022-08-29,Mid-Market,East,Pro,Active,robert42@example.net
CUST_05086,Christopher Nelson,2023-05-13,SMB,South,Pro,Active,donald63@example.org
CUST_05087,Jason Jones,2024-04-15,SMB,East,Basic,Active,mfox@example.com
CUST_05088,Christopher Reyes,2022-03-23,SMB,International,Basic,Active,wendy33@example.net
CUST_05089,Donna Joseph,2022-12-02,Mid-Market,West,Enterprise,Churned,castillolinda@example.com
CUST_05090,David Duke,2022-01-13,SMB,East,Basic,Active,bruceochoa@example.com
CUST_05091,Joseph Turner,2022-06-05,SMB,West,Basic,Active,bdelgado@example.org
CUST_05092,Megan Mccoy,2021-08-06,SMB,International,Enterprise,Active,christopherruiz@example.net
CUST_05093,Monique Sutton,2021-03-18,SMB,South,Pro,Churned,johnsonjohn@example.com
CUST_05094,Dr. Timothy Jimenez,2023-01-04,SMB,East,Basic,Churned,dlogan@example.org
CUST_05095,Gloria Finley,2022-10-14,SMB,East,Pro,Churned,wcollins@example.com
CUST_05096,Stephen Clark,2022-05-12,Mid-Market,North,Basic,Churned,austinlinda@example.net
CUST_05097,Hunter Stevenson,2022-11-23,SMB,South,Pro,Active,rodriguezbrent@example.com
CUST_05098,Laura Watson,2022-09-19,SMB,South,Pro,Active,lynnmedina@example.net
CUST_05099,Cheryl Wright,2022-07-23,SMB,North,Pro,Active,harriserika@example.org
CUST_05100,Matthew Edwards,2021-12-27,Enterprise,East,Enterprise,Active,marshalldouglas@example.com
CUST_05101,Charles Flynn,2022-11-05,SMB,International,Pro,Active,cruzjuan@example.org
CUST_05102,Zachary Francis,2021-05-12,SMB,South,Basic,Churned,kevin87@example.com
CUST_05103,Timothy Conway,2023-05-29,Mid-Market,East,Enterprise,Active,jhaley@example.org
CUST_05104,Dawn Taylor,2022-04-09,SMB,East,Basic,Active,lwright@example.net
CUST_05105,Jeffrey Murphy,2021-09-29,SMB,North,Pro,Active,whull@example.org
CUST_05106,Brooke Yang,2021-07-12,SMB,International,Pro,Active,william37@example.com
CUST_05107,Caitlyn Payne,2021-05-06,SMB,West,Enterprise,Active,alyssa89@example.org
CUST_05108,Stefanie Higgins,2022-10-03,SMB,North,Basic,Active,maria51@example.com
CUST_05109,Felicia Aguilar,2022-09-27,Enterprise,North,Enterprise,Active,lee64@example.com
CUST_05110,Randall Thomas,2022-07-09,Mid-Market,East,Enterprise,Churned,johnsoncharles@example.com
CUST_05111,Shane Good,2022-05-17,SMB,West,Basic,Active,xsimpson@example.com
CUST_05112,Steve Cobb,2023-06-19,SMB,East,Basic,Active,mgill@example.net
CUST_05113,Andrew Barry,2023-11-21,SMB,North,Enterprise,Active,nicholas09@example.net
CUST_05114,Jessica Thomas,2021-01-17,Enterprise,International,Basic,Active,rebecca28@example.net
CUST_05115,Robert Collins,2022-01-30,SMB,East,Basic,Active,murrayrachel@example.org
CUST_05116,Kathleen Nelson,2021-03-21,SMB,North,Basic,Active,pwilliams@example.org
CUST_05117,Daniel Evans,2021-07-11,SMB,West,Basic,Active,imatthews@example.net
CUST_05118,Janice Adams,2023-03-01,SMB,West,Pro,Active,lmorris@example.com
CUST_05119,Matthew Robbins,2022-02-13,SMB,North,Enterprise,Active,mistywolf@example.com
CUST_05120,Steven Morgan Jr.,2024-04-30,Mid-Market,West,Basic,Active,erin66@example.net
CUST_05121,Andrea Howard,2023-02-22,Enterprise,North,Enterprise,Active,urodriguez@example.com
CUST_05122,Megan Miller,2024-05-13,Mid-Market,International,Pro,Churned,lperry@example.com
CUST_05123,Ms. Jennifer Francis,2023-02-25,Mid-Market,North,Basic,Churned,oking@example.org
CUST_05124,Stephen Edwards,2024-01-15,Mid-Market,East,Enterprise,Active,ewilson@example.org
CUST_05125,Geoffrey Joyce,2022-04-18,Mid-Market,West,Pro,Active,davidescobar@example.org
CUST_05126,Jacqueline Lawson,2021-11-01,Mid-Market,East,Basic,Active,watkinschristopher@example.org
CUST_05127,Jessica Bradley,2022-01-20,Mid-Market,East,Pro,Active,angela69@example.com
CUST_05128,Kelly Duncan,2024-01-09,Mid-Market,West,Enterprise,Active,fstevenson@example.net
CUST_05129,Danny Bailey,2021-07-29,SMB,East,Basic,Active,qsims@example.net
CUST_05130,Kenneth Rivas,2022-06-06,SMB,International,Basic,Active,henrybailey@example.net
CUST_05131,Jennifer Anderson,2022-08-13,SMB,South,Enterprise,Churned,pughdennis@example.com
CUST_05132,Thomas Miranda,2021-10-01,Mid-Market,South,Pro,Active,freemanjames@example.org
CUST_05133,Ann Petersen,2021-02-14,Mid-Market,North,Pro,Active,rsanchez@example.net
CUST_05134,Joseph Contreras,2023-12-08,Mid-Market,International,Enterprise,Active,lisasmith@example.org
CUST_05135,Adam Lopez,2023-09-10,SMB,International,Pro,Active,pruiz@example.net
CUST_05136,Jesse Myers,2024-05-24,SMB,South,Basic,Active,gabriel98@example.com
CUST_05137,April Evans,2021-07-16,Mid-Market,South,Basic,Active,masseyjennifer@example.org
CUST_05138,Caitlin Harris,2021-09-13,SMB,South,Basic,Active,karenparker@example.net
CUST_05139,Jeremy Hancock,2024-04-20,SMB,West,Basic,Active,yclark@example.com
CUST_05140,Nathaniel Cobb,2022-07-17,Enterprise,East,Pro,Active,jmiller@example.net
CUST_05141,Brittany Sanford,2023-02-12,SMB,South,Pro,Active,mcdanielruben@example.net
CUST_05142,Lauren Wagner,2024-04-01,Mid-Market,East,Pro,Active,qlevy@example.org
CUST_05143,Christina Banks,2021-02-15,Enterprise,East,Pro,Active,mckinneyclifford@example.org
CUST_05144,Angela Washington,2022-06-19,SMB,North,Pro,Active,pachecojason@example.com
CUST_05145,James Long,2022-03-17,SMB,International,Basic,Active,timothy81@example.net
CUST_05146,Jason Sweeney,2023-07-07,Mid-Market,West,Enterprise,Churned,matthew33@example.net
CUST_05147,Anthony Thompson DDS,2022-10-30,Mid-Market,South,Enterprise,Churned,vanessa03@example.com
CUST_05148,Gregory Barker,2021-02-10,Mid-Market,East,Pro,Active,kellereric@example.com
CUST_05149,Beth Norris,2022-01-06,Mid-Market,South,Pro,Active,robert19@example.net
CUST_05150,Robert Clayton,2023-06-10,SMB,South,Enterprise,Active,brianpowell@example.com
CUST_05151,Joy Jones,2022-07-24,Mid-Market,International,Enterprise,Active,srivera@example.net
CUST_05152,Joshua Jones,2023-04-17,SMB,West,Pro,Active,ernest98@example.org
CUST_05153,Stephanie Blankenship,2022-09-29,SMB,East,Enterprise,Churned,murphyjoshua@example.com
CUST_05154,Jason Andrews,2021-12-31,SMB,South,Pro,Active,ricardomiller@example.com
CUST_05155,Ryan Taylor,2024-04-18,Mid-Market,West,Pro,Churned,susanwarner@example.com
CUST_05156,Keith Murphy,2021-03-10,Mid-Market,South,Pro,Active,jeanette90@example.org
CUST_05157,Kristina Baker,2022-05-08,Mid-Market,West,Enterprise,Active,jake45@example.com
CUST_05158,Dr. Jason Foster,2021-12-20,SMB,South,Enterprise,Active,samanthaherrera@example.com
CUST_05159,Gerald Waters,2021-05-27,SMB,International,Basic,Active,mannbrandi@example.org
CUST_05160,Linda Cortez,2024-03-19,SMB,East,Basic,Churned,jrobertson@example.org
CUST_05161,Marilyn Figueroa,2023-03-01,SMB,International,Enterprise,Churned,susan93@example.com
CUST_05162,Tammy Riley,2021-06-23,SMB,West,Basic,Churned,christopher70@example.com
CUST_05163,Justin Murphy,2024-03-29,Enterprise,South,Enterprise,Active,robertthornton@example.com
CUST_05164,Whitney Gonzales,2022-03-03,Mid-Market,East,Enterprise,Churned,caldwellanthony@example.org
CUST_05165,Michelle Pierce,2021-10-29,Mid-Market,International,Enterprise,Active,hardingeric@example.net
CUST_05166,Jennifer Woods,2023-02-10,SMB,South,Pro,Active,scottblackburn@example.org
CUST_05167,Courtney Schroeder,2021-10-28,Enterprise,South,Basic,Churned,valeriebennett@example.com
CUST_05168,Mr. Brian Fuller,2022-07-31,Mid-Market,South,Pro,Active,baileydonna@example.com
CUST_05169,Dustin Atkins Jr.,2023-02-13,SMB,West,Pro,Active,cburns@example.com
CUST_05170,Robert Harris,2021-11-05,SMB,East,Basic,Churned,charlesking@example.net
CUST_05171,Tracy Vang,2021-04-08,Mid-Market,North,Pro,Active,vanessa88@example.com
CUST_05172,Daisy Guerrero,2022-07-28,Mid-Market,South,Basic,Active,zachary86@example.net
CUST_05173,Samuel Rivera,2023-04-27,SMB,North,Enterprise,Active,taylorbrittany@example.org
CUST_05174,Stephen Anderson,2022-10-04,Mid-Market,South,Enterprise,Active,tracey80@example.net
CUST_05175,Garrett Williams,2024-05-24,SMB,East,Enterprise,Active,atkinsonkimberly@example.com
CUST_05176,Ethan Cobb,2023-02-06,SMB,International,Enterprise,Active,williamschad@example.net
CUST_05177,Tracy Schaefer,2023-10-26,SMB,International,Pro,Active,gclark@example.com
CUST_05178,Jeremy Chang,2023-07-31,Enterprise,North,Basic,Active,crystalchandler@example.com
CUST_05179,James Armstrong,2022-05-07,SMB,International,Enterprise,Active,spencerjoshua@example.org
CUST_05180,Joseph Shah,2022-06-28,SMB,South,Pro,Active,hjimenez@example.org
CUST_05181,Curtis Smith,2022-12-28,Enterprise,South,Enterprise,Active,david84@example.net
CUST_05182,Casey Mccoy,2021-06-05,SMB,South,Basic,Active,millerrebecca@example.net
CUST_05183,Perry Burke,2021-05-02,SMB,West,Basic,Active,lanegabriel@example.net
CUST_05184,Roger Edwards,2024-03-15,Enterprise,West,Basic,Active,vhowell@example.net
CUST_05185,Michael Wolf,2023-01-02,SMB,South,Enterprise,Active,johndaniels@example.com
CUST_05186,Victoria Price,2022-12-05,Mid-Market,West,Pro,Active,ojohnson@example.com
CUST_05187,Sarah Mills,2023-05-16,SMB,West,Enterprise,Active,paula13@example.com
CUST_05188,Daniel Salazar,2021-09-24,Mid-Market,North,Basic,Active,ipierce@example.com
CUST_05189,Michael Delgado,2021-01-28,Mid-Market,West,Basic,Active,ricewilliam@example.com
CUST_05190,Michael Carroll,2024-03-14,Enterprise,International,Pro,Active,cynthiasalas@example.com
CUST_05191,Catherine Goodwin,2024-04-12,Enterprise,West,Pro,Active,williamrich@example.com
CUST_05192,Timothy Hansen,2024-05-13,SMB,North,Enterprise,Active,david31@example.org
CUST_05193,Katrina Brown,2022-10-06,SMB,West,Pro,Active,zcalderon@example.com
CUST_05194,Kevin Huerta DDS,2023-10-26,Enterprise,International,Basic,Active,kathrynbaxter@example.org
CUST_05195,Kerry Haas,2023-05-24,SMB,South,Enterprise,Churned,cflores@example.com
CUST_05196,Jonathan Goodwin,2021-07-10,SMB,South,Pro,Active,johnhuff@example.org
CUST_05197,James Burns,2021-01-01,SMB,East,Pro,Churned,prodriguez@example.org
CUST_05198,Kyle Bates,2023-02-25,SMB,South,Pro,Active,nicholaspeterson@example.com
CUST_05199,Thomas Campbell,2021-09-30,Enterprise,West,Pro,Active,qwoods@example.net
CUST_05200,Michael Parker,2023-12-15,Mid-Market,South,Pro,Active,shauncannon@example.com
CUST_05201,Eric Roman,2022-04-20,Enterprise,West,Pro,Churned,tonyamorris@example.net
CUST_05202,Ryan Munoz,2022-08-09,Mid-Market,East,Pro,Active,mannlisa@example.com
CUST_05203,Pamela Garcia,2024-01-01,Mid-Market,West,Enterprise,Active,edwardsryan@example.org
CUST_05204,Kimberly Cooper,2021-05-18,SMB,North,Basic,Churned,steve46@example.com
CUST_05205,Mariah Brown MD,2023-09-20,Enterprise,North,Basic,Active,walleramy@example.net
CUST_05206,Wendy Villarreal,2021-07-04,SMB,East,Basic,Churned,jonathonmorris@example.org
CUST_05207,John Hicks,2023-07-22,SMB,North,Pro,Churned,owilliams@example.com
CUST_05208,Stephanie Bennett,2024-05-25,Mid-Market,North,Basic,Active,melissawaters@example.net
CUST_05209,Eric Mata,2021-12-07,Enterprise,West,Enterprise,Active,devon57@example.org
CUST_05210,Evan Gilmore,2023-01-02,Mid-Market,East,Pro,Active,jennifer82@example.com
CUST_05211,Joshua Colon,2023-04-13,SMB,West,Pro,Active,lindaali@example.net
CUST_05212,Susan Marshall,2021-07-15,SMB,East,Enterprise,Churned,hrodriguez@example.net
CUST_05213,Patricia Espinoza,2022-01-20,SMB,North,Enterprise,Churned,dcarpenter@example.net
CUST_05214,Jason Trujillo,2023-05-07,Mid-Market,South,Basic,Active,cynthiajohnson@example.net
CUST_05215,Marisa Ramirez,2023-12-16,SMB,North,Basic,Active,sgoodwin@example.org
CUST_05216,Brendan Ritter,2024-02-02,Mid-Market,North,Basic,Active,samanthahogan@example.org
CUST_05217,Kenneth Ramirez,2024-03-28,Mid-Market,East,Pro,Active,sarahmiles@example.org
CUST_05218,Melissa Camacho,2021-12-16,SMB,International,Pro,Active,plopez@example.net
CUST_05219,Sharon Davis,2023-11-29,SMB,South,Basic,Active,joshua54@example.org
CUST_05220,Lisa Flores,2021-12-31,SMB,East,Basic,Churned,christophercannon@example.org
CUST_05221,Hannah Walker,2022-09-30,Mid-Market,East,Enterprise,Active,rebeccamoore@example.org
CUST_05222,Connor Contreras,2021-03-26,SMB,International,Basic,Active,parkersean@example.net
CUST_05223,Heather Garcia,2022-06-13,SMB,North,Enterprise,Active,fpena@example.org
CUST_05224,Patrick Richardson,2021-12-21,Mid-Market,East,Basic,Active,ithompson@example.com
CUST_05225,Emily Carter,2024-03-22,Mid-Market,International,Pro,Active,kennethhughes@example.net
CUST_05226,Samantha Hahn,2024-04-18,SMB,West,Enterprise,Active,jasonray@example.com
CUST_05227,Cassandra Harper,2023-08-26,Enterprise,South,Basic,Active,randall36@example.org
CUST_05228,Dale Smith,2023-04-03,Mid-Market,South,Enterprise,Churned,paul17@example.org
CUST_05229,Tracy Hernandez,2023-01-13,Mid-Market,East,Basic,Active,youngjared@example.com
CUST_05230,Anthony Bryan,2022-01-24,Enterprise,North,Basic,Churned,krista74@example.net
CUST_05231,Brandon Roman,2021-06-30,Mid-Market,South,Basic,Active,jonathanpearson@example.org
CUST_05232,Melanie Perez,2023-04-15,Enterprise,International,Basic,Active,brownstephanie@example.org
CUST_05233,David Bennett,2023-07-25,SMB,South,Pro,Active,tracimaddox@example.net
CUST_05234,Russell Torres,2022-09-18,SMB,West,Pro,Active,karen85@example.com
CUST_05235,Tammy Bean,2022-01-12,SMB,East,Basic,Active,franciscoandrews@example.org
CUST_05236,Ashley Smith,2024-05-09,Enterprise,East,Pro,Active,alison10@example.com
CUST_05237,Patricia Burgess,2021-07-30,Mid-Market,West,Pro,Churned,whitepedro@example.org
CUST_05238,Kevin Walsh,2023-02-19,SMB,West,Enterprise,Active,qgreen@example.com
CUST_05239,Ronald Weber,2023-12-15,Enterprise,West,Basic,Active,ivance@example.com
CUST_05240,Vincent Butler,2021-09-10,Mid-Market,West,Basic,Active,sgardner@example.com
CUST_05241,Dr. Connie Carey,2021-11-08,Enterprise,International,Enterprise,Active,jordanbrian@example.org
CUST_05242,Denise Prince,2023-04-04,SMB,International,Pro,Churned,michaelnewton@example.org
CUST_05243,Robert May,2023-02-21,SMB,East,Enterprise,Active,mcdanielkatelyn@example.net
CUST_05244,Allison Sanchez,2024-03-19,Enterprise,South,Basic,Active,mooneydanielle@example.net
CUST_05245,Jeffery Wallace,2024-03-10,SMB,North,Pro,Churned,amber33@example.net
CUST_05246,Bryan Gallagher,2022-12-22,SMB,International,Pro,Active,spencer55@example.com
CUST_05247,Andrea Hart,2022-02-17,SMB,East,Pro,Churned,kellychang@example.org
CUST_05248,Robert White,2022-07-02,Enterprise,West,Enterprise,Active,kellydesiree@example.org
CUST_05249,Shannon Frazier,2022-01-27,SMB,South,Pro,Active,danielalexander@example.com
CUST_05250,Barbara Ochoa,2022-08-28,SMB,South,Basic,Active,klawson@example.com
CUST_05251,Sarah Malone,2023-11-15,SMB,South,Enterprise,Active,tdoyle@example.org
CUST_05252,Thomas Brown,2023-11-23,SMB,International,Basic,Active,john32@example.com
CUST_05253,Perry Tucker,2021-12-22,SMB,East,Basic,Active,ycervantes@example.org
CUST_05254,Katie Campbell,2023-01-05,SMB,South,Basic,Active,blakesarah@example.net
CUST_05255,Karen Long,2023-03-29,SMB,International,Basic,Active,jason99@example.com
CUST_05256,Nicholas Todd,2021-02-17,SMB,West,Basic,Churned,leetricia@example.net
CUST_05257,David Davis,2023-11-01,Enterprise,West,Pro,Active,irios@example.net
CUST_05258,Kaylee Burnett,2021-07-12,Mid-Market,North,Pro,Active,theresa48@example.com
CUST_05259,Felicia Johnson,2021-10-03,Mid-Market,South,Enterprise,Active,david23@example.com
CUST_05260,Brian Mendez MD,2023-06-26,SMB,International,Pro,Active,jonathan93@example.net
CUST_05261,Benjamin Martinez,2022-05-02,Mid-Market,International,Pro,Churned,melissa00@example.org
CUST_05262,Heather Rice,2021-09-20,Mid-Market,South,Enterprise,Active,rose86@example.com
CUST_05263,Katelyn Clark,2021-07-20,Enterprise,International,Pro,Active,kimberly96@example.com
CUST_05264,Aaron Taylor,2022-07-27,SMB,North,Pro,Active,dgray@example.com
CUST_05265,Rebecca Baker,2021-06-13,SMB,South,Pro,Active,adamgarcia@example.org
CUST_05266,Jose Clark,2022-11-06,SMB,North,Basic,Churned,michaelmathews@example.net
CUST_05267,Laurie Campbell,2024-04-16,SMB,International,Basic,Active,jason35@example.org
CUST_05268,Chad Lawson,2024-03-12,SMB,East,Pro,Churned,timothy75@example.org
CUST_05269,Jessica Castro,2023-07-31,Enterprise,North,Pro,Active,robinsonjoy@example.com
CUST_05270,John Jones,2023-06-22,SMB,North,Enterprise,Churned,edward81@example.org
CUST_05271,John Tanner,2023-04-18,Mid-Market,North,Basic,Active,chelseasuarez@example.net
CUST_05272,Louis Smith,2022-03-29,SMB,South,Enterprise,Churned,john52@example.net
CUST_05273,Sarah Williams,2022-06-08,SMB,West,Pro,Active,jacob98@example.com
CUST_05274,Donna Grimes,2023-04-28,SMB,East,Pro,Active,millerchristine@example.net
CUST_05275,Nathan Gibson MD,2021-12-08,Mid-Market,North,Pro,Active,pharris@example.com
CUST_05276,Amanda Hodges,2021-11-22,SMB,West,Pro,Active,johnstonrobert@example.net
CUST_05277,Eric Carson,2021-08-15,Mid-Market,North,Pro,Active,vdavila@example.net
CUST_05278,Jerry Lynch,2023-11-11,Mid-Market,North,Basic,Active,chananthony@example.org
CUST_05279,Danielle Cooper,2023-05-16,Mid-Market,West,Pro,Active,rebekahmorales@example.net
CUST_05280,Tammy Stone,2023-03-29,Mid-Market,North,Pro,Active,carterdaniel@example.net
CUST_05281,Stephen Patterson DDS,2022-07-29,SMB,International,Basic,Active,anthonyfoley@example.org
CUST_05282,Stephanie Shaw,2022-04-19,SMB,North,Pro,Active,zstanley@example.org
CUST_05283,Jessica Leblanc,2022-12-07,Mid-Market,South,Enterprise,Active,hugheswilliam@example.org
CUST_05284,David Hines,2023-10-28,SMB,North,Pro,Active,johnsonamanda@example.com
CUST_05285,Justin Reeves,2022-07-21,SMB,East,Pro,Churned,hfitzpatrick@example.org
CUST_05286,Robert Benson,2023-12-15,SMB,South,Pro,Active,trandouglas@example.net
CUST_05287,Carol Henry,2022-10-24,SMB,South,Enterprise,Active,rhonda24@example.net
CUST_05288,Lauren Weber,2023-10-07,SMB,West,Pro,Active,hjohnson@example.com
CUST_05289,Michael Byrd,2022-10-14,Mid-Market,South,Basic,Churned,nancy37@example.net
CUST_05290,Michael Ramirez,2021-08-17,Mid-Market,South,Pro,Active,nnolan@example.org
CUST_05291,Isabella Powell,2021-01-17,Mid-Market,North,Pro,Active,hjohnson@example.com
CUST_05292,Sandra Scott,2023-10-30,Enterprise,South,Enterprise,Active,nelsonkevin@example.org
CUST_05293,Nicholas Johnson,2021-03-19,Enterprise,West,Basic,Active,cwood@example.org
CUST_05294,Scott Martinez,2021-11-14,SMB,West,Pro,Churned,xedwards@example.org
CUST_05295,William Tucker,2024-01-14,Mid-Market,South,Basic,Active,kwarren@example.org
CUST_05296,Kathy Villanueva,2023-09-10,Mid-Market,East,Enterprise,Active,eric34@example.com
CUST_05297,Michelle Johnston PhD,2022-06-05,SMB,East,Pro,Active,paulabrooks@example.net
CUST_05298,Karen Lee,2023-11-03,SMB,West,Enterprise,Active,urussell@example.com
CUST_05299,Todd Hicks,2022-09-07,Mid-Market,North,Enterprise,Active,shuff@example.net
CUST_05300,Dana Estrada,2023-06-18,Enterprise,International,Enterprise,Active,kentmary@example.com
CUST_05301,Kevin Dominguez,2023-09-23,Mid-Market,South,Enterprise,Churned,deborah90@example.com
CUST_05302,Kathleen Martinez,2021-02-02,Mid-Market,South,Basic,Active,james60@example.net
CUST_05303,Dylan Walker,2023-06-15,SMB,North,Enterprise,Active,scottsylvia@example.org
CUST_05304,Troy Brown,2021-10-10,Mid-Market,International,Pro,Active,david16@example.net
CUST_05305,Johnny Bell,2022-09-05,Enterprise,North,Basic,Active,afrank@example.com
CUST_05306,Christopher West,2023-12-23,Enterprise,North,Pro,Active,bgarcia@example.org
CUST_05307,Erika Jenkins,2021-11-11,Mid-Market,East,Pro,Active,gregory72@example.net
CUST_05308,Sydney Watts,2023-01-02,Mid-Market,International,Basic,Active,williamsoto@example.com
CUST_05309,Jennifer Sanders,2022-03-22,SMB,East,Enterprise,Active,melaniegonzales@example.org
CUST_05310,Emily Sampson,2022-10-18,SMB,East,Pro,Active,obowman@example.net
CUST_05311,Jordan Forbes,2022-06-17,Enterprise,North,Basic,Active,nina25@example.com
CUST_05312,Douglas Roman,2022-07-01,SMB,East,Basic,Churned,tinawilliams@example.org
CUST_05313,Alex Steele,2021-02-15,Mid-Market,East,Pro,Active,floreslaura@example.com
CUST_05314,Robert Long,2024-02-27,SMB,West,Basic,Active,younganthony@example.net
CUST_05315,Kaitlin Davis,2023-09-17,SMB,North,Pro,Active,erictownsend@example.org
CUST_05316,Michelle Reyes,2022-09-05,Enterprise,West,Pro,Active,usullivan@example.com
CUST_05317,Erika Fitzgerald,2021-07-25,Mid-Market,South,Enterprise,Active,joshuaburton@example.net
CUST_05318,Scott Levine,2022-05-16,Mid-Market,East,Pro,Active,jeffrey32@example.net
CUST_05319,Susan Owens,2023-06-21,SMB,East,Pro,Active,diazpamela@example.org
CUST_05320,Kelly Mckay,2021-03-17,Mid-Market,East,Enterprise,Active,hwalker@example.org
CUST_05321,Robert Mathews,2022-03-07,Mid-Market,East,Basic,Active,vphillips@example.com
CUST_05322,Brian Wilson,2023-08-23,Mid-Market,South,Enterprise,Active,vsmith@example.com
CUST_05323,Vicki Smith,2021-12-24,Enterprise,West,Enterprise,Active,cindybrooks@example.net
CUST_05324,Johnathan Yates,2021-04-21,SMB,South,Enterprise,Active,christopher35@example.net
CUST_05325,Sara Coffey,2021-08-19,SMB,South,Pro,Active,urios@example.net
CUST_05326,Chris Ross,2021-04-15,Mid-Market,North,Pro,Active,ryan06@example.net
CUST_05327,Max Brown,2023-08-05,Enterprise,East,Enterprise,Active,olsonkathleen@example.net
CUST_05328,Jillian Crane,2022-05-08,Mid-Market,International,Basic,Active,clinejames@example.net
CUST_05329,George Jones,2023-09-18,SMB,West,Pro,Churned,shawngonzalez@example.com
CUST_05330,Felicia Lucas,2022-11-21,Mid-Market,International,Basic,Active,webertravis@example.net
CUST_05331,Craig Adams,2023-09-27,Enterprise,East,Basic,Active,sandersfelicia@example.org
CUST_05332,Todd Ballard,2023-08-16,Mid-Market,East,Basic,Active,pcarrillo@example.org
CUST_05333,Bethany Leonard,2024-01-04,SMB,International,Basic,Active,rebecca70@example.net
CUST_05334,Anna Mayo,2024-04-07,Mid-Market,West,Pro,Active,nelsonhannah@example.org
CUST_05335,Jessica Gilbert,2023-09-27,SMB,East,Pro,Active,bradley89@example.net
CUST_05336,Jermaine Gibbs,2021-11-15,SMB,South,Pro,Active,angela12@example.com
CUST_05337,Katherine Howe,2021-08-29,SMB,South,Enterprise,Active,alansmith@example.org
CUST_05338,Joshua Watkins,2022-09-11,Mid-Market,West,Basic,Active,riveradestiny@example.net
CUST_05339,Bryan Smith,2024-04-29,Mid-Market,South,Pro,Active,justinfranco@example.com
CUST_05340,Kristen Figueroa DDS,2023-10-07,Mid-Market,South,Pro,Active,morgantina@example.net
CUST_05341,Tyler Holmes,2022-05-18,SMB,West,Enterprise,Active,lpatrick@example.net
CUST_05342,Cody Garcia,2022-11-28,Enterprise,South,Basic,Active,yvonnedavis@example.net
CUST_05343,Eric Johnson,2023-02-03,SMB,International,Basic,Active,susanjones@example.com
CUST_05344,Tonya Gallegos,2024-05-31,Mid-Market,North,Basic,Active,douglas12@example.net
CUST_05345,Monica Knight,2021-03-05,Enterprise,South,Basic,Active,randymoore@example.com
CUST_05346,Debra Hicks,2023-02-24,Enterprise,West,Basic,Active,brenda59@example.org
CUST_05347,Jasmine Atkins,2024-01-18,SMB,North,Basic,Active,aaronwalker@example.net
CUST_05348,Natasha Wood,2021-07-20,SMB,South,Enterprise,Active,tyler16@example.com
CUST_05349,Samuel Ellison,2024-03-30,SMB,West,Basic,Active,clarkjustin@example.net
CUST_05350,Sarah Turner,2024-04-13,Mid-Market,West,Pro,Active,groberts@example.com
CUST_05351,Andrew Cruz,2023-05-28,Mid-Market,International,Basic,Active,james22@example.org
CUST_05352,Zachary Kaiser,2023-12-16,Mid-Market,West,Enterprise,Active,gcruz@example.org
CUST_05353,Steven Caldwell,2023-12-30,Enterprise,North,Basic,Active,lisa57@example.com
CUST_05354,James Gordon,2022-12-09,Mid-Market,North,Basic,Active,wattsmelissa@example.org
CUST_05355,Emily Brandt,2022-01-24,SMB,North,Pro,Churned,miguelschultz@example.com
CUST_05356,Megan Wells,2022-09-27,SMB,North,Enterprise,Active,anne81@example.net
CUST_05357,Jeffrey Reyes,2022-04-06,Mid-Market,West,Pro,Active,laustin@example.com
CUST_05358,Linda Patrick,2021-05-09,SMB,South,Pro,Active,kgraham@example.org
CUST_05359,Joshua Miller,2021-01-23,Mid-Market,North,Enterprise,Active,theodorehall@example.com
CUST_05360,Daniel Stevenson,2023-01-16,SMB,North,Pro,Active,tammy78@example.net
CUST_05361,Amanda Stein,2023-03-10,Mid-Market,West,Basic,Active,patriciasmith@example.com
CUST_05362,Michael Johnson Jr.,2023-05-01,SMB,South,Enterprise,Churned,michael02@example.net
CUST_05363,Peter Mitchell,2021-05-20,SMB,International,Enterprise,Churned,xwalker@example.net
CUST_05364,Brandon Beard,2024-04-09,SMB,South,Enterprise,Churned,heather91@example.org
CUST_05365,Charlotte Allen,2021-12-07,SMB,International,Pro,Churned,wilcoxryan@example.net
CUST_05366,Tracy Gates,2023-02-13,SMB,International,Basic,Churned,beasleyrobert@example.com
CUST_05367,Dawn Olson,2024-03-08,Enterprise,East,Pro,Active,karenmarquez@example.org
CUST_05368,Shane Phillips,2022-09-19,Enterprise,East,Basic,Active,williamwright@example.com
CUST_05369,Carrie Smith,2022-07-13,SMB,International,Basic,Active,daysergio@example.net
CUST_05370,Marc Reed,2022-10-12,Mid-Market,South,Basic,Active,jacobfitzpatrick@example.com
CUST_05371,Frederick Vargas,2023-12-27,SMB,North,Basic,Active,dennisanderson@example.com
CUST_05372,Randy Bryant,2023-02-22,SMB,North,Pro,Active,michael50@example.org
CUST_05373,Mary Boyd DVM,2021-10-23,Mid-Market,West,Enterprise,Churned,christopherwalls@example.com
CUST_05374,Jessica Johnson,2024-04-29,SMB,East,Pro,Churned,olopez@example.net
CUST_05375,Michelle Ferguson,2021-07-24,SMB,East,Pro,Active,gregory04@example.com
CUST_05376,Michael Holt,2022-06-17,SMB,International,Enterprise,Active,miguelshaw@example.net
CUST_05377,Paul Brown,2023-12-06,Enterprise,North,Basic,Active,ujohnston@example.org
CUST_05378,Cassandra Peterson,2021-07-19,Mid-Market,North,Basic,Churned,deannabrown@example.com
CUST_05379,Brad Barnes,2021-01-24,Mid-Market,International,Pro,Active,svargas@example.com
CUST_05380,Jill Chavez,2022-08-20,SMB,South,Enterprise,Active,meyerkathleen@example.net
CUST_05381,Cindy Perry,2023-05-14,SMB,North,Pro,Active,marksmolly@example.com
CUST_05382,Donna Walsh,2023-08-11,SMB,East,Basic,Active,janetbrown@example.net
CUST_05383,Nicole Thompson,2023-09-16,SMB,East,Basic,Active,susan01@example.net
CUST_05384,Daniel Freeman,2023-10-19,Enterprise,International,Pro,Active,rtaylor@example.org
CUST_05385,Rachael Gray,2024-02-23,Mid-Market,East,Pro,Churned,kelly99@example.com
CUST_05386,Laura Zimmerman,2022-04-01,Mid-Market,West,Pro,Churned,lisabauer@example.org
CUST_05387,Nathan Martinez,2022-09-02,SMB,South,Pro,Active,davisjonathan@example.net
CUST_05388,Mary Carlson,2022-09-04,SMB,South,Basic,Churned,fwhite@example.com
CUST_05389,Kevin Rodriguez PhD,2022-04-18,SMB,South,Pro,Active,cunninghamraymond@example.org
CUST_05390,Rachel Ritter,2024-03-11,Enterprise,South,Enterprise,Churned,beckalan@example.net
CUST_05391,Todd Robertson,2021-02-01,SMB,East,Pro,Churned,rmccullough@example.org
CUST_05392,Karen Nunez,2024-05-05,Enterprise,International,Enterprise,Active,nancy96@example.com
CUST_05393,Matthew Harvey,2023-02-05,Enterprise,West,Pro,Active,melissadodson@example.com
CUST_05394,Caleb Marshall,2024-04-01,Enterprise,East,Basic,Active,caleb34@example.org
CUST_05395,Cynthia Hall,2022-11-12,SMB,North,Pro,Active,rford@example.com
CUST_05396,Kathleen Lewis,2021-10-11,Enterprise,International,Basic,Active,paulwhitaker@example.com
CUST_05397,Karen Williams,2021-10-15,Mid-Market,West,Basic,Churned,smithjeanne@example.net
CUST_05398,Brandon Smith,2024-02-02,Mid-Market,West,Pro,Active,rjones@example.net
CUST_05399,Jordan Sosa,2021-10-17,SMB,East,Enterprise,Active,qmiller@example.net
CUST_05400,Karen Baker,2023-01-24,SMB,West,Basic,Active,tlong@example.com
CUST_05401,Kathleen Barnett,2021-06-19,SMB,North,Enterprise,Churned,vhernandez@example.org
CUST_05402,Paul Jackson,2021-06-22,Mid-Market,West,Basic,Active,michealhenderson@example.net
CUST_05403,Rachel Moss,2022-12-08,Mid-Market,East,Basic,Churned,ericsherman@example.com
CUST_05404,Sarah Armstrong,2021-07-01,SMB,South,Pro,Churned,nicolenguyen@example.com
CUST_05405,Stacy Burns,2023-01-23,SMB,East,Basic,Active,jessica78@example.org
CUST_05406,Mary Thompson,2021-01-25,SMB,East,Pro,Active,deniseevans@example.com
CUST_05407,Debra Barber,2021-07-24,Mid-Market,East,Enterprise,Active,whitenicholas@example.com
CUST_05408,Margaret Lawson,2022-01-29,SMB,West,Enterprise,Churned,psantiago@example.org
CUST_05409,Jennifer Valencia,2024-03-19,Mid-Market,North,Pro,Active,scook@example.com
CUST_05410,Kevin Gill,2021-01-10,Enterprise,West,Enterprise,Active,bryce95@example.com
CUST_05411,Jennifer Duarte,2024-02-12,SMB,West,Basic,Active,pearsonjames@example.org
CUST_05412,Bailey Ewing,2021-08-25,Mid-Market,East,Pro,Active,erika64@example.org
CUST_05413,Joel Figueroa,2023-06-12,SMB,East,Enterprise,Active,pittsmary@example.net
CUST_05414,Dan Valdez,2024-04-17,Enterprise,South,Basic,Active,morganwatts@example.com
CUST_05415,Wendy Welch,2021-06-13,SMB,West,Pro,Active,kdiaz@example.com
CUST_05416,Stacie Cannon,2021-12-29,SMB,North,Basic,Churned,beverly86@example.com
CUST_05417,Michael Cook,2023-07-14,SMB,West,Pro,Active,zachary90@example.com
CUST_05418,Christopher Matthews,2022-11-28,SMB,International,Pro,Churned,mlynch@example.org
CUST_05419,Michael White,2021-03-30,Enterprise,International,Pro,Active,qsmith@example.org
CUST_05420,Claire Dominguez,2022-03-21,SMB,West,Enterprise,Active,lewisdavid@example.net
CUST_05421,Kaitlin Green,2022-11-30,SMB,South,Enterprise,Active,moorejohn@example.net
CUST_05422,Donna Ward,2024-04-10,Mid-Market,East,Basic,Active,imiller@example.net
CUST_05423,Andrea Adams,2023-09-05,Mid-Market,International,Pro,Active,bryan95@example.com
CUST_05424,Kaitlyn Estrada,2024-03-25,Enterprise,East,Basic,Active,matthew92@example.org
CUST_05425,Jacob Andrade,2022-12-21,Mid-Market,South,Pro,Active,angela06@example.org
CUST_05426,Michael Saunders,2021-11-07,SMB,West,Pro,Churned,charlenewalker@example.org
CUST_05427,Charles Nash,2022-07-04,SMB,East,Basic,Active,ugarcia@example.org
CUST_05428,Taylor Banks,2024-05-31,SMB,East,Enterprise,Active,todd26@example.net
CUST_05429,Sarah Porter,2023-05-04,SMB,International,Basic,Churned,xhill@example.com
CUST_05430,Michael Prince,2022-01-08,Mid-Market,West,Pro,Active,curtissmith@example.org
CUST_05431,Dr. Molly Williams DDS,2022-03-24,SMB,South,Pro,Active,vstewart@example.com
CUST_05432,Teresa Christensen,2023-06-26,SMB,East,Enterprise,Active,amy05@example.net
CUST_05433,Aaron Conway,2021-03-25,SMB,South,Pro,Active,ftucker@example.com
CUST_05434,Jeffrey Chapman,2021-10-23,Mid-Market,West,Pro,Active,xschmidt@example.net
CUST_05435,Jessica Lee,2023-06-29,SMB,International,Pro,Churned,sfloyd@example.com
CUST_05436,Dana Robinson,2022-05-04,SMB,South,Basic,Active,lisa74@example.net
CUST_05437,Valerie Gonzalez,2022-01-19,Enterprise,South,Pro,Active,jray@example.org
CUST_05438,Tara Jordan,2021-12-10,Enterprise,International,Pro,Active,waynejensen@example.org
CUST_05439,Christopher Washington,2022-05-11,Mid-Market,International,Basic,Churned,andreafowler@example.org
CUST_05440,Erik Morris,2022-06-01,Enterprise,International,Pro,Active,dariusroberts@example.com
CUST_05441,April Kennedy,2021-02-26,Enterprise,West,Pro,Active,ejohnson@example.net
CUST_05442,Carla Jones,2022-06-14,SMB,International,Basic,Active,stefanie77@example.org
CUST_05443,Jennifer Smith,2021-09-25,SMB,East,Basic,Churned,beverly98@example.org
CUST_05444,Edward Rowland,2021-10-15,Mid-Market,South,Enterprise,Active,pauldiaz@example.net
CUST_05445,Joseph Bell,2021-04-10,Enterprise,North,Pro,Churned,gdrake@example.net
CUST_05446,Melanie Leach,2024-02-13,Mid-Market,South,Enterprise,Active,shawn31@example.net
CUST_05447,Dawn Baker,2021-08-07,SMB,South,Enterprise,Churned,bbrown@example.org
CUST_05448,Erica Morgan,2021-01-21,SMB,West,Enterprise,Churned,tim74@example.org
CUST_05449,Christopher Thomas,2023-12-21,Mid-Market,International,Enterprise,Active,zachary75@example.com
CUST_05450,Angel Vincent,2022-09-12,Mid-Market,South,Enterprise,Active,reillykatelyn@example.net
CUST_05451,James Watkins,2023-05-19,Mid-Market,East,Enterprise,Active,davidlopez@example.net
CUST_05452,Richard Hull,2022-01-05,SMB,South,Pro,Churned,bridget54@example.com
CUST_05453,Jessica James,2022-05-26,SMB,North,Enterprise,Active,justin59@example.org
CUST_05454,Destiny Frost,2022-10-30,SMB,International,Basic,Active,riley71@example.org
CUST_05455,David Pace,2024-03-27,SMB,International,Enterprise,Active,hamptonkathryn@example.com
CUST_05456,Jacob Moody,2023-09-19,SMB,East,Pro,Churned,cheyenne75@example.net
CUST_05457,Alicia Foster,2021-06-06,SMB,West,Pro,Churned,williamcross@example.org
CUST_05458,Sydney Fox,2023-04-18,Mid-Market,South,Basic,Churned,ugallagher@example.net
CUST_05459,Matthew Arnold,2023-03-15,SMB,West,Pro,Active,djoyce@example.com
CUST_05460,Kevin Harrison,2022-01-10,Enterprise,North,Basic,Active,biancahess@example.net
CUST_05461,Jeffrey Cruz,2021-06-10,SMB,North,Pro,Active,carrolldiane@example.com
CUST_05462,Erika Rogers,2021-06-12,Mid-Market,South,Pro,Churned,gibbskaren@example.net
CUST_05463,Diamond Cox,2021-01-08,Enterprise,West,Pro,Active,wallacedonald@example.com
CUST_05464,Leonard Dudley,2022-07-11,SMB,South,Basic,Churned,parksandre@example.com
CUST_05465,Michelle Norris,2021-05-20,Mid-Market,North,Pro,Churned,richardhernandez@example.net
CUST_05466,Dylan Young,2023-08-14,SMB,North,Pro,Active,christine15@example.com
CUST_05467,Mr. Jeremy Harris MD,2023-04-11,SMB,South,Enterprise,Active,zmartin@example.net
CUST_05468,Brandon Suarez,2021-04-15,SMB,North,Basic,Churned,glambert@example.net
CUST_05469,Adrienne Murphy,2022-12-01,SMB,East,Basic,Churned,kathy80@example.com
CUST_05470,James Montgomery,2021-01-28,SMB,North,Enterprise,Active,hthomas@example.org
CUST_05471,Theresa Johnson,2022-05-03,Mid-Market,North,Enterprise,Active,byang@example.com
CUST_05472,Colton Williams,2023-05-23,Mid-Market,East,Pro,Churned,ewest@example.org
CUST_05473,Emily Kelley,2024-05-02,Enterprise,South,Basic,Active,lharrington@example.com
CUST_05474,Kelly Cook,2023-12-25,Enterprise,South,Pro,Active,jcarroll@example.org
CUST_05475,William Hardy,2021-07-15,SMB,East,Pro,Active,kylewalker@example.org
CUST_05476,Aaron Mercado,2023-09-17,SMB,East,Pro,Active,ashleypoole@example.net
CUST_05477,Daniel Russell,2021-09-25,Enterprise,North,Basic,Churned,frances83@example.com
CUST_05478,Pamela Hickman,2022-12-24,SMB,West,Basic,Churned,mramos@example.net
CUST_05479,George Gutierrez,2021-01-08,Mid-Market,East,Basic,Active,xwells@example.com
CUST_05480,Joann Sanchez,2024-04-14,SMB,West,Enterprise,Active,kelly05@example.net
CUST_05481,Maureen Ramos,2023-02-01,Mid-Market,South,Enterprise,Active,michaelsmith@example.org
CUST_05482,Michael Pratt,2024-05-22,SMB,West,Basic,Active,johnsonamber@example.com
CUST_05483,Kelsey Hernandez,2023-08-14,Enterprise,International,Pro,Active,todd45@example.com
CUST_05484,Amber Smith,2022-09-27,SMB,International,Basic,Active,shelly04@example.org
CUST_05485,Richard Moss,2024-04-08,Mid-Market,West,Enterprise,Active,bethany16@example.com
CUST_05486,Michael Patterson,2024-01-23,Mid-Market,North,Basic,Active,millercynthia@example.net
CUST_05487,Jeffrey Hall,2023-08-21,Enterprise,East,Basic,Active,allen47@example.net
CUST_05488,Amanda Williams,2023-08-03,Mid-Market,South,Enterprise,Active,matthew40@example.net
CUST_05489,Brenda Sims,2022-09-19,SMB,North,Basic,Churned,sullivanpatricia@example.net
CUST_05490,Tammy Cruz,2023-08-06,SMB,East,Enterprise,Active,cindy56@example.net
CUST_05491,Michael Huang,2023-09-03,Mid-Market,South,Enterprise,Churned,knappjeffrey@example.net
CUST_05492,Justin Powell,2022-04-02,SMB,International,Enterprise,Active,ktaylor@example.com
CUST_05493,Ray Hendricks,2024-03-16,SMB,West,Pro,Churned,washingtonalexandria@example.org
CUST_05494,Austin Hines,2021-02-08,SMB,East,Basic,Active,monica24@example.com
CUST_05495,Shelby Salazar,2021-04-14,Enterprise,International,Pro,Active,pmorales@example.net
CUST_05496,Patricia Blair,2021-05-15,SMB,North,Pro,Active,michael98@example.org
CUST_05497,William Barrera,2022-08-13,Mid-Market,South,Basic,Active,ksimpson@example.com
CUST_05498,Adam Johnston,2021-10-11,Mid-Market,International,Pro,Churned,rodgersbrent@example.net
CUST_05499,Jo Jones,2023-04-25,Mid-Market,North,Basic,Active,farleywalter@example.org
CUST_05500,Tracy Chung,2022-07-04,Mid-Market,North,Pro,Active,walkerandrew@example.net
CUST_05501,Jamie Rodriguez,2022-11-12,SMB,North,Basic,Churned,andreadiaz@example.org
CUST_05502,Gabriel Pennington,2023-08-01,Mid-Market,North,Enterprise,Active,xcowan@example.com
CUST_05503,Christopher Bailey,2023-10-04,Mid-Market,North,Basic,Active,crodriguez@example.com
CUST_05504,Jodi Jackson,2021-01-24,Mid-Market,West,Pro,Active,kristinraymond@example.net
CUST_05505,Jonathan Reese,2022-04-02,SMB,East,Basic,Churned,tracy50@example.net
CUST_05506,Justin Wagner,2023-07-08,Mid-Market,West,Pro,Active,owilson@example.net
CUST_05507,Peter Schroeder,2022-10-24,Mid-Market,East,Pro,Active,cantubenjamin@example.com
CUST_05508,Todd Wilcox,2023-09-04,SMB,East,Enterprise,Active,mary47@example.org
CUST_05509,Felicia Charles,2021-02-10,Enterprise,International,Basic,Active,katie52@example.com
CUST_05510,Warren Fleming,2022-09-09,Mid-Market,North,Enterprise,Active,carolmoody@example.net
CUST_05511,Monica Wood,2022-02-20,SMB,North,Pro,Churned,kellermary@example.org
CUST_05512,Tara Meyers,2021-04-24,SMB,West,Pro,Active,kingwilliam@example.com
CUST_05513,Larry Cochran,2022-10-01,SMB,International,Pro,Active,seanwheeler@example.com
CUST_05514,Emily Thompson,2022-10-28,SMB,West,Pro,Active,asantiago@example.net
CUST_05515,Diana Lowe,2021-12-27,SMB,International,Basic,Active,samuel40@example.org
CUST_05516,Caleb Bell,2021-05-06,Enterprise,East,Pro,Active,eric55@example.com
CUST_05517,Craig Roth,2024-03-15,Mid-Market,International,Basic,Active,fcortez@example.org
CUST_05518,Teresa Roy,2023-03-31,Mid-Market,West,Enterprise,Active,melvin09@example.net
CUST_05519,Timothy Harrell,2024-04-23,Mid-Market,West,Enterprise,Active,kendra75@example.org
CUST_05520,Steven Gordon,2023-08-19,SMB,North,Pro,Active,dixonjoshua@example.net
CUST_05521,Melissa Gonzales,2023-11-13,Mid-Market,North,Pro,Churned,zjones@example.org
CUST_05522,Andrew Beck,2022-07-22,Mid-Market,East,Basic,Active,tracymayer@example.net
CUST_05523,Brittany Harrison,2022-01-06,SMB,North,Enterprise,Active,jwright@example.com
CUST_05524,Jeremy Le,2022-08-24,Mid-Market,North,Basic,Active,ncarter@example.com
CUST_05525,Rebecca Heath,2023-02-06,SMB,East,Basic,Churned,kathryn87@example.net
CUST_05526,Nicole Silva,2022-12-12,SMB,North,Basic,Churned,theresaroberts@example.net
CUST_05527,Rachel Harris,2021-09-28,SMB,North,Basic,Active,freed@example.org
CUST_05528,Sandra Christensen MD,2023-01-01,SMB,North,Pro,Active,jenna90@example.net
CUST_05529,Jared Henderson,2022-07-01,SMB,East,Basic,Active,nlucas@example.org
CUST_05530,Bill Martinez,2022-09-05,SMB,North,Basic,Active,nancywebb@example.net
CUST_05531,David Williams,2021-11-17,Mid-Market,East,Basic,Active,angelaferguson@example.org
CUST_05532,Matthew Pope,2023-11-12,Mid-Market,South,Basic,Active,huntdaniel@example.com
CUST_05533,Robert Moore,2024-04-15,Enterprise,East,Pro,Active,dtaylor@example.org
CUST_05534,Courtney Rice,2022-12-09,Mid-Market,International,Enterprise,Active,stephanie11@example.com
CUST_05535,Stephen Shannon,2022-09-28,Mid-Market,West,Pro,Active,gstephens@example.com
CUST_05536,Mr. Brandon Stewart,2023-08-22,Mid-Market,North,Enterprise,Churned,smithnicholas@example.com
CUST_05537,Jason White,2023-10-14,SMB,South,Enterprise,Active,sgomez@example.com
CUST_05538,Charles Durham,2021-12-22,SMB,West,Basic,Active,lisacollins@example.com
CUST_05539,Lisa Thomas,2022-05-19,SMB,South,Basic,Churned,daniel82@example.com
CUST_05540,Annette Conner,2021-06-02,SMB,South,Basic,Active,matthewmoses@example.org
CUST_05541,Joseph Johnson,2023-06-05,SMB,International,Pro,Churned,michelle99@example.com
CUST_05542,Alicia Taylor,2023-06-12,Enterprise,North,Enterprise,Active,johnsonyolanda@example.com
CUST_05543,Catherine Blanchard,2024-05-28,Mid-Market,North,Basic,Active,xbarnes@example.org
CUST_05544,Mrs. Kristen Farmer,2023-05-11,Mid-Market,West,Enterprise,Active,danielwilliams@example.org
CUST_05545,Craig Fox,2022-03-18,SMB,North,Basic,Active,rmiller@example.org
CUST_05546,Chloe Smith,2024-04-29,Mid-Market,East,Enterprise,Churned,anthonywilliams@example.net
CUST_05547,Cassandra Flynn,2023-05-06,Enterprise,West,Enterprise,Active,lsmith@example.net
CUST_05548,Katherine Palmer,2023-09-22,SMB,East,Pro,Active,patricia79@example.net
CUST_05549,Sarah Jensen,2022-03-01,SMB,East,Pro,Churned,hallsteven@example.net
CUST_05550,Gary Thompson,2023-03-02,SMB,West,Enterprise,Active,geraldandrews@example.net
CUST_05551,Tracey Murphy,2023-08-27,SMB,International,Basic,Active,rodriguezbrittany@example.net
CUST_05552,Michael Singleton,2022-12-25,SMB,West,Basic,Active,tracy54@example.org
CUST_05553,Katie Morales,2021-03-14,SMB,South,Basic,Active,michael47@example.net
CUST_05554,John Soto,2024-01-04,Mid-Market,West,Enterprise,Active,jilladams@example.com
CUST_05555,Jason George,2023-09-09,Mid-Market,North,Basic,Active,timothybell@example.net
CUST_05556,Mariah Ramirez,2024-02-09,SMB,North,Basic,Churned,amy87@example.com
CUST_05557,Shannon Porter,2022-01-31,SMB,South,Enterprise,Active,ncosta@example.net
CUST_05558,Cole Wallace,2022-04-03,Mid-Market,East,Basic,Active,codykoch@example.org
CUST_05559,Wendy Mann,2021-04-12,SMB,East,Basic,Active,campbelljason@example.org
CUST_05560,Jade Fisher,2024-05-10,SMB,East,Enterprise,Active,hbaker@example.org
CUST_05561,Jared Davis,2022-12-11,SMB,East,Basic,Active,vanessasellers@example.com
CUST_05562,Samuel Graham,2021-06-12,SMB,East,Basic,Churned,lisareyes@example.net
CUST_05563,Angela Hughes,2023-02-16,SMB,International,Pro,Active,david66@example.org
CUST_05564,James Carter,2024-02-24,SMB,North,Pro,Active,jamessmith@example.com
CUST_05565,Jerry Guzman,2022-12-27,SMB,South,Basic,Active,leslie40@example.com
CUST_05566,Lindsey Walsh,2023-04-04,Mid-Market,South,Pro,Active,anthony19@example.net
CUST_05567,Ryan Sherman,2021-04-10,Mid-Market,North,Enterprise,Active,robert73@example.net
CUST_05568,Robert Cuevas,2021-02-03,SMB,International,Basic,Active,carly17@example.com
CUST_05569,Christopher Rodriguez,2023-05-28,Enterprise,International,Pro,Active,hernandezjacob@example.net
CUST_05570,Jamie Gamble,2023-09-04,SMB,East,Basic,Active,sandersmark@example.com
CUST_05571,Edward Jackson,2023-10-12,Mid-Market,North,Pro,Active,michaelgriffin@example.com
CUST_05572,Matthew Carpenter,2023-05-02,SMB,North,Pro,Churned,thomas75@example.org
CUST_05573,Micheal Shields,2021-07-31,Mid-Market,North,Pro,Churned,rbenson@example.com
CUST_05574,William Stewart,2022-08-18,SMB,South,Basic,Active,hacevedo@example.net
CUST_05575,Sarah Warren,2024-04-23,Enterprise,South,Basic,Active,moralesjessica@example.org
CUST_05576,Wesley Stewart,2024-02-29,SMB,North,Pro,Active,davisjonathan@example.net
CUST_05577,Christopher Miles,2023-04-03,SMB,West,Basic,Active,virginia46@example.com
CUST_05578,Thomas Mcconnell,2023-02-13,Mid-Market,North,Pro,Churned,vjones@example.com
CUST_05579,Stacey Baker,2022-08-01,Mid-Market,West,Basic,Active,flemingrichard@example.com
CUST_05580,Tony Pena,2024-04-03,Mid-Market,North,Pro,Churned,thomas03@example.com
CUST_05581,Bryan Hooper,2022-04-08,Mid-Market,South,Basic,Active,fitzpatrickrichard@example.org
CUST_05582,James Clark,2023-06-16,SMB,South,Enterprise,Active,wilsonemily@example.com
CUST_05583,Daniel Davis,2022-07-10,SMB,South,Pro,Active,gibsonanthony@example.org
CUST_05584,Julie James,2022-02-03,Mid-Market,East,Pro,Active,bgreen@example.org
CUST_05585,Mary Christian,2022-11-21,SMB,North,Enterprise,Churned,kelly26@example.net
CUST_05586,Steven Kim,2021-12-06,SMB,North,Pro,Churned,melissajones@example.com
CUST_05587,Christine Farmer,2021-03-21,Enterprise,International,Basic,Active,kevinguerrero@example.org
CUST_05588,Dawn Lutz,2021-07-29,SMB,West,Pro,Churned,natalie66@example.org
CUST_05589,Paul Thomas,2021-03-31,Enterprise,East,Basic,Active,stephaniebrown@example.com
CUST_05590,Sonya Martinez,2023-11-05,Enterprise,East,Pro,Active,hoganroberto@example.net
CUST_05591,Anthony Stone,2021-03-30,Enterprise,South,Basic,Active,corey59@example.org
CUST_05592,Thomas Henderson,2021-09-18,SMB,North,Enterprise,Active,dylan74@example.com
CUST_05593,Cole Schaefer,2021-03-10,SMB,East,Enterprise,Active,pottskaren@example.com
CUST_05594,Emily Jordan,2021-10-15,Mid-Market,North,Basic,Active,debbie41@example.org
CUST_05595,Cindy Baird,2022-08-01,SMB,West,Enterprise,Active,velazquezdarlene@example.com
CUST_05596,Natalie Clarke,2022-06-16,Mid-Market,West,Basic,Active,shermanalexander@example.com
CUST_05597,Sarah Williams,2022-01-27,Enterprise,West,Pro,Active,knichols@example.net
CUST_05598,Jodi Bennett,2022-09-07,Mid-Market,East,Pro,Active,grantkatie@example.org
CUST_05599,Mrs. Melissa Morris,2021-08-14,Mid-Market,West,Basic,Active,danielle74@example.com
CUST_05600,Derek Walker,2024-04-17,Enterprise,West,Basic,Active,wwright@example.net
CUST_05601,Brandon Simmons,2022-05-25,SMB,East,Enterprise,Active,eric53@example.org
CUST_05602,Sarah Webb,2023-07-20,Mid-Market,North,Basic,Active,brandon09@example.org
CUST_05603,Bradley Adkins,2021-09-12,SMB,East,Enterprise,Active,christine89@example.net
CUST_05604,Mathew Rojas,2022-10-08,SMB,East,Enterprise,Active,gary05@example.net
CUST_05605,Teresa Johnson,2022-09-15,Mid-Market,East,Pro,Active,timothy92@example.net
CUST_05606,Derek Blair,2022-08-16,Mid-Market,West,Pro,Churned,dsanders@example.com
CUST_05607,Natalie Obrien,2022-02-10,Enterprise,South,Basic,Active,keithsimmons@example.net
CUST_05608,Kyle Hensley,2024-02-26,SMB,International,Basic,Active,burnettjennifer@example.net
CUST_05609,Rachel Thompson,2021-06-25,Mid-Market,South,Enterprise,Active,nhunt@example.org
CUST_05610,Kim Fitzgerald,2024-04-17,Mid-Market,North,Basic,Active,longlauren@example.org
CUST_05611,Brittany Contreras,2023-04-29,Mid-Market,East,Pro,Churned,stevensbrandi@example.net
CUST_05612,Julian Osborne,2023-03-03,SMB,West,Enterprise,Active,jasonsosa@example.org
CUST_05613,John Taylor,2022-03-12,Mid-Market,East,Enterprise,Churned,summersjeanette@example.org
CUST_05614,Hailey Sherman,2023-03-10,Mid-Market,West,Basic,Active,lmartinez@example.net
CUST_05615,Brian Hanna,2022-11-03,SMB,North,Enterprise,Active,lopezkylie@example.com
CUST_05616,Kathleen Thomas,2022-07-03,SMB,North,Basic,Churned,debra37@example.com
CUST_05617,Richard Lowe,2022-06-13,Mid-Market,South,Enterprise,Active,jennifer09@example.com
CUST_05618,Jeffrey Allen,2021-01-08,SMB,East,Enterprise,Active,xgreen@example.net
CUST_05619,Ana Fletcher,2023-03-17,Mid-Market,West,Pro,Active,douglas05@example.net
CUST_05620,Tyler Leon,2023-04-09,SMB,North,Basic,Active,stephaniemckee@example.org
CUST_05621,Laura Howard,2021-12-10,Enterprise,North,Enterprise,Active,zsnyder@example.net
CUST_05622,Jennifer Powers,2024-02-14,SMB,International,Basic,Churned,tracystevens@example.com
CUST_05623,Daniel Griffith,2021-03-16,SMB,North,Enterprise,Churned,hendersonerin@example.org
CUST_05624,Charles Allen,2022-08-28,SMB,East,Pro,Active,garciapamela@example.org
CUST_05625,Daniel Rodriguez,2023-03-07,Enterprise,South,Basic,Active,xmurphy@example.net
CUST_05626,Sean Sullivan,2023-12-04,Enterprise,South,Basic,Active,stephanie41@example.org
CUST_05627,Rodney Martinez,2024-04-10,SMB,South,Enterprise,Active,melissaescobar@example.net
CUST_05628,Mr. Paul Tanner,2023-08-16,SMB,East,Pro,Churned,xbrown@example.net
CUST_05629,Christine Guerra,2021-04-20,SMB,North,Pro,Active,wrightalexander@example.net
CUST_05630,Kristina Gonzales,2023-06-30,SMB,West,Pro,Active,timothyjackson@example.org
CUST_05631,Ashley Cabrera,2022-10-04,SMB,West,Enterprise,Active,donaldbanks@example.net
CUST_05632,Zachary Carlson,2021-03-17,Mid-Market,North,Basic,Active,gjones@example.net
CUST_05633,Timothy Kirby,2021-08-07,Enterprise,North,Enterprise,Active,joseph98@example.net
CUST_05634,Regina Fernandez,2022-07-24,SMB,International,Enterprise,Active,seanramirez@example.net
CUST_05635,Patrick Hall,2021-06-26,Mid-Market,South,Basic,Active,davislaura@example.com
CUST_05636,David Adams,2023-07-06,SMB,East,Basic,Churned,kevindiaz@example.com
CUST_05637,Scott Khan,2024-03-02,Mid-Market,East,Pro,Active,smithrobin@example.com
CUST_05638,Tony Stone,2021-11-28,SMB,South,Enterprise,Churned,sallyarnold@example.org
CUST_05639,Peggy Johnson,2022-03-09,SMB,West,Pro,Active,annettereese@example.net
CUST_05640,Amy Arias PhD,2021-04-24,Mid-Market,International,Enterprise,Active,travis98@example.org
CUST_05641,Kaylee Doyle,2023-04-08,SMB,North,Pro,Active,stevengay@example.com
CUST_05642,Ariel Henson,2023-09-06,Mid-Market,North,Basic,Active,javierjohnson@example.org
CUST_05643,Jason Snow,2024-03-09,SMB,East,Basic,Active,newmanelaine@example.com
CUST_05644,Taylor Davis,2023-11-04,SMB,North,Pro,Active,higginsheidi@example.org
CUST_05645,Leslie Rogers MD,2024-02-22,SMB,North,Enterprise,Active,tracybarber@example.org
CUST_05646,Anthony Freeman,2022-05-14,SMB,South,Basic,Active,kaufmanalan@example.org
CUST_05647,Mr. Daniel Perry,2024-02-08,Mid-Market,West,Pro,Active,natashakemp@example.com
CUST_05648,Mrs. Beverly Woods,2022-05-10,Enterprise,International,Pro,Active,myersmaria@example.com
CUST_05649,Elizabeth Evans,2024-06-01,Mid-Market,West,Basic,Active,sarah32@example.com
CUST_05650,Tammy Brown,2024-02-20,SMB,South,Pro,Active,ilandry@example.net
CUST_05651,Allison Moran,2024-05-29,SMB,South,Basic,Churned,patrickherman@example.com
CUST_05652,Barbara Johnson,2021-02-20,SMB,North,Basic,Active,vhatfield@example.net
CUST_05653,Gregory Dunn,2023-01-30,SMB,North,Pro,Active,boonelee@example.net
CUST_05654,Thomas Medina,2024-01-01,Mid-Market,West,Pro,Active,zryan@example.net
CUST_05655,Frank Murphy,2022-11-03,Mid-Market,South,Basic,Active,vduarte@example.net
CUST_05656,Penny Holloway,2022-05-02,Enterprise,East,Enterprise,Active,lbaker@example.org
CUST_05657,Debbie House,2024-01-13,Enterprise,International,Pro,Active,rebecca55@example.com
CUST_05658,Dr. Adam Cobb,2023-01-12,Mid-Market,International,Pro,Active,wilsonphillip@example.com
CUST_05659,Lindsay Carlson,2021-02-18,SMB,North,Enterprise,Active,austinpollard@example.org
CUST_05660,David Burton,2021-06-14,Mid-Market,North,Enterprise,Active,morgan58@example.org
CUST_05661,John Duncan,2021-04-24,SMB,West,Basic,Churned,krista46@example.com
CUST_05662,David Cherry,2024-04-13,Mid-Market,North,Basic,Active,williamskelly@example.org
CUST_05663,Jason Sweeney,2023-11-20,SMB,International,Enterprise,Churned,cindy68@example.org
CUST_05664,Walter Pacheco,2024-02-13,SMB,North,Enterprise,Active,george60@example.com
CUST_05665,Kristen Jacobs DVM,2023-02-08,SMB,International,Basic,Active,ucoleman@example.com
CUST_05666,Bradley Lee,2024-02-23,SMB,West,Enterprise,Active,hortoncarrie@example.net
CUST_05667,William Rodriguez,2021-05-31,SMB,International,Basic,Churned,sparkspatrick@example.org
CUST_05668,Jacqueline Hawkins,2023-08-13,SMB,East,Pro,Active,richardsonmark@example.org
CUST_05669,Brian Bentley,2023-01-14,Mid-Market,International,Enterprise,Active,eparrish@example.com
CUST_05670,Mark Sutton,2021-05-28,SMB,North,Basic,Active,eavery@example.net
CUST_05671,Sherry Cardenas,2023-04-22,SMB,North,Basic,Churned,garretthannah@example.org
CUST_05672,Brooke Wright,2022-08-12,Enterprise,South,Pro,Active,dmorales@example.org
CUST_05673,Victor Garcia,2022-04-03,Mid-Market,East,Pro,Active,samantha46@example.net
CUST_05674,Jacob Vaughan,2023-06-13,Mid-Market,West,Pro,Active,johnparker@example.net
CUST_05675,Cathy Kline,2024-04-25,Mid-Market,International,Basic,Churned,delacruzmelissa@example.org
CUST_05676,Mackenzie Nelson,2022-05-15,SMB,North,Pro,Churned,katrina92@example.net
CUST_05677,Mitchell Werner,2022-04-13,SMB,West,Pro,Active,robbinsjoseph@example.com
CUST_05678,Susan Johnston,2021-11-02,SMB,International,Basic,Active,andrew09@example.net
CUST_05679,Gerald Hodges,2021-07-28,SMB,East,Pro,Churned,penny39@example.org
CUST_05680,Donna Figueroa,2024-05-24,SMB,East,Basic,Active,pcastro@example.com
CUST_05681,Karen Wade,2022-01-17,SMB,North,Enterprise,Active,qbarnes@example.net
CUST_05682,Daniel Schmidt,2022-09-10,SMB,South,Pro,Active,john25@example.org
CUST_05683,Sarah Gibson,2023-05-30,Mid-Market,West,Enterprise,Active,imartinez@example.net
CUST_05684,Jeremy Roman,2021-08-26,SMB,North,Pro,Churned,zcoleman@example.org
CUST_05685,Angela Martinez,2022-06-12,SMB,North,Basic,Churned,patriciamartin@example.com
CUST_05686,Kenneth Wong,2023-09-08,SMB,East,Basic,Churned,danielgraham@example.net
CUST_05687,Timothy Smith DDS,2021-04-25,Mid-Market,East,Pro,Active,cwalton@example.com
CUST_05688,Allison Brooks,2023-09-14,SMB,North,Pro,Active,ngross@example.net
CUST_05689,Megan Baird,2024-03-27,SMB,International,Basic,Churned,twilliams@example.com
CUST_05690,Karen Olson,2023-03-11,Mid-Market,South,Pro,Active,nelsonmichael@example.com
CUST_05691,Julie Schaefer,2023-03-24,SMB,North,Basic,Active,tanyaferrell@example.net
CUST_05692,Bradley Richardson,2022-09-01,Enterprise,South,Basic,Churned,jonathan40@example.net
CUST_05693,Lisa Dean,2024-04-22,SMB,South,Basic,Active,stephen52@example.com
CUST_05694,Mark Henry,2024-03-15,SMB,West,Enterprise,Churned,sarah84@example.com
CUST_05695,George Caldwell,2022-10-09,SMB,International,Enterprise,Active,wmyers@example.net
CUST_05696,David Morgan,2022-06-06,Enterprise,West,Enterprise,Active,teresa05@example.org
CUST_05697,Dr. Tiffany Deleon DDS,2022-03-20,Mid-Market,North,Basic,Active,thomasgross@example.org
CUST_05698,Michelle Hampton,2023-12-17,SMB,North,Pro,Active,uprice@example.net
CUST_05699,Kristie Brown,2023-06-02,SMB,West,Basic,Churned,mckenzie26@example.com
CUST_05700,Jason Henderson,2021-11-25,Mid-Market,South,Enterprise,Active,frenchjacob@example.com
CUST_05701,Shaun Baker,2023-03-26,Enterprise,North,Basic,Active,darlenetownsend@example.com
CUST_05702,Isaac Brown,2024-03-29,Enterprise,West,Enterprise,Active,zmorrison@example.org
CUST_05703,Danny Simpson,2023-11-14,SMB,East,Enterprise,Active,qbecker@example.org
CUST_05704,Brian Chaney,2021-08-15,SMB,North,Enterprise,Churned,willisperry@example.net
CUST_05705,Gene Bond,2021-06-20,SMB,East,Pro,Churned,vlang@example.net
CUST_05706,Andrew Price,2022-08-19,Mid-Market,International,Pro,Active,baileychloe@example.net
CUST_05707,Mario Thomas,2021-05-12,Enterprise,North,Basic,Active,mendozabrandon@example.net
CUST_05708,Daniel Horn,2023-08-21,SMB,North,Pro,Churned,mallory90@example.org
CUST_05709,Randy Evans,2023-10-01,SMB,West,Pro,Active,mariereynolds@example.net
CUST_05710,Richard Hanson,2022-10-31,Mid-Market,East,Enterprise,Churned,arnoldchristopher@example.com
CUST_05711,Margaret Velez,2021-07-07,SMB,South,Pro,Active,wilsonheather@example.net
CUST_05712,Jennifer Baker,2021-03-08,Enterprise,International,Enterprise,Active,carlosrodriguez@example.org
CUST_05713,Wendy Bullock,2021-09-21,SMB,West,Pro,Churned,ryan59@example.com
CUST_05714,Bradley Thomas,2022-03-06,SMB,North,Basic,Active,margarethart@example.net
CUST_05715,Dr. Lindsey Cruz,2021-03-20,SMB,North,Basic,Churned,pfrazier@example.net
CUST_05716,Daniel Meza,2022-01-25,SMB,West,Basic,Active,margaret83@example.net
CUST_05717,Dr. Michael Mcclure,2022-02-09,SMB,East,Enterprise,Active,olivia88@example.com
CUST_05718,John Mendoza,2023-06-10,Mid-Market,North,Basic,Active,courtney50@example.net
CUST_05719,Robert Simon,2024-05-26,Enterprise,North,Enterprise,Active,iwells@example.net
CUST_05720,Whitney Johnston,2023-05-24,Mid-Market,North,Basic,Active,moralesmichael@example.com
CUST_05721,Christopher Ramos,2021-01-19,SMB,West,Pro,Churned,joshuawilkinson@example.net
CUST_05722,Raymond Dixon,2022-06-02,SMB,South,Basic,Churned,jthomas@example.net
CUST_05723,Michael Lawrence,2024-04-03,Enterprise,South,Basic,Active,jessicahobbs@example.net
CUST_05724,Debra Wheeler,2022-11-10,Enterprise,South,Pro,Active,melissaponce@example.com
CUST_05725,John Scott,2023-04-14,Enterprise,North,Pro,Active,fcalhoun@example.org
CUST_05726,Jeremy Bush,2023-11-23,SMB,West,Pro,Churned,candicecline@example.com
CUST_05727,Ruben Campbell,2022-10-13,Enterprise,South,Basic,Active,todd18@example.org
CUST_05728,Dustin Baker,2024-03-19,SMB,South,Enterprise,Active,stevenscurtis@example.org
CUST_05729,Reginald Ramirez,2021-09-08,Mid-Market,West,Pro,Active,stephenmcneil@example.org
CUST_05730,Jeffrey Leblanc,2022-05-16,Mid-Market,North,Basic,Active,christine35@example.com
CUST_05731,Kevin Wood,2021-04-09,Enterprise,East,Enterprise,Active,stanleyanthony@example.org
CUST_05732,Kayla Wood,2023-07-01,SMB,East,Basic,Active,fbridges@example.org
CUST_05733,Michael Ramsey,2022-09-19,Mid-Market,West,Enterprise,Active,benitezheather@example.com
CUST_05734,Anna Tapia,2022-02-11,Mid-Market,West,Enterprise,Active,robert07@example.org
CUST_05735,Tony Thornton,2022-11-07,Enterprise,North,Basic,Active,nlewis@example.org
CUST_05736,Karen Schultz,2022-01-07,SMB,West,Basic,Active,millernicole@example.org
CUST_05737,Stanley Roberts,2021-03-24,SMB,North,Pro,Churned,robertjones@example.net
CUST_05738,Brooke Grimes,2022-05-03,SMB,East,Basic,Churned,alexis06@example.org
CUST_05739,James Nelson,2023-11-06,SMB,International,Basic,Churned,dhouse@example.org
CUST_05740,Emily Miller,2023-06-04,SMB,West,Pro,Churned,john80@example.com
CUST_05741,Angela Greer,2021-09-26,SMB,West,Enterprise,Churned,mcknightantonio@example.com
CUST_05742,Bradley Stewart,2022-11-04,SMB,International,Basic,Active,sandrazimmerman@example.net
CUST_05743,Lisa Pruitt,2022-01-06,SMB,South,Pro,Churned,jbrown@example.com
CUST_05744,Richard Lindsey,2022-10-20,SMB,South,Basic,Active,laura77@example.net
CUST_05745,Anthony Murphy,2022-01-21,SMB,North,Enterprise,Active,nicholas57@example.com
CUST_05746,Donald White,2022-09-18,SMB,North,Enterprise,Active,whancock@example.org
CUST_05747,Shawn Alvarado,2022-05-28,SMB,South,Enterprise,Active,xsherman@example.net
CUST_05748,Gail Scott,2021-01-02,SMB,International,Basic,Active,rodgerserik@example.com
CUST_05749,Brian Hoffman,2024-03-14,SMB,International,Enterprise,Active,reyesmiguel@example.net
CUST_05750,Bill Porter,2022-12-15,SMB,North,Enterprise,Active,michael70@example.net
CUST_05751,John Kelley,2022-02-17,SMB,West,Basic,Active,paige44@example.net
CUST_05752,Steven Escobar,2023-11-19,SMB,North,Enterprise,Churned,julie94@example.org
CUST_05753,Katherine Soto,2023-11-06,SMB,North,Pro,Active,gravesmelanie@example.org
CUST_05754,Caleb Gonzales,2021-01-15,SMB,West,Pro,Active,lkrause@example.com
CUST_05755,Sherry Valentine,2021-08-28,SMB,International,Basic,Active,jwilliams@example.com
CUST_05756,Nicholas Ortega,2023-09-09,SMB,West,Pro,Active,phillipsmorgan@example.org
CUST_05757,James Ryan,2022-11-04,SMB,East,Pro,Active,cvaldez@example.com
CUST_05758,Stephanie Robinson,2022-03-28,SMB,International,Enterprise,Churned,barbara23@example.net
CUST_05759,Rachel Myers,2022-12-24,SMB,International,Pro,Active,vegalawrence@example.org
CUST_05760,Rachel Morris,2024-02-23,Enterprise,East,Basic,Active,hoganryan@example.org
CUST_05761,Shelby Bailey,2022-06-13,SMB,North,Pro,Active,pageamanda@example.org
CUST_05762,Jerry Kennedy,2021-04-15,SMB,West,Pro,Active,harold45@example.com
CUST_05763,Brian Garrett,2022-05-01,SMB,North,Basic,Active,colson@example.com
CUST_05764,Carlos Davis,2022-09-01,Mid-Market,East,Pro,Active,laurenthompson@example.org
CUST_05765,Sean Green,2022-06-02,Mid-Market,East,Pro,Active,sampsonbrittany@example.org
CUST_05766,Christopher Crane,2023-07-15,Mid-Market,International,Basic,Active,cindy83@example.org
CUST_05767,Ronald Buck,2023-03-01,SMB,South,Basic,Active,kristen08@example.net
CUST_05768,Carolyn Townsend,2023-07-15,SMB,North,Basic,Active,brittany44@example.net
CUST_05769,Shawn Myers,2022-06-15,SMB,South,Basic,Churned,davisemily@example.org
CUST_05770,Jared Anderson,2023-11-23,SMB,North,Enterprise,Active,robertpaul@example.net
CUST_05771,Brittany Henry,2021-04-21,SMB,East,Pro,Active,connermelissa@example.net
CUST_05772,Anthony Valdez,2023-01-16,SMB,International,Enterprise,Active,stephenperez@example.com
CUST_05773,Lisa Dyer,2023-10-15,Mid-Market,North,Pro,Active,stewartpeter@example.com
CUST_05774,Jessica Gutierrez,2023-09-04,SMB,North,Enterprise,Active,wliu@example.net
CUST_05775,Tammy Francis,2021-03-21,SMB,South,Basic,Active,dchase@example.org
CUST_05776,Dana Hensley,2021-07-20,SMB,International,Basic,Active,jlopez@example.org
CUST_05777,Cassandra Marks,2022-01-31,SMB,South,Pro,Active,brandon80@example.com
CUST_05778,Alicia Gonzales,2023-12-31,Enterprise,East,Pro,Active,pweiss@example.net
CUST_05779,Mr. Ryan Melendez DDS,2023-10-24,SMB,North,Basic,Active,patricia00@example.net
CUST_05780,James Fernandez,2024-04-18,Enterprise,South,Enterprise,Active,victoria39@example.org
CUST_05781,Nicole Hill,2021-03-30,Enterprise,West,Pro,Active,perezlisa@example.net
CUST_05782,April Ferguson,2023-03-16,Mid-Market,International,Enterprise,Active,yclay@example.com
CUST_05783,Sarah Sanchez,2022-11-09,Mid-Market,West,Basic,Active,cindy04@example.com
CUST_05784,Leroy Williams,2021-04-20,Mid-Market,South,Pro,Active,julie30@example.com
CUST_05785,Cameron Pena,2021-06-03,SMB,East,Basic,Churned,moorestanley@example.com
CUST_05786,Zachary Smith,2022-05-13,SMB,North,Basic,Active,florescrystal@example.org
CUST_05787,Bailey Hanson,2021-03-27,Mid-Market,East,Basic,Active,ruth54@example.com
CUST_05788,Joshua Hampton,2022-05-31,Enterprise,North,Basic,Churned,hector40@example.com
CUST_05789,Christopher Nguyen,2023-01-09,Mid-Market,International,Basic,Active,wallacemaxwell@example.org
CUST_05790,Jacob Taylor,2021-11-24,SMB,North,Enterprise,Churned,charles50@example.org
CUST_05791,Christopher Mcdonald,2021-10-30,SMB,East,Enterprise,Active,owenangela@example.com
CUST_05792,Veronica Reed,2022-10-28,SMB,West,Enterprise,Churned,david91@example.net
CUST_05793,Anita Johnson,2021-11-03,SMB,North,Basic,Active,underwoodcurtis@example.org
CUST_05794,Taylor Smith,2021-02-24,SMB,West,Basic,Active,crystal04@example.net
CUST_05795,Andrea Patterson,2022-05-24,Mid-Market,West,Pro,Active,javieringram@example.com
CUST_05796,Mario Mueller,2022-11-28,SMB,South,Basic,Active,lhoffman@example.com
CUST_05797,Jorge Hood,2022-11-13,Enterprise,North,Enterprise,Active,bobbywalls@example.net
CUST_05798,Samuel Morrison,2022-10-01,SMB,East,Pro,Active,xirwin@example.com
CUST_05799,Robert Gonzales,2022-01-28,Mid-Market,East,Pro,Active,kevinhess@example.org
CUST_05800,Daniel Bruce,2021-03-14,SMB,West,Basic,Churned,taylorlawrence@example.org
CUST_05801,Stephanie Price,2024-03-04,Mid-Market,North,Pro,Active,molly64@example.org
CUST_05802,Hannah Steele,2023-05-19,SMB,North,Enterprise,Active,barrettrachel@example.com
CUST_05803,Linda Sparks,2021-11-03,SMB,West,Basic,Churned,stephanie81@example.com
CUST_05804,Joshua Flores,2023-04-01,Mid-Market,West,Enterprise,Churned,hendrickspatrick@example.org
CUST_05805,Tanya Rodriguez,2023-08-05,SMB,East,Basic,Churned,lwilliamson@example.com
CUST_05806,Priscilla Allen,2021-12-20,SMB,West,Enterprise,Churned,andersonalan@example.org
CUST_05807,Christine Hess,2021-03-09,Mid-Market,South,Enterprise,Active,dalehudson@example.org
CUST_05808,Erika Bishop,2023-02-23,SMB,International,Enterprise,Churned,tylergreen@example.org
CUST_05809,Danielle Conley,2022-04-19,Enterprise,West,Pro,Active,bhickman@example.net
CUST_05810,Andrew Porter,2021-11-19,SMB,West,Enterprise,Active,paulrojas@example.com
CUST_05811,Nicholas Obrien,2021-01-06,Mid-Market,North,Pro,Active,gharris@example.org
CUST_05812,Wesley Washington,2023-05-06,Mid-Market,North,Pro,Churned,cameronkim@example.org
CUST_05813,Stephen Williams,2023-11-13,Enterprise,International,Pro,Active,mjohnson@example.net
CUST_05814,Elizabeth Porter,2021-04-21,SMB,North,Pro,Active,hcox@example.net
CUST_05815,Brenda Smith,2024-01-02,SMB,West,Basic,Active,zfranco@example.com
CUST_05816,Victoria Thompson,2021-05-08,SMB,International,Enterprise,Active,suarezamy@example.net
CUST_05817,Adam Hampton,2021-02-22,Mid-Market,East,Pro,Active,gcastaneda@example.net
CUST_05818,Amy Meadows,2024-02-08,SMB,International,Basic,Churned,tchapman@example.net
CUST_05819,Jaclyn Stephens,2023-10-28,Mid-Market,South,Pro,Active,nicholas80@example.com
CUST_05820,Angela Cole,2021-01-27,Enterprise,East,Enterprise,Active,ericmitchell@example.net
CUST_05821,Rachel Holder,2023-05-24,Mid-Market,North,Pro,Active,hsmith@example.org
CUST_05822,Kim Baker,2022-06-11,SMB,West,Pro,Active,williamsonrobin@example.com
CUST_05823,Deanna Odonnell,2023-07-17,SMB,East,Basic,Active,cpierce@example.com
CUST_05824,Kimberly Lee,2024-01-04,SMB,East,Pro,Churned,umccullough@example.net
CUST_05825,Michael Moon,2022-07-13,Mid-Market,West,Enterprise,Active,paulwhite@example.org
CUST_05826,Zachary Watts,2023-06-08,SMB,International,Pro,Churned,vwarner@example.net
CUST_05827,Anthony Weeks,2021-11-10,SMB,East,Pro,Active,treid@example.org
CUST_05828,Kim Hardy,2021-10-07,Mid-Market,West,Pro,Active,wilkinsonjason@example.net
CUST_05829,William Parsons,2021-05-26,SMB,West,Enterprise,Active,scottmartinez@example.net
CUST_05830,Kelly Crawford,2021-01-03,SMB,South,Basic,Active,victoria15@example.com
CUST_05831,Dr. Brett Welch,2023-05-19,SMB,East,Basic,Churned,egonzalez@example.com
CUST_05832,Valerie Wilson,2021-01-22,Mid-Market,East,Pro,Active,ybarnett@example.org
CUST_05833,Kristopher Hill,2023-02-14,Enterprise,East,Enterprise,Active,john17@example.net
CUST_05834,Darrell Aguirre,2021-05-12,SMB,West,Enterprise,Churned,debra97@example.com
CUST_05835,Andrew Parker,2021-12-23,SMB,North,Basic,Active,dorseyscott@example.com
CUST_05836,Jennifer Prince,2022-05-03,SMB,West,Basic,Active,riverashane@example.com
CUST_05837,Brenda Greene,2021-02-06,SMB,West,Basic,Churned,udixon@example.com
CUST_05838,Calvin Leach,2022-06-20,SMB,East,Enterprise,Active,edward58@example.com
CUST_05839,Christopher White,2023-08-24,SMB,West,Basic,Churned,mcknightfernando@example.net
CUST_05840,Luis Williams,2021-07-30,SMB,South,Pro,Active,garciaveronica@example.com
CUST_05841,Jose Gonzales,2021-04-23,Enterprise,North,Pro,Active,angelalambert@example.net
CUST_05842,David Taylor,2024-01-28,Mid-Market,North,Basic,Active,maryestrada@example.net
CUST_05843,Brenda Howard,2021-11-07,SMB,East,Pro,Active,rodney86@example.org
CUST_05844,Stephanie Bird,2021-05-18,Mid-Market,North,Basic,Churned,perezrichard@example.com
CUST_05845,Justin Hansen,2023-08-19,SMB,North,Pro,Churned,james14@example.net
CUST_05846,Charles Hall,2021-12-28,Enterprise,South,Pro,Churned,adam60@example.org
CUST_05847,Brittany Patterson,2023-08-28,Enterprise,South,Basic,Active,melissa09@example.com
CUST_05848,Larry Johnson,2021-12-26,SMB,West,Pro,Churned,smithcarla@example.com
CUST_05849,Ruben Watkins,2023-08-22,Enterprise,East,Pro,Active,kyle43@example.org
CUST_05850,John Stone,2023-08-02,SMB,South,Pro,Active,melissa27@example.net
CUST_05851,Peter Vazquez,2022-04-17,SMB,South,Enterprise,Active,pruittleroy@example.net
CUST_05852,Maurice Pierce,2023-07-14,Mid-Market,West,Pro,Active,mparks@example.org
CUST_05853,Dr. Christopher Jenkins MD,2023-02-25,Mid-Market,South,Enterprise,Active,ghudson@example.org
CUST_05854,Amy Patel,2021-12-06,SMB,South,Enterprise,Churned,epotter@example.org
CUST_05855,Anna Caldwell,2022-03-09,Enterprise,South,Basic,Active,aaron25@example.org
CUST_05856,Jennifer Thompson,2023-01-21,Enterprise,West,Enterprise,Active,ymcknight@example.com
CUST_05857,Ronnie Lucas,2022-04-16,SMB,East,Basic,Active,bmorgan@example.net
CUST_05858,Heather Boone,2024-03-20,SMB,South,Enterprise,Active,justinoneal@example.net
CUST_05859,Angela Ferrell,2023-02-11,SMB,East,Pro,Active,moorenathaniel@example.net
CUST_05860,Cheryl Roberson,2021-07-01,Enterprise,South,Pro,Active,mcooper@example.net
CUST_05861,Katherine Stewart,2023-01-14,SMB,North,Pro,Active,briancummings@example.net
CUST_05862,Frank Rivers,2022-07-18,SMB,East,Basic,Churned,kathrynwilliams@example.org
CUST_05863,Todd Chandler,2022-11-23,SMB,North,Pro,Active,kentjohn@example.org
CUST_05864,Kathleen Bush,2023-06-29,Mid-Market,West,Pro,Active,dawn43@example.org
CUST_05865,Vanessa Watkins,2023-06-14,Mid-Market,East,Pro,Active,michael78@example.com
CUST_05866,Suzanne Steele,2023-06-23,Mid-Market,South,Enterprise,Active,natalie04@example.com
CUST_05867,Beverly Fields,2021-04-27,Enterprise,North,Enterprise,Active,nball@example.com
CUST_05868,Sean Rodgers,2023-12-31,SMB,International,Enterprise,Churned,dorisphillips@example.net
CUST_05869,Jennifer Burton,2022-10-21,SMB,East,Enterprise,Active,johnsoncandace@example.com
CUST_05870,Dorothy Thompson,2024-03-27,SMB,South,Basic,Active,bethwright@example.com
CUST_05871,Bonnie Anderson,2023-07-19,SMB,West,Basic,Active,rodneyhunter@example.net
CUST_05872,Raymond Ponce,2023-12-26,Mid-Market,International,Basic,Churned,justinvargas@example.org
CUST_05873,Jack Elliott,2023-05-08,SMB,North,Enterprise,Churned,wardmelinda@example.net
CUST_05874,Crystal Gregory,2021-10-02,Mid-Market,East,Enterprise,Churned,patricia51@example.net
CUST_05875,Randy Mitchell,2024-03-22,SMB,West,Basic,Active,joshua70@example.net
CUST_05876,Jennifer Pearson,2021-07-28,SMB,West,Pro,Active,casejohn@example.com
CUST_05877,Ebony Morris,2022-08-01,Enterprise,West,Basic,Active,yfernandez@example.net
CUST_05878,Shannon Harvey,2023-07-05,SMB,East,Pro,Active,sclark@example.net
CUST_05879,Brittney Martin,2023-07-23,Enterprise,North,Basic,Active,bauerian@example.com
CUST_05880,Anna Keller,2023-08-30,SMB,South,Pro,Active,floresjose@example.com
CUST_05881,Kathy Robinson,2023-07-28,SMB,South,Basic,Churned,dreid@example.org
CUST_05882,Mr. Alfred Johnson,2021-10-23,Mid-Market,South,Basic,Active,stacey06@example.org
CUST_05883,Daniel Wallace,2023-05-27,SMB,International,Pro,Active,sarahreeves@example.org
CUST_05884,George Hernandez,2024-01-15,SMB,East,Pro,Active,dobrien@example.com
CUST_05885,Amanda Palmer,2023-11-17,SMB,South,Basic,Churned,scottmiddleton@example.com
CUST_05886,Gary Graves DDS,2022-07-23,SMB,North,Basic,Churned,mhouston@example.com
CUST_05887,Ashley Stone,2024-04-05,SMB,North,Enterprise,Active,joshua19@example.net
CUST_05888,Vicki Rocha,2021-01-07,SMB,International,Pro,Active,kdudley@example.org
CUST_05889,Jennifer Thomas,2022-11-13,SMB,West,Pro,Active,garcialinda@example.com
CUST_05890,Larry Ray,2023-02-11,Enterprise,North,Pro,Active,timothycampbell@example.net
CUST_05891,Wendy Rosario,2022-07-25,SMB,North,Basic,Active,dawn33@example.org
CUST_05892,Matthew Andrews,2022-05-12,SMB,East,Enterprise,Active,charlesortega@example.net
CUST_05893,Jon Mosley,2021-05-24,SMB,North,Basic,Active,jensenrodney@example.org
CUST_05894,Jamie Mccoy,2021-09-28,Mid-Market,North,Enterprise,Active,danielsmith@example.org
CUST_05895,Carolyn Rice,2023-08-12,Mid-Market,International,Enterprise,Churned,elizabeth95@example.net
CUST_05896,Nicole Humphrey,2022-10-10,Mid-Market,East,Pro,Active,mackmichael@example.net
CUST_05897,Gabriel Hunt,2023-07-10,Enterprise,West,Basic,Active,baxterkristen@example.org
CUST_05898,Michael Rivera,2023-06-21,Mid-Market,North,Basic,Active,paigedavenport@example.com
CUST_05899,Mrs. Monica Mcdonald,2023-10-05,Mid-Market,West,Enterprise,Churned,jennaschaefer@example.com
CUST_05900,Ryan Cruz,2023-07-25,Mid-Market,South,Pro,Active,haroldbartlett@example.net
CUST_05901,Emily Davis,2021-08-04,Mid-Market,North,Basic,Churned,frank43@example.net
CUST_05902,Scott Johnson MD,2024-01-21,Enterprise,North,Pro,Active,jessicacollins@example.net
CUST_05903,Matthew Adams,2021-04-08,SMB,West,Pro,Active,wheeleranne@example.net
CUST_05904,Wayne Andrews,2022-12-12,Mid-Market,International,Basic,Active,qthompson@example.net
CUST_05905,Donald Church,2022-12-26,SMB,South,Pro,Active,katiegriffin@example.net
CUST_05906,Henry Nash,2021-02-28,SMB,East,Basic,Churned,elizabethgutierrez@example.com
CUST_05907,Jeremy Flores,2021-10-13,SMB,North,Pro,Churned,huangeric@example.org
CUST_05908,Barbara Johnson,2023-02-20,Mid-Market,West,Pro,Active,christopherschmidt@example.com
CUST_05909,Albert Kelly,2022-07-13,Enterprise,West,Enterprise,Active,hillmaria@example.com
CUST_05910,Trevor Jones,2021-12-26,SMB,West,Pro,Active,ushaffer@example.com
CUST_05911,Rebecca Schmitt,2022-08-10,SMB,West,Enterprise,Active,brian43@example.com
CUST_05912,Patricia Smith MD,2022-03-28,Enterprise,North,Basic,Active,matthew64@example.com
CUST_05913,Ryan Singleton,2023-08-01,Mid-Market,East,Pro,Churned,dcox@example.org
CUST_05914,Leah Woods,2021-11-23,SMB,North,Enterprise,Active,christopher05@example.org
CUST_05915,Frederick Smith,2023-06-13,Mid-Market,South,Pro,Active,johnbrown@example.com
CUST_05916,Jessica Park,2023-09-12,Enterprise,International,Pro,Active,collinstodd@example.org
CUST_05917,Sara Monroe,2022-11-24,Enterprise,West,Enterprise,Active,jeffrey73@example.org
CUST_05918,Ricardo Russo,2021-03-01,Enterprise,South,Pro,Active,amysmith@example.com
CUST_05919,Andrea Macdonald,2023-07-09,Enterprise,International,Pro,Active,mhernandez@example.org
CUST_05920,Regina Gray,2021-01-15,SMB,North,Pro,Active,mikayla71@example.org
CUST_05921,Bryan Munoz,2022-12-12,SMB,North,Basic,Active,ryanberg@example.org
CUST_05922,Anthony Wilson,2023-01-25,SMB,East,Enterprise,Active,ksandoval@example.net
CUST_05923,Julie Lynch,2021-09-22,Mid-Market,North,Pro,Active,daltonjohnston@example.com
CUST_05924,Andrew Conrad,2021-03-16,SMB,East,Pro,Churned,jnunez@example.com
CUST_05925,Jason Jones,2024-04-11,Mid-Market,South,Basic,Active,edwardroy@example.net
CUST_05926,Jose Potter,2021-09-17,Enterprise,East,Basic,Active,jennifer79@example.net
CUST_05927,Kathy Scott,2021-02-16,Mid-Market,South,Enterprise,Active,spencerhowell@example.net
CUST_05928,Kimberly Jordan,2021-11-09,Mid-Market,West,Basic,Active,sergioking@example.net
CUST_05929,Michael Smith,2022-04-02,Mid-Market,East,Enterprise,Active,hudsonscott@example.com
CUST_05930,Robert Garza,2021-03-21,SMB,International,Enterprise,Churned,allen33@example.com
CUST_05931,Christian Barrett,2021-05-22,Enterprise,East,Pro,Active,conleypatrick@example.net
CUST_05932,Andrea Smith,2023-03-30,SMB,International,Pro,Active,rebeccawhite@example.com
CUST_05933,Jennifer Hurley,2022-12-05,SMB,West,Pro,Active,davidsonshannon@example.com
CUST_05934,Amy Ramirez,2022-06-26,Enterprise,South,Enterprise,Active,elizabethpatton@example.net
CUST_05935,Terrence Ortiz,2022-01-01,Mid-Market,North,Pro,Active,taylorryan@example.org
CUST_05936,Matthew Carr,2024-05-18,Enterprise,South,Pro,Active,daniel13@example.com
CUST_05937,Regina Johnson,2021-01-22,SMB,South,Enterprise,Active,twheeler@example.com
CUST_05938,Diana Green,2022-06-21,Mid-Market,West,Basic,Active,faith81@example.com
CUST_05939,Philip Jensen,2021-11-23,SMB,West,Pro,Active,troycunningham@example.org
CUST_05940,Dr. Vanessa Dean DDS,2024-05-02,Enterprise,East,Pro,Active,iclarke@example.net
CUST_05941,Marcus Anthony,2022-04-07,Enterprise,West,Basic,Active,dbernard@example.net
CUST_05942,Thomas Jones,2022-05-10,Mid-Market,West,Pro,Active,kyle16@example.net
CUST_05943,Nathan Davis,2021-10-22,SMB,West,Basic,Active,rmalone@example.org
CUST_05944,Diana Waller,2022-10-19,Mid-Market,East,Pro,Active,eoneal@example.org
CUST_05945,Amanda Yang,2021-02-04,SMB,North,Enterprise,Active,angela40@example.com
CUST_05946,Karen Dawson,2022-02-09,Mid-Market,East,Basic,Active,jacqueline24@example.org
CUST_05947,Anthony Miller,2023-10-03,SMB,West,Basic,Churned,francisapril@example.com
CUST_05948,Gregory Hansen,2023-02-20,SMB,South,Basic,Active,jthompson@example.net
CUST_05949,Eric Spears,2024-04-05,Mid-Market,East,Pro,Active,gbaker@example.net
CUST_05950,Vincent Reed,2022-12-04,Mid-Market,South,Enterprise,Active,howardcox@example.net
CUST_05951,Angela Taylor,2022-10-26,Mid-Market,International,Basic,Active,qhall@example.net
CUST_05952,Victoria Ramos,2021-06-19,Mid-Market,North,Pro,Active,eterry@example.org
CUST_05953,Laura Jefferson,2022-08-10,Mid-Market,International,Basic,Active,robertojackson@example.net
CUST_05954,Heather Wood,2022-10-03,SMB,International,Pro,Churned,heatherscott@example.org
CUST_05955,Joseph Smith,2021-05-07,SMB,North,Enterprise,Active,edwardsmia@example.com
CUST_05956,Donald Garcia,2023-10-23,SMB,East,Enterprise,Churned,molly13@example.net
CUST_05957,Stephanie Mcgrath,2021-05-18,SMB,South,Basic,Active,ericmcconnell@example.com
CUST_05958,Jonathan Lewis,2023-02-06,SMB,West,Basic,Active,dallen@example.com
CUST_05959,Robyn Hernandez,2022-02-23,SMB,North,Basic,Churned,dylanyoung@example.net
CUST_05960,Parker Carroll,2022-06-21,SMB,East,Basic,Active,bmoody@example.com
CUST_05961,Carol Smith,2022-09-07,Enterprise,East,Pro,Active,oliviabrooks@example.org
CUST_05962,David Vazquez,2022-05-11,Mid-Market,West,Pro,Churned,jennifer04@example.net
CUST_05963,Steven Williams,2022-08-06,SMB,West,Enterprise,Active,aprillopez@example.net
CUST_05964,Jeremiah White,2022-02-15,Mid-Market,North,Pro,Active,michellecurry@example.org
CUST_05965,Sherri Moore,2021-02-15,Mid-Market,West,Basic,Active,misty73@example.com
CUST_05966,Antonio Bell,2024-02-04,Enterprise,North,Enterprise,Active,margarettaylor@example.org
CUST_05967,Teresa Beck,2023-09-07,Mid-Market,North,Enterprise,Active,xchaney@example.org
CUST_05968,Jacob Horn,2023-09-07,SMB,North,Basic,Active,xburgess@example.org
CUST_05969,Pamela Calderon,2022-04-30,Mid-Market,International,Basic,Active,sharon77@example.com
CUST_05970,Sarah Gardner,2024-05-02,Mid-Market,North,Pro,Churned,flewis@example.org
CUST_05971,Jeffrey Lawrence,2022-04-23,SMB,West,Basic,Churned,bsmith@example.net
CUST_05972,Faith Wagner,2022-03-15,SMB,North,Basic,Active,yatesjanet@example.net
CUST_05973,Courtney Hopkins,2023-08-04,SMB,North,Pro,Active,vowen@example.com
CUST_05974,Helen Lee,2021-09-21,Mid-Market,North,Basic,Churned,yconner@example.com
CUST_05975,Evelyn Moore,2021-06-26,Enterprise,North,Basic,Active,sara22@example.org
CUST_05976,Vincent Douglas,2021-03-22,SMB,International,Pro,Churned,kelsey44@example.org
CUST_05977,Melissa Hughes,2023-12-13,SMB,North,Basic,Active,aprilwest@example.net
CUST_05978,Terri Williams,2021-05-24,Enterprise,East,Pro,Active,zhudson@example.net
CUST_05979,Kyle Morgan,2022-01-21,SMB,South,Basic,Churned,beandiane@example.net
CUST_05980,Nathan Jensen,2021-03-15,SMB,International,Pro,Active,jamesterri@example.net
CUST_05981,Mrs. Elizabeth Lopez DDS,2024-02-25,Enterprise,South,Basic,Active,gnorton@example.org
CUST_05982,Matthew Walters,2022-04-24,SMB,International,Basic,Active,nicholas56@example.org
CUST_05983,Andrew Perkins,2022-09-08,SMB,East,Pro,Active,charles35@example.org
CUST_05984,Kimberly Aguilar,2023-09-19,SMB,North,Pro,Churned,byrdsherry@example.net
CUST_05985,Kelly Reyes,2024-02-28,SMB,East,Basic,Churned,foxchristopher@example.org
CUST_05986,Douglas Garner,2022-08-19,Enterprise,West,Pro,Churned,janejohnson@example.com
CUST_05987,Katie Cook,2022-02-26,SMB,North,Basic,Active,jose43@example.com
CUST_05988,Brian Gonzalez,2022-06-24,Enterprise,North,Enterprise,Active,ttrevino@example.net
CUST_05989,Jon Butler PhD,2023-11-30,Mid-Market,North,Enterprise,Active,kimberlyjones@example.net
CUST_05990,Thomas Brown,2023-07-19,Mid-Market,West,Basic,Active,jesse43@example.org
CUST_05991,Victoria Hudson,2023-07-30,SMB,International,Basic,Churned,xrivera@example.com
CUST_05992,Rachel Thompson,2021-08-29,Enterprise,West,Basic,Active,hawkinssusan@example.org
CUST_05993,Sarah Kennedy,2023-10-29,SMB,International,Pro,Active,fmartin@example.net
CUST_05994,Stephanie Garcia,2021-04-23,Enterprise,West,Enterprise,Active,tamarakelly@example.net
CUST_05995,James Robinson,2021-03-05,SMB,International,Enterprise,Active,ginarodriguez@example.org
CUST_05996,Brian Buchanan Jr.,2022-02-26,SMB,South,Pro,Churned,jacquelinemelton@example.com
CUST_05997,Kelly Arnold,2024-05-01,Mid-Market,North,Pro,Active,patelcheryl@example.org
CUST_05998,Daniel Vincent,2023-03-24,Mid-Market,West,Pro,Active,jamesdavid@example.com
CUST_05999,James Tran,2022-05-23,SMB,North,Enterprise,Churned,smithmaurice@example.org
CUST_06000,Alicia Nolan,2022-10-14,SMB,North,Basic,Active,stevensdonna@example.org
CUST_06001,Amy Sanders,2021-05-15,Enterprise,East,Basic,Active,ericdaniels@example.org
CUST_06002,Matthew Friedman,2022-03-19,Enterprise,North,Pro,Active,anthonyknight@example.net
CUST_06003,Ann Carlson,2023-12-31,SMB,South,Enterprise,Active,jonesruth@example.com
CUST_06004,James Grimes,2023-12-14,Mid-Market,East,Enterprise,Active,lisajohnson@example.com
CUST_06005,Steven Moore DDS,2022-11-18,SMB,North,Pro,Active,michael98@example.org
CUST_06006,Ryan Harris,2023-12-11,Enterprise,North,Pro,Active,jeremy35@example.org
CUST_06007,James Lopez,2023-02-05,Mid-Market,West,Pro,Active,markjones@example.com
CUST_06008,Laura Gray,2021-08-19,Mid-Market,South,Basic,Active,washingtonaustin@example.com
CUST_06009,Rhonda Meza,2021-02-19,SMB,International,Enterprise,Active,clarkdiane@example.org
CUST_06010,Jessica Brown,2022-04-27,SMB,North,Pro,Active,kellysmith@example.com
CUST_06011,Ryan Morgan,2023-09-29,SMB,East,Enterprise,Churned,pperry@example.org
CUST_06012,Courtney Reyes,2022-05-08,SMB,North,Enterprise,Active,timothy33@example.net
CUST_06013,Francisco Gordon,2023-06-19,Enterprise,South,Pro,Active,johnsonangela@example.org
CUST_06014,Michael Freeman,2023-11-26,Mid-Market,West,Pro,Active,daviskyle@example.net
CUST_06015,Bryan Myers,2022-04-18,SMB,North,Pro,Active,hannakimberly@example.org
CUST_06016,Patricia Mckee,2023-07-26,Enterprise,North,Basic,Active,michelle58@example.net
CUST_06017,Michelle Roberts,2021-03-18,SMB,East,Pro,Churned,dawn01@example.net
CUST_06018,Matthew Harper,2021-08-16,Mid-Market,East,Basic,Active,jasonsmith@example.com
CUST_06019,Ashley Boyd,2022-01-01,Mid-Market,South,Enterprise,Active,sullivanalfred@example.net
CUST_06020,John Bailey,2021-05-21,SMB,West,Pro,Churned,hcosta@example.net
CUST_06021,Candice Briggs,2021-03-05,SMB,South,Basic,Active,wkennedy@example.org
CUST_06022,Brandon Myers,2021-12-07,SMB,East,Basic,Active,dorothynunez@example.net
CUST_06023,Diane Gonzalez,2022-07-07,SMB,South,Enterprise,Active,ireed@example.net
CUST_06024,Kristin Blake,2023-10-23,Mid-Market,West,Basic,Active,kmueller@example.org
CUST_06025,Aaron Bruce,2022-04-20,Mid-Market,International,Enterprise,Active,bmiller@example.org
CUST_06026,Michael Perez,2022-08-18,Enterprise,North,Basic,Active,sbennett@example.org
CUST_06027,Richard Sharp,2022-11-24,SMB,South,Pro,Active,lwilson@example.com
CUST_06028,Gabrielle Brown,2021-01-19,Mid-Market,South,Pro,Active,michael55@example.org
CUST_06029,Tonya Williams,2023-04-28,Enterprise,East,Basic,Active,whitneyjennifer@example.com
CUST_06030,Craig Edwards,2022-03-28,Enterprise,North,Pro,Active,derek72@example.net
CUST_06031,Jason Davis,2021-09-15,Mid-Market,International,Pro,Active,cunninghamshelby@example.com
CUST_06032,Matthew Wilson,2022-03-02,SMB,West,Pro,Active,cortega@example.org
CUST_06033,Craig Smith,2021-04-24,SMB,West,Pro,Active,daniel06@example.org
CUST_06034,Jack Rogers,2024-04-14,Mid-Market,East,Pro,Active,donnamiller@example.com
CUST_06035,Joanna Lopez,2023-04-13,Enterprise,East,Pro,Active,amysolomon@example.com
CUST_06036,Benjamin Wood,2022-01-23,SMB,North,Basic,Active,davisjohn@example.com
CUST_06037,Heather Dunn,2021-02-09,SMB,International,Basic,Churned,angelagriffin@example.net
CUST_06038,Paul Carr,2022-01-22,SMB,East,Pro,Active,gmontgomery@example.org
CUST_06039,Tina Small,2023-05-11,SMB,North,Enterprise,Churned,lauriehenderson@example.net
CUST_06040,Jessica Rodriguez,2024-03-26,SMB,West,Pro,Active,harringtonsherri@example.com
CUST_06041,Nathan Copeland,2022-12-29,SMB,North,Basic,Churned,dbennett@example.net
CUST_06042,Janet Rivera,2022-08-25,SMB,East,Basic,Churned,peterssandra@example.org
CUST_06043,Angela Camacho,2022-12-26,Enterprise,West,Pro,Active,john99@example.net
CUST_06044,John Smith,2021-01-25,Enterprise,East,Basic,Active,xavierwilson@example.org
CUST_06045,Lori Duran,2021-05-17,SMB,International,Pro,Active,kingallison@example.org
CUST_06046,Gavin Smith,2022-08-06,Mid-Market,East,Basic,Active,sheilachambers@example.net
CUST_06047,Jennifer Wall,2021-08-29,Mid-Market,South,Basic,Active,herreratamara@example.net
CUST_06048,Kendra Maxwell,2023-05-16,SMB,West,Pro,Churned,alyssaharris@example.net
CUST_06049,Sierra Horn,2021-04-05,SMB,West,Pro,Churned,james67@example.org
CUST_06050,Morgan Weaver,2021-07-31,Mid-Market,International,Pro,Churned,perezrachel@example.com
CUST_06051,Oscar Walsh,2023-07-08,SMB,West,Basic,Active,lconner@example.org
CUST_06052,Shelby Perkins,2022-07-09,Enterprise,North,Pro,Active,navarromark@example.com
CUST_06053,Lauren Johnson,2022-08-01,SMB,South,Enterprise,Churned,tiffany44@example.com
CUST_06054,Destiny Atkinson,2022-05-18,SMB,East,Basic,Active,prestonjohn@example.com
CUST_06055,Kaitlin Tran,2024-01-15,Mid-Market,International,Basic,Active,john55@example.com
CUST_06056,Lee Greene MD,2023-08-25,Mid-Market,East,Basic,Active,annawhite@example.com
CUST_06057,Mike Robinson,2024-02-11,SMB,East,Pro,Churned,stacie70@example.org
CUST_06058,Madison Miller,2022-10-30,Mid-Market,South,Enterprise,Active,nguyenrichard@example.com
CUST_06059,Vanessa Bradshaw,2021-06-19,SMB,East,Enterprise,Active,bryan34@example.org
CUST_06060,Jerry Holmes,2021-05-13,SMB,West,Enterprise,Active,edwardray@example.net
CUST_06061,Robert Kelley,2023-12-05,SMB,International,Enterprise,Active,wjohnson@example.net
CUST_06062,Lauren Ruiz,2023-09-26,Mid-Market,International,Enterprise,Active,moorejoseph@example.org
CUST_06063,David Wright,2022-09-08,Enterprise,North,Enterprise,Active,stevenferguson@example.org
CUST_06064,Benjamin Carney,2021-07-31,Mid-Market,East,Basic,Active,justinlopez@example.net
CUST_06065,Mr. Jeffrey Hoffman,2023-07-26,SMB,West,Basic,Active,gmartinez@example.net
CUST_06066,Mrs. Tammy Jackson MD,2023-09-30,Mid-Market,South,Pro,Active,steven73@example.net
CUST_06067,Bryan Summers,2024-01-25,SMB,East,Enterprise,Active,sarah64@example.com
CUST_06068,Wanda Brown,2023-10-15,SMB,North,Enterprise,Active,osbornewilliam@example.com
CUST_06069,Jennifer Hall,2023-10-12,SMB,East,Enterprise,Active,smithmiranda@example.net
CUST_06070,Debra Dunn,2021-10-29,Enterprise,International,Pro,Active,martinezamy@example.com
CUST_06071,Noah Wu,2024-02-11,Mid-Market,North,Enterprise,Active,bbrooks@example.org
CUST_06072,Tracy Wu,2023-09-17,SMB,North,Basic,Active,penny89@example.org
CUST_06073,Megan Campbell,2023-04-24,SMB,West,Pro,Active,ldrake@example.net
CUST_06074,Carolyn Jones,2022-02-21,Enterprise,International,Pro,Active,josegray@example.net
CUST_06075,Phillip Hamilton,2023-07-30,Mid-Market,International,Pro,Churned,christianelliott@example.net
CUST_06076,Bradley Hayes,2021-10-01,Mid-Market,West,Enterprise,Active,kathrynlawrence@example.org
CUST_06077,Whitney Torres,2023-08-26,SMB,North,Basic,Churned,santosaaron@example.net
CUST_06078,Nancy Ramirez,2023-07-05,SMB,International,Pro,Churned,penarichard@example.com
CUST_06079,Kevin Swanson,2023-11-15,Mid-Market,North,Pro,Active,anndickson@example.net
CUST_06080,Christina Hall,2024-04-02,Mid-Market,West,Pro,Active,sbanks@example.org
CUST_06081,Rhonda Norman,2021-03-13,Enterprise,West,Enterprise,Active,grantmichael@example.org
CUST_06082,Cathy Barker,2022-07-10,SMB,South,Pro,Active,austinthompson@example.org
CUST_06083,Arthur Williams,2022-09-16,SMB,East,Pro,Active,johncollins@example.net
CUST_06084,Joseph Powell,2023-04-20,SMB,North,Enterprise,Active,williamcollins@example.org
CUST_06085,Jason Vazquez,2022-07-05,SMB,West,Enterprise,Active,alyssa10@example.com
CUST_06086,Danielle Davis,2023-03-21,Mid-Market,South,Pro,Active,lherrera@example.net
CUST_06087,Dana Lynch,2023-10-26,Mid-Market,East,Enterprise,Churned,carolynfernandez@example.net
CUST_06088,Teresa Cowan,2022-12-18,SMB,East,Basic,Churned,tammymcguire@example.com
CUST_06089,Kelly Hill,2021-09-29,SMB,South,Basic,Active,john53@example.com
CUST_06090,Monica Sanchez,2022-04-08,Enterprise,North,Pro,Churned,bradjackson@example.com
CUST_06091,Jennifer Heath,2022-06-08,Enterprise,West,Pro,Active,petersonlauren@example.net
CUST_06092,Priscilla Moore,2022-05-10,SMB,South,Basic,Churned,rothpaul@example.net
CUST_06093,Michael Ramirez,2023-08-04,SMB,International,Enterprise,Active,fjohnson@example.com
CUST_06094,Angela Hernandez,2023-02-20,SMB,North,Enterprise,Churned,scottsamuel@example.org
CUST_06095,Justin Todd,2021-11-01,Enterprise,North,Pro,Active,justingriffin@example.net
CUST_06096,Cody Velasquez,2022-12-03,Mid-Market,North,Pro,Active,epark@example.org
CUST_06097,Beverly Hayes,2021-02-20,Mid-Market,East,Enterprise,Churned,ajohnson@example.org
CUST_06098,Marie Rivera,2023-03-30,SMB,International,Enterprise,Active,mccarthyrickey@example.net
CUST_06099,Amber Ward,2021-10-06,SMB,North,Pro,Active,scarter@example.com
CUST_06100,Danielle Robinson,2023-12-28,Mid-Market,North,Enterprise,Active,tsullivan@example.org
CUST_06101,Karen Flowers,2023-12-01,SMB,International,Basic,Churned,robert18@example.com
CUST_06102,Grant Chavez,2022-03-25,Enterprise,International,Enterprise,Active,xsmall@example.net
CUST_06103,Leon Oconnell,2021-07-28,Mid-Market,East,Basic,Churned,robertnichols@example.net
CUST_06104,Kayla Wolfe,2021-04-19,SMB,West,Pro,Churned,icarter@example.net
CUST_06105,Cheryl Harvey,2022-05-30,SMB,West,Basic,Active,ijohnson@example.com
CUST_06106,Aaron Bell,2022-02-09,Enterprise,North,Pro,Active,dcrawford@example.org
CUST_06107,John Holmes,2024-01-06,SMB,North,Basic,Active,kristine98@example.net
CUST_06108,Susan Blake,2021-06-18,SMB,South,Pro,Churned,estessamuel@example.com
CUST_06109,Christopher Carter,2021-01-26,SMB,East,Enterprise,Churned,maryromero@example.net
CUST_06110,Elizabeth Henry,2023-02-01,Mid-Market,East,Basic,Active,garrettsamuel@example.net
CUST_06111,Kayla Bennett,2024-03-16,SMB,International,Basic,Active,michele08@example.com
CUST_06112,Ashley Petersen,2023-03-02,SMB,West,Enterprise,Churned,ahardin@example.com
CUST_06113,Nicole Clark,2021-10-23,SMB,South,Basic,Churned,erikayoung@example.net
CUST_06114,Christopher Ruiz,2023-08-08,SMB,West,Pro,Active,brianna25@example.org
CUST_06115,Todd Brooks,2021-10-25,Mid-Market,South,Basic,Active,michael74@example.net
CUST_06116,Mark Peters,2024-05-18,SMB,International,Pro,Active,jenningselizabeth@example.net
CUST_06117,April Peterson,2021-09-29,SMB,South,Pro,Active,savagematthew@example.com
CUST_06118,Joseph Garrett,2022-03-29,SMB,East,Pro,Active,darrell96@example.org
CUST_06119,Nicole Reilly,2023-11-27,SMB,International,Pro,Active,russellterri@example.net
CUST_06120,Mary Lee,2022-05-03,SMB,South,Basic,Churned,alexanderrichard@example.net
CUST_06121,Edgar Brooks,2023-05-12,SMB,East,Basic,Active,fpark@example.net
CUST_06122,Daniel Malone,2021-03-03,SMB,West,Enterprise,Churned,cdelacruz@example.com
CUST_06123,Ryan Cox,2023-12-10,Enterprise,International,Pro,Active,yfloyd@example.net
CUST_06124,Reginald White,2022-04-03,SMB,East,Basic,Active,watsonjoe@example.net
CUST_06125,Robin Collins,2024-03-09,SMB,International,Pro,Active,ychapman@example.net
CUST_06126,Michael Wyatt,2023-01-04,SMB,East,Basic,Active,palmerkatherine@example.net
CUST_06127,Donna Roberts,2022-11-17,Enterprise,North,Pro,Active,leetina@example.com
CUST_06128,Debbie Garcia,2021-07-31,Enterprise,North,Pro,Active,kmartinez@example.org
CUST_06129,Lisa Cline,2023-06-24,SMB,International,Pro,Churned,dianaenglish@example.org
CUST_06130,Lindsay Watts,2024-05-21,SMB,North,Enterprise,Churned,jason12@example.org
CUST_06131,Denise Horn,2024-02-14,Mid-Market,North,Pro,Active,mark79@example.net
CUST_06132,Tamara Alvarez,2023-06-11,Mid-Market,South,Pro,Active,richard87@example.org
CUST_06133,Amy Davidson,2023-11-18,SMB,East,Basic,Active,hbailey@example.org
CUST_06134,Benjamin Becker,2021-02-02,Enterprise,International,Basic,Active,hannabrian@example.org
CUST_06135,John Webb,2023-02-18,SMB,International,Enterprise,Active,mbarajas@example.com
CUST_06136,Mary Schneider,2023-03-11,Mid-Market,North,Pro,Active,jenniferanderson@example.net
CUST_06137,Daniel Miller,2021-12-15,SMB,West,Pro,Active,vruiz@example.com
CUST_06138,Bailey Anderson,2024-03-01,Mid-Market,East,Enterprise,Active,matthew02@example.net
CUST_06139,Sophia Ramirez,2021-07-16,SMB,South,Pro,Active,james82@example.com
CUST_06140,Jillian Duncan,2023-06-02,Enterprise,East,Basic,Active,youngpaul@example.com
CUST_06141,Joshua Simmons,2021-11-12,SMB,South,Basic,Active,amorrison@example.net
CUST_06142,Kelly Hall,2024-02-17,Mid-Market,West,Enterprise,Active,hatfieldkenneth@example.net
CUST_06143,Erica Johnson,2023-01-02,SMB,East,Basic,Active,chelsea44@example.com
CUST_06144,Cody Brown,2023-06-02,SMB,East,Basic,Active,michaelnelson@example.net
CUST_06145,Justin Brown,2022-02-10,SMB,North,Pro,Active,johnny28@example.com
CUST_06146,Anthony Stewart,2023-01-20,SMB,International,Basic,Active,wigginsjohn@example.org
CUST_06147,Janet Smith,2023-10-03,SMB,South,Basic,Active,jpayne@example.org
CUST_06148,Jason Herring,2022-09-07,SMB,International,Pro,Churned,loweandrew@example.net
CUST_06149,Kimberly Castillo,2022-04-24,SMB,International,Basic,Active,macdonaldterry@example.org
CUST_06150,Kenneth Chambers,2022-10-29,SMB,West,Enterprise,Churned,maryburke@example.org
CUST_06151,Mrs. Tiffany Monroe,2023-06-14,SMB,South,Basic,Active,tholt@example.net
CUST_06152,Robin Davis,2022-09-13,SMB,South,Pro,Active,estrickland@example.net
CUST_06153,Jason Simon,2024-01-11,Mid-Market,International,Pro,Active,ojones@example.org
CUST_06154,Jenna Moody,2022-12-28,SMB,West,Basic,Churned,allensheena@example.org
CUST_06155,Jennifer Turner,2023-10-28,SMB,East,Pro,Churned,nturner@example.com
CUST_06156,Jacob Bryan,2021-04-03,Mid-Market,North,Basic,Active,xchavez@example.com
CUST_06157,Edward Stuart,2022-07-29,SMB,West,Pro,Active,lisachurch@example.net
CUST_06158,Brian Rodriguez,2022-04-01,SMB,South,Pro,Churned,djames@example.net
CUST_06159,Sarah Haynes,2024-05-03,SMB,East,Basic,Active,peggyhardin@example.org
CUST_06160,Sylvia Clarke,2022-12-30,SMB,North,Basic,Active,mackenziekelly@example.com
CUST_06161,Dylan Kelly,2023-12-04,SMB,North,Pro,Active,mmontgomery@example.org
CUST_06162,Bobby Jackson,2022-08-19,Mid-Market,South,Enterprise,Active,jacobfloyd@example.com
CUST_06163,Eric Herring,2022-03-11,Enterprise,West,Basic,Active,reillydana@example.com
CUST_06164,Debra Solis,2024-04-08,Mid-Market,South,Basic,Churned,ahenderson@example.org
CUST_06165,Carrie Cole,2021-12-30,SMB,North,Basic,Churned,lindaperez@example.com
CUST_06166,Ryan Collins,2024-03-22,Mid-Market,North,Enterprise,Active,andrewarnold@example.com
CUST_06167,Jo Mccarty,2023-04-18,Mid-Market,South,Basic,Active,perrymargaret@example.net
CUST_06168,Stacey Randall,2021-04-01,SMB,East,Pro,Churned,brian64@example.org
CUST_06169,Blake Parker,2022-03-30,SMB,East,Basic,Churned,qbarron@example.org
CUST_06170,Isabella Taylor,2023-04-02,Mid-Market,South,Enterprise,Churned,cynthia65@example.net
CUST_06171,Heidi Jordan,2021-01-01,SMB,South,Pro,Active,andersondonna@example.org
CUST_06172,Peter Ramirez,2023-09-14,Enterprise,West,Pro,Active,lgibson@example.com
CUST_06173,Michael Jones,2021-03-05,SMB,International,Basic,Churned,janicedixon@example.net
CUST_06174,Eric Clark,2021-07-13,SMB,International,Enterprise,Active,tina54@example.org
CUST_06175,Mike Cardenas,2021-07-05,Enterprise,North,Basic,Active,mariapatel@example.com
CUST_06176,Maria Crawford,2023-04-02,SMB,North,Enterprise,Active,houstonjohn@example.net
CUST_06177,Michael Pope,2021-09-05,SMB,South,Basic,Active,sanchezkathy@example.org
CUST_06178,Donald Davis,2024-03-26,SMB,East,Pro,Active,andrew82@example.net
CUST_06179,Peter Powers,2023-10-06,Mid-Market,West,Pro,Churned,kayla65@example.org
CUST_06180,James Johnson,2021-10-30,Enterprise,South,Basic,Active,nrodriguez@example.net
CUST_06181,Kevin Robinson,2024-02-18,Mid-Market,West,Basic,Active,pmoore@example.org
CUST_06182,Ethan Nelson,2021-02-05,SMB,International,Enterprise,Active,jeremy94@example.com
CUST_06183,Olivia Payne,2021-11-11,SMB,South,Basic,Active,jonathan00@example.net
CUST_06184,Penny Simon MD,2022-02-03,Mid-Market,North,Enterprise,Active,sarah07@example.net
CUST_06185,Adrian Christian DDS,2022-06-28,Mid-Market,North,Enterprise,Churned,sweeneyjohn@example.com
CUST_06186,Pamela Clark,2021-05-30,Enterprise,North,Enterprise,Active,juliemoore@example.com
CUST_06187,Steven Maldonado,2023-03-01,SMB,East,Basic,Churned,jasmine62@example.net
CUST_06188,Jonathan Cruz,2021-08-06,Mid-Market,South,Pro,Churned,jessica78@example.net
CUST_06189,William Perez,2023-04-29,SMB,North,Enterprise,Active,carriemejia@example.org
CUST_06190,Kenneth Bell,2021-05-02,SMB,East,Pro,Active,kathleen87@example.net
CUST_06191,Rachel Moreno,2023-05-30,SMB,International,Enterprise,Active,sheltonariel@example.com
CUST_06192,Sean Hicks,2023-06-03,SMB,North,Basic,Churned,astone@example.net
CUST_06193,Kristina Hart,2021-09-27,SMB,International,Pro,Active,crystal98@example.com
CUST_06194,Ricky Holt,2024-05-31,SMB,International,Enterprise,Active,wallkaren@example.com
CUST_06195,Brooke Flores,2023-11-07,Mid-Market,South,Basic,Active,abowman@example.org
CUST_06196,Jillian Crosby,2021-11-05,SMB,North,Enterprise,Churned,ckelly@example.com
CUST_06197,Kevin Harrell,2023-06-01,SMB,South,Enterprise,Active,austinpeterson@example.net
CUST_06198,Amber Morales,2021-08-04,SMB,International,Pro,Active,tannertina@example.org
CUST_06199,Mackenzie Petersen,2024-03-14,SMB,East,Pro,Active,timothy73@example.net
CUST_06200,Chase Soto,2021-03-05,SMB,South,Basic,Active,makayla40@example.net
CUST_06201,Mark Andrews,2022-03-21,Enterprise,North,Basic,Active,stoutdenise@example.net
CUST_06202,Barbara White,2021-07-31,Enterprise,West,Basic,Active,katherinefreeman@example.org
CUST_06203,Tracy Jones,2023-04-14,SMB,South,Enterprise,Active,omontgomery@example.com
CUST_06204,Stephanie Miller,2023-10-21,SMB,West,Pro,Active,aperry@example.com
CUST_06205,Dr. John Berry,2022-04-29,Mid-Market,East,Enterprise,Active,ian56@example.com
CUST_06206,Michael Johnson,2022-12-23,SMB,East,Basic,Churned,danielcohen@example.org
CUST_06207,Aaron Doyle,2022-11-12,Mid-Market,West,Pro,Active,reidalicia@example.org
CUST_06208,Christopher Carroll,2023-07-25,SMB,West,Basic,Churned,brownstephanie@example.com
CUST_06209,Oscar Walter,2024-01-24,Mid-Market,North,Pro,Active,jason08@example.com
CUST_06210,Edward Hawkins,2021-10-18,Mid-Market,East,Pro,Active,colehenry@example.org
CUST_06211,William Reyes,2021-02-02,Mid-Market,West,Basic,Active,valerie71@example.org
CUST_06212,Richard Brown,2023-06-27,Mid-Market,International,Enterprise,Active,pchung@example.com
CUST_06213,Kelsey Mcclure,2023-12-29,Mid-Market,West,Enterprise,Active,charlesmartinez@example.org
CUST_06214,Jimmy Drake,2024-05-14,Mid-Market,North,Basic,Active,gordonjonathan@example.net
CUST_06215,Sandra Cortez,2022-08-09,Mid-Market,International,Basic,Active,riosstephen@example.net
CUST_06216,James Marshall,2022-08-25,SMB,North,Pro,Active,isingh@example.net
CUST_06217,Peter Cole,2021-01-30,Mid-Market,East,Pro,Churned,tannerlinda@example.org
CUST_06218,Joel Chandler,2023-07-03,SMB,North,Pro,Active,kayla91@example.org
CUST_06219,Paige Moran,2024-01-12,Enterprise,South,Enterprise,Active,juliadavid@example.net
CUST_06220,Mike Morales,2021-09-19,Enterprise,East,Basic,Active,jeffwilliams@example.org
CUST_06221,Ryan Lee,2023-04-26,SMB,East,Enterprise,Active,angelcarr@example.net
CUST_06222,Richard Allison,2023-10-17,Enterprise,South,Basic,Active,johnsonphilip@example.com
CUST_06223,Dennis Reed,2023-01-16,SMB,North,Basic,Active,yballard@example.net
CUST_06224,Jeff Rice,2021-10-30,SMB,North,Basic,Active,christopher72@example.net
CUST_06225,Corey Lamb,2022-12-01,Mid-Market,South,Enterprise,Active,christophersolis@example.org
CUST_06226,Dr. Melinda Glenn,2023-12-07,Mid-Market,East,Basic,Active,pattonkaitlyn@example.com
CUST_06227,Valerie Cervantes,2022-01-04,Mid-Market,North,Basic,Churned,nicholsheather@example.net
CUST_06228,Michael Rodriguez,2021-01-17,SMB,West,Basic,Active,wayne44@example.net
CUST_06229,Amy Jarvis,2021-06-29,SMB,South,Enterprise,Churned,ilivingston@example.org
CUST_06230,Jeremy Park,2021-02-04,Enterprise,International,Basic,Active,smithalyssa@example.org
CUST_06231,Sarah Wiggins,2021-11-02,SMB,South,Pro,Churned,omccullough@example.com
CUST_06232,Gene Frederick,2024-05-23,Enterprise,North,Pro,Active,pharris@example.com
CUST_06233,Adam Hubbard,2022-06-13,Enterprise,South,Enterprise,Active,hferguson@example.net
CUST_06234,Jason Rojas,2021-06-03,Mid-Market,West,Basic,Active,craig73@example.com
CUST_06235,Sara Patterson,2023-09-22,Enterprise,International,Enterprise,Active,james74@example.org
CUST_06236,Evan Wallace,2023-08-12,Mid-Market,International,Enterprise,Active,kryan@example.net
CUST_06237,Michelle Shepherd,2022-09-15,SMB,North,Enterprise,Churned,erinarmstrong@example.org
CUST_06238,Steven Johnson,2023-12-24,Enterprise,South,Enterprise,Active,terricurtis@example.net
CUST_06239,Dr. Brett Rhodes,2023-11-25,Enterprise,International,Pro,Active,maciasmichael@example.net
CUST_06240,Meghan Flynn,2024-03-06,Enterprise,North,Basic,Active,bellwendy@example.org
CUST_06241,Theresa Chandler,2023-08-07,SMB,South,Basic,Active,donaldbrown@example.com
CUST_06242,John Rogers MD,2022-11-12,SMB,West,Enterprise,Active,milesmichael@example.net
CUST_06243,Michele Parks,2022-12-12,SMB,West,Enterprise,Active,jerrystrickland@example.com
CUST_06244,Calvin Sherman,2023-12-07,Mid-Market,South,Enterprise,Active,hamiltonamy@example.net
CUST_06245,Nathan Daniel,2021-11-02,Enterprise,International,Pro,Active,ybrown@example.org
CUST_06246,Timothy Nichols,2022-02-19,Mid-Market,East,Basic,Active,shelly83@example.com
CUST_06247,Denise Bradley,2024-02-15,Enterprise,East,Pro,Active,bwright@example.net
CUST_06248,Zachary Boyd,2022-05-31,SMB,International,Basic,Active,wgilbert@example.org
CUST_06249,Charles Barrera,2023-08-25,Mid-Market,North,Pro,Churned,clinton67@example.com
CUST_06250,Robert Henry,2023-02-17,SMB,East,Pro,Active,john96@example.com
CUST_06251,Mr. Mark Taylor MD,2023-10-12,SMB,East,Pro,Churned,alexandra09@example.net
CUST_06252,Carrie Allison,2021-09-22,SMB,South,Enterprise,Churned,fishergary@example.net
CUST_06253,Kristie Bailey,2022-03-17,SMB,West,Basic,Active,nicholaskim@example.org
CUST_06254,Scott Lopez,2023-01-31,Mid-Market,North,Basic,Active,andersonkayla@example.net
CUST_06255,Jennifer Powell,2021-03-12,SMB,North,Basic,Active,adrian19@example.com
CUST_06256,Natalie Green,2022-06-24,Mid-Market,North,Enterprise,Active,tcoleman@example.org
CUST_06257,Betty Morales,2021-06-17,SMB,West,Basic,Churned,vblack@example.org
CUST_06258,Christopher Woods,2024-05-08,Mid-Market,West,Basic,Active,murrayjohn@example.net
CUST_06259,Lori Phillips,2022-02-24,Mid-Market,South,Pro,Active,dawn05@example.org
CUST_06260,Heather Wilkerson,2021-09-08,SMB,East,Pro,Active,felicia80@example.com
CUST_06261,Erik Stevens,2022-07-21,Mid-Market,North,Basic,Active,darin83@example.org
CUST_06262,Jeffrey Simpson,2023-08-16,SMB,South,Basic,Churned,jamesobrien@example.net
CUST_06263,Thomas Harrington,2022-09-12,Enterprise,North,Basic,Active,michael48@example.net
CUST_06264,Shane Alvarado,2024-01-17,Mid-Market,South,Pro,Active,lindsay41@example.com
CUST_06265,Ronald Collins,2023-12-23,SMB,East,Pro,Active,aguirrecorey@example.net
CUST_06266,Mary Johnson,2021-04-20,Enterprise,East,Enterprise,Active,carterkimberly@example.org
CUST_06267,Mary Tanner,2023-01-21,SMB,North,Enterprise,Active,mariahunter@example.net
CUST_06268,Robert Meyer,2023-06-15,Mid-Market,North,Pro,Active,ann01@example.org
CUST_06269,Benjamin Tanner,2024-04-09,Mid-Market,International,Basic,Active,uterry@example.com
CUST_06270,Whitney Lee,2021-12-09,SMB,North,Basic,Churned,whitakercody@example.com
CUST_06271,John Kent,2023-06-19,SMB,East,Basic,Churned,alexis80@example.net
CUST_06272,Ricky Arellano,2023-12-12,SMB,International,Pro,Churned,garrettreid@example.com
CUST_06273,Brent Williamson,2023-10-14,Mid-Market,East,Pro,Active,vnguyen@example.com
CUST_06274,Michael Sanchez,2022-12-25,SMB,South,Basic,Active,iking@example.com
CUST_06275,Kristen Burch,2021-10-13,Enterprise,South,Enterprise,Active,mcfarlandjohn@example.com
CUST_06276,Christopher Gutierrez,2022-01-06,SMB,North,Enterprise,Active,spencermichael@example.net
CUST_06277,Sean Roy,2022-03-12,SMB,East,Basic,Active,smithjohn@example.org
CUST_06278,Cory Medina,2023-09-12,SMB,East,Enterprise,Active,vgrimes@example.com
CUST_06279,Rachel Rios,2022-03-18,Mid-Market,South,Pro,Active,brentcampos@example.org
CUST_06280,Benjamin Mercer,2023-01-08,Mid-Market,South,Basic,Active,lamroger@example.net
CUST_06281,Christopher Marks,2021-03-17,SMB,North,Pro,Active,pgray@example.com
CUST_06282,Jacob Jones,2022-07-14,Mid-Market,North,Enterprise,Active,cantrellvictoria@example.org
CUST_06283,Ryan Shelton,2022-06-26,SMB,North,Basic,Churned,shawnanderson@example.net
CUST_06284,Roberto Wheeler,2024-02-26,Mid-Market,South,Enterprise,Churned,eileenortiz@example.com
CUST_06285,Sarah Torres,2023-06-06,SMB,International,Pro,Active,jademyers@example.net
CUST_06286,Stephanie Wilkins,2023-03-08,Mid-Market,North,Basic,Active,rnewman@example.net
CUST_06287,Lee Brown,2021-02-08,SMB,East,Pro,Active,kelseyfrancis@example.org
CUST_06288,Samuel Gordon,2022-06-01,SMB,West,Enterprise,Active,jbruce@example.net
CUST_06289,Deborah Pena,2022-11-24,SMB,South,Basic,Active,claychristopher@example.net
CUST_06290,Frank Kent,2023-02-02,SMB,West,Pro,Active,bdiaz@example.net
CUST_06291,Laurie Miller,2024-03-21,Mid-Market,North,Basic,Active,hoopernancy@example.net
CUST_06292,Jeffrey Knight,2022-02-01,SMB,International,Basic,Active,deniselopez@example.net
CUST_06293,Katie Fleming,2023-03-30,Mid-Market,North,Pro,Active,hillmelissa@example.net
CUST_06294,Benjamin Farley,2022-03-06,SMB,South,Pro,Active,kennedyevan@example.com
CUST_06295,Jose Herrera,2022-09-25,SMB,West,Basic,Churned,qnelson@example.org
CUST_06296,Laura Thompson,2022-03-27,Mid-Market,East,Pro,Active,angelachan@example.com
CUST_06297,Joshua Johnson,2024-01-20,SMB,East,Basic,Active,bdouglas@example.org
CUST_06298,Mary Kelly,2022-01-29,Mid-Market,International,Enterprise,Active,millerrebecca@example.com
CUST_06299,Tracey Sandoval,2023-04-12,SMB,East,Pro,Churned,sean29@example.org
CUST_06300,Zachary Conway,2022-04-04,SMB,North,Basic,Active,morgan68@example.org
CUST_06301,Kimberly Coleman,2022-08-03,Mid-Market,North,Pro,Active,smithmatthew@example.net
CUST_06302,Bethany Clark,2021-11-17,Mid-Market,East,Enterprise,Active,joshualopez@example.net
CUST_06303,Melinda Glover,2021-01-06,Mid-Market,North,Pro,Active,smithteresa@example.com
CUST_06304,Michael Long,2023-02-27,SMB,West,Basic,Active,tstrong@example.net
CUST_06305,Jeffery Howell,2024-05-25,SMB,East,Basic,Churned,lisa77@example.org
CUST_06306,Kim Washington,2024-03-14,SMB,West,Enterprise,Active,dhughes@example.net
CUST_06307,Felicia Anderson,2021-02-24,Mid-Market,North,Enterprise,Active,duffycody@example.net
CUST_06308,Mike Gallegos,2022-04-19,SMB,East,Pro,Active,josephstevens@example.net
CUST_06309,Angela Smith,2021-08-31,Mid-Market,West,Basic,Churned,pamela20@example.net
CUST_06310,Cory Stewart,2022-09-18,Mid-Market,North,Basic,Active,dhutchinson@example.org
CUST_06311,Richard Reynolds,2024-03-08,Mid-Market,West,Basic,Active,sarahsweeney@example.com
CUST_06312,Jerry Luna,2023-08-19,SMB,International,Enterprise,Churned,dominic86@example.net
CUST_06313,James Fernandez,2023-06-29,SMB,South,Pro,Active,hardyronald@example.com
CUST_06314,Walter Woods,2021-08-31,Mid-Market,East,Enterprise,Churned,dianecollins@example.net
CUST_06315,Danny Williams,2023-08-14,Mid-Market,North,Pro,Active,matthewgreen@example.net
CUST_06316,Samuel Allen,2023-04-28,Mid-Market,West,Enterprise,Churned,whowell@example.org
CUST_06317,Madison Daugherty,2023-11-08,SMB,South,Pro,Active,keith04@example.org
CUST_06318,Emily Johnson,2021-05-09,SMB,East,Pro,Churned,mlewis@example.com
CUST_06319,Larry Rogers,2022-02-15,SMB,East,Basic,Active,farrellalexandra@example.net
CUST_06320,Bryan Nichols,2024-04-25,SMB,East,Enterprise,Churned,xfoley@example.net
CUST_06321,Erika Ramirez,2023-04-22,Mid-Market,North,Pro,Active,baileycrosby@example.net
CUST_06322,Stephen Holland,2021-11-04,SMB,South,Basic,Active,charles97@example.com
CUST_06323,Angela Smith,2022-12-20,SMB,International,Pro,Active,reevesnicholas@example.net
CUST_06324,Elizabeth Meyers,2023-11-28,SMB,West,Enterprise,Active,qwilliams@example.net
CUST_06325,April Watkins,2024-04-09,SMB,South,Basic,Active,cassandra71@example.com
CUST_06326,Jason Carrillo,2022-05-04,SMB,South,Pro,Churned,mking@example.org
CUST_06327,Elizabeth Castillo,2021-03-15,Mid-Market,South,Basic,Active,jenniferbutler@example.com
CUST_06328,Ann Nielsen,2023-06-26,Enterprise,South,Basic,Active,ytrujillo@example.com
CUST_06329,Emily Craig,2023-12-10,SMB,West,Basic,Active,jaime96@example.net
CUST_06330,Nicholas Stein,2022-11-13,Mid-Market,East,Basic,Active,vhood@example.org
CUST_06331,Alyssa Morris,2024-02-09,Mid-Market,South,Enterprise,Active,andersonrobert@example.com
CUST_06332,Ryan Evans,2023-02-07,Enterprise,East,Enterprise,Active,rebeccacooley@example.net
CUST_06333,Elizabeth Rogers,2023-04-06,Mid-Market,South,Pro,Active,amanda76@example.net
CUST_06334,Keith Larsen,2024-05-15,Mid-Market,North,Pro,Active,robertdavis@example.org
CUST_06335,David Camacho Jr.,2022-07-21,SMB,West,Pro,Active,michaelsellers@example.org
CUST_06336,David Manning,2022-07-17,Enterprise,North,Basic,Active,mark23@example.org
CUST_06337,Melissa Brown,2022-06-12,Enterprise,North,Enterprise,Active,keithflores@example.com
CUST_06338,Brian Reyes,2021-10-17,Mid-Market,West,Basic,Active,lisamarshall@example.org
CUST_06339,Thomas Campbell,2024-04-05,SMB,East,Enterprise,Active,williejenkins@example.org
CUST_06340,Anthony Harris MD,2022-07-30,Mid-Market,South,Basic,Active,andersonjulia@example.org
CUST_06341,April Welch,2023-03-19,Mid-Market,West,Enterprise,Active,shughes@example.com
CUST_06342,Douglas Perry,2021-10-07,SMB,International,Basic,Active,debralevy@example.net
CUST_06343,Tyler Sanchez,2022-06-26,Mid-Market,East,Enterprise,Churned,raymond16@example.net
CUST_06344,Robert Beck,2024-03-24,SMB,West,Enterprise,Churned,kjohnson@example.com
CUST_06345,Ian Bowen,2022-01-02,SMB,North,Basic,Active,adamsdanielle@example.net
CUST_06346,Gregory Brennan,2024-05-06,Mid-Market,East,Pro,Active,manderson@example.net
CUST_06347,Jordan Williams,2023-08-04,Mid-Market,South,Enterprise,Active,amanda26@example.org
CUST_06348,Nicole Short,2022-04-29,SMB,North,Basic,Active,matthewrios@example.org
CUST_06349,Dawn Snow,2022-10-21,Enterprise,South,Basic,Active,leah30@example.com
CUST_06350,Tonya Holder,2023-12-18,SMB,International,Basic,Active,smithmichael@example.net
CUST_06351,Brandy Cox,2022-12-06,SMB,West,Basic,Active,jameswilliams@example.com
CUST_06352,James Hart,2022-01-16,SMB,South,Pro,Active,jefferydiaz@example.com
CUST_06353,Jordan Lawrence,2022-11-16,Enterprise,East,Pro,Active,foxeric@example.com
CUST_06354,Lisa Strickland,2024-01-15,SMB,East,Pro,Active,alyssa69@example.net
CUST_06355,Shannon Moran,2023-03-29,Enterprise,North,Basic,Active,ndawson@example.org
CUST_06356,April Hanson,2023-10-05,SMB,North,Pro,Active,richardprice@example.net
CUST_06357,Alexandra King,2022-09-02,Mid-Market,East,Pro,Active,anthony75@example.org
CUST_06358,Michael Myers,2022-05-24,Enterprise,North,Pro,Active,zachary90@example.net
CUST_06359,Joseph Sanders,2023-11-01,SMB,South,Pro,Active,vgrimes@example.net
CUST_06360,Carla Jackson,2023-04-09,Enterprise,West,Pro,Active,bobbyallen@example.org
CUST_06361,Michael Andrews,2022-07-02,Mid-Market,West,Enterprise,Churned,serranomelissa@example.com
CUST_06362,Ashlee Abbott,2024-01-07,Enterprise,North,Pro,Active,vblake@example.net
CUST_06363,Michael Pratt,2022-02-06,Mid-Market,South,Pro,Active,tina20@example.org
CUST_06364,Ashley Cabrera,2023-08-06,Mid-Market,West,Pro,Active,ericjenkins@example.org
CUST_06365,Mike Anderson,2021-01-15,SMB,South,Basic,Active,sarah42@example.org
CUST_06366,Kristopher Jackson,2023-11-19,SMB,East,Pro,Churned,andrewhall@example.org
CUST_06367,Amy Johnson,2023-11-03,Enterprise,East,Basic,Active,davidfox@example.net
CUST_06368,Matthew Martin,2022-05-19,SMB,International,Basic,Active,masondavidson@example.com
CUST_06369,Michelle Hall,2023-10-27,Enterprise,East,Pro,Active,katherinemunoz@example.com
CUST_06370,Todd Bright,2024-02-03,SMB,International,Enterprise,Active,briannashannon@example.net
CUST_06371,Jennifer Freeman,2022-03-18,SMB,West,Basic,Churned,xmitchell@example.net
CUST_06372,Stephanie Carlson,2023-02-01,SMB,North,Enterprise,Active,xellis@example.org
CUST_06373,Taylor Smith,2021-04-21,SMB,North,Enterprise,Churned,aaronmarshall@example.net
CUST_06374,David Spears,2021-03-19,Mid-Market,International,Basic,Active,fbrown@example.org
CUST_06375,Mikayla Cook,2023-02-20,SMB,East,Pro,Churned,kfranco@example.com
CUST_06376,Patrick Sloan,2022-05-19,Enterprise,International,Pro,Active,rubenmatthews@example.com
CUST_06377,Kyle Gardner,2022-05-17,SMB,International,Basic,Churned,dzimmerman@example.org
CUST_06378,Natalie Vazquez,2022-07-18,SMB,West,Pro,Active,staceymoore@example.com
CUST_06379,Kirk Martin,2022-03-03,SMB,West,Enterprise,Active,sophiadickerson@example.org
CUST_06380,Rachel Gonzalez,2024-06-01,Enterprise,International,Basic,Active,gregory23@example.com
CUST_06381,Alyssa Thomas,2021-02-15,Enterprise,South,Enterprise,Active,wisemichelle@example.com
CUST_06382,Sabrina Williams,2021-03-21,Mid-Market,East,Pro,Active,lutzkevin@example.org
CUST_06383,Tim Lopez,2021-04-24,SMB,East,Basic,Active,johnathanwood@example.com
CUST_06384,Kelly Holloway,2022-05-02,SMB,North,Enterprise,Active,barbaraperez@example.net
CUST_06385,Amanda Perry,2022-08-13,Enterprise,South,Enterprise,Active,heatheraustin@example.org
CUST_06386,Troy Ramirez,2023-09-22,Mid-Market,South,Pro,Active,sandra58@example.net
CUST_06387,Sharon Clark,2021-11-04,SMB,East,Pro,Churned,lromero@example.com
CUST_06388,Angela Bullock,2023-12-14,SMB,South,Pro,Active,petersonkathryn@example.net
CUST_06389,Debra Hoffman,2021-10-25,Mid-Market,North,Basic,Active,ashley08@example.net
CUST_06390,Haley Stout MD,2022-07-17,Mid-Market,North,Pro,Active,joycebecker@example.org
CUST_06391,Aaron Fisher,2022-12-05,SMB,North,Enterprise,Churned,grantcarrie@example.com
CUST_06392,Elizabeth Maldonado,2023-12-18,Mid-Market,West,Pro,Active,steven52@example.net
CUST_06393,Debra Wright,2024-04-26,SMB,International,Basic,Churned,stephanie65@example.org
CUST_06394,Patricia Duncan,2022-11-04,Enterprise,East,Pro,Active,stephenmcmillan@example.net
CUST_06395,Christopher Cardenas,2022-11-25,Mid-Market,South,Pro,Churned,leah41@example.org
CUST_06396,Amy Christensen,2024-04-13,SMB,East,Basic,Active,michael62@example.net
CUST_06397,Benjamin Henderson,2023-11-12,SMB,West,Enterprise,Active,pgriffin@example.net
CUST_06398,Matthew Hudson,2021-03-26,SMB,West,Basic,Churned,stephanie59@example.com
CUST_06399,Andrew Gonzalez,2024-05-04,Mid-Market,International,Pro,Active,george45@example.org
CUST_06400,Brittney Jordan,2022-03-07,Mid-Market,West,Basic,Active,melissa32@example.com
CUST_06401,Elizabeth Walker,2023-11-06,Mid-Market,International,Pro,Active,dominguezrebecca@example.org
CUST_06402,Gregory Preston,2022-11-07,Enterprise,South,Basic,Active,james10@example.net
CUST_06403,Michael Boyle,2023-10-07,SMB,East,Pro,Churned,debrajohnson@example.net
CUST_06404,Nicholas Vaughan,2021-08-29,SMB,South,Basic,Churned,frankcox@example.net
CUST_06405,Jennifer Willis,2024-04-16,SMB,South,Basic,Active,samuel70@example.com
CUST_06406,Mark James,2021-02-04,Mid-Market,East,Pro,Active,frank63@example.org
CUST_06407,Matthew Johnson,2024-05-13,SMB,International,Enterprise,Active,navarrojessica@example.net
CUST_06408,Chad Key,2023-05-03,SMB,West,Basic,Active,alexandra05@example.com
CUST_06409,Elizabeth Anderson,2023-06-13,Mid-Market,International,Pro,Active,rodgerstimothy@example.net
CUST_06410,Alicia Ramirez,2023-09-28,Mid-Market,West,Pro,Churned,serranodiane@example.net
CUST_06411,Christopher Lee,2021-03-03,Mid-Market,South,Pro,Active,dennislinda@example.net
CUST_06412,Andre Carroll,2021-02-12,SMB,South,Pro,Active,allenrosario@example.com
CUST_06413,Derek Anderson,2021-11-10,Enterprise,West,Basic,Active,ellisemily@example.com
CUST_06414,Christine Johnson,2021-05-09,SMB,North,Basic,Active,mitchell03@example.org
CUST_06415,Joseph Bryant,2022-02-18,SMB,West,Enterprise,Churned,benjamin60@example.com
CUST_06416,Robert Holland,2021-04-25,SMB,West,Enterprise,Active,darren83@example.com
CUST_06417,Evelyn Smith,2022-08-17,SMB,North,Basic,Active,david27@example.com
CUST_06418,Christopher Cooper,2023-06-11,SMB,West,Basic,Active,amberwilson@example.com
CUST_06419,Bobby Fletcher,2022-03-16,SMB,East,Pro,Churned,michelleruiz@example.org
CUST_06420,Paul Jensen,2023-04-30,SMB,East,Enterprise,Active,daniel61@example.net
CUST_06421,Tracey Smith,2021-01-16,Enterprise,East,Enterprise,Active,stephanie72@example.com
CUST_06422,Bryan Hale,2023-05-05,SMB,North,Pro,Active,egonzalez@example.org
CUST_06423,Jeffrey Morris,2023-01-29,Enterprise,East,Basic,Active,gardnervanessa@example.com
CUST_06424,Nicole Turner,2021-07-11,SMB,West,Pro,Active,dunnsamuel@example.org
CUST_06425,Jessica Watkins,2024-02-13,SMB,North,Pro,Active,katie33@example.com
CUST_06426,Michael Livingston,2022-05-12,Enterprise,West,Enterprise,Active,kimberlywhitaker@example.net
CUST_06427,Dr. Michele Adams,2023-11-27,SMB,East,Pro,Active,johnsonbrooke@example.net
CUST_06428,Carmen Higgins,2021-06-30,SMB,North,Pro,Churned,hdavid@example.net
CUST_06429,Michael Sparks,2021-06-10,Mid-Market,North,Enterprise,Churned,zacharywest@example.com
CUST_06430,Gabriela Garza,2023-04-12,Mid-Market,North,Basic,Active,cindy54@example.net
CUST_06431,Michael Hoover,2022-05-02,Enterprise,West,Pro,Active,richardgreen@example.org
CUST_06432,Joseph Mckinney,2021-03-29,SMB,East,Pro,Churned,rlarsen@example.net
CUST_06433,Bradley Cook,2024-02-22,Enterprise,North,Pro,Active,arianablair@example.net
CUST_06434,Brittany Nelson,2021-05-09,SMB,International,Enterprise,Active,fitzgeraldtrevor@example.com
CUST_06435,Cynthia Cruz,2023-07-11,SMB,South,Pro,Active,aromero@example.com
CUST_06436,Michael Taylor,2023-04-08,SMB,East,Pro,Churned,gordonlaura@example.net
CUST_06437,Mike Callahan,2021-01-17,SMB,West,Enterprise,Active,jamesgill@example.com
CUST_06438,Christopher Hoffman,2022-01-17,Mid-Market,North,Pro,Active,laceycruz@example.net
CUST_06439,Christopher Miller,2023-04-26,Mid-Market,South,Basic,Active,brittanycoffey@example.net
CUST_06440,Charles Newman,2022-02-02,SMB,East,Basic,Active,rbrown@example.net
CUST_06441,Jennifer Willis,2023-06-09,SMB,East,Enterprise,Active,maddenmelissa@example.org
CUST_06442,April Allen,2021-07-10,Mid-Market,South,Enterprise,Active,newtonhenry@example.net
CUST_06443,Yvonne Myers,2022-07-13,SMB,International,Pro,Active,arobinson@example.org
CUST_06444,Jennifer Barron,2021-06-30,Mid-Market,South,Basic,Active,jefferyaguilar@example.net
CUST_06445,Amanda Myers,2024-03-11,SMB,East,Basic,Active,fday@example.com
CUST_06446,Mike Gomez,2023-06-15,Mid-Market,South,Basic,Active,wongmatthew@example.org
CUST_06447,Amy Robinson,2021-11-09,SMB,South,Basic,Active,lgarrett@example.com
CUST_06448,Michael Gill,2024-02-12,SMB,North,Pro,Active,belltheresa@example.com
CUST_06449,Tanya Collins,2023-03-07,SMB,International,Basic,Active,richardskaitlyn@example.org
CUST_06450,Debbie Butler,2021-09-07,SMB,North,Enterprise,Active,awilliams@example.net
CUST_06451,Mark Cisneros,2021-10-26,SMB,East,Enterprise,Churned,alexanderchristopher@example.org
CUST_06452,Kathy Harmon,2021-10-07,SMB,International,Pro,Churned,cheryl83@example.com
CUST_06453,Dennis Smith Jr.,2022-04-09,SMB,International,Basic,Active,colejoshua@example.net
CUST_06454,Bryan Mendoza,2021-04-20,Mid-Market,West,Pro,Active,bcook@example.net
CUST_06455,Rachel Ramirez DVM,2023-10-05,SMB,East,Basic,Active,darlene31@example.com
CUST_06456,Heather Ayers,2023-10-13,SMB,International,Enterprise,Active,patriciaoliver@example.org
CUST_06457,Danielle Hansen,2024-04-11,Enterprise,South,Basic,Active,meadowsstacey@example.org
CUST_06458,Jon Peters,2023-07-10,SMB,West,Enterprise,Active,zjefferson@example.com
CUST_06459,Sarah Ingram,2023-02-01,SMB,West,Pro,Active,sherri53@example.com
CUST_06460,Veronica Snyder,2021-04-21,SMB,West,Basic,Active,carmentaylor@example.org
CUST_06461,Carolyn Ellis,2023-03-22,Mid-Market,North,Enterprise,Active,farmerjennifer@example.org
CUST_06462,Brandon Smith Jr.,2024-05-17,SMB,East,Pro,Churned,leahsmith@example.org
CUST_06463,Dawn Davis,2021-03-16,SMB,North,Enterprise,Active,rsmith@example.net
CUST_06464,John Burns,2022-05-30,Enterprise,South,Enterprise,Active,daniel66@example.org
CUST_06465,Kathleen Foster,2023-11-11,Mid-Market,North,Basic,Active,joseph90@example.com
CUST_06466,Kevin Garner,2021-10-09,Mid-Market,International,Pro,Churned,brobbins@example.net
CUST_06467,Michael Galloway,2023-12-17,Mid-Market,North,Pro,Active,ganderson@example.org
CUST_06468,Richard Moody,2023-02-06,SMB,South,Basic,Active,jacksonpatrick@example.net
CUST_06469,Kelly Turner,2022-10-17,Mid-Market,International,Basic,Churned,vkelly@example.net
CUST_06470,Brandon Moreno,2022-01-16,Enterprise,North,Basic,Active,patrick86@example.com
CUST_06471,Lori Hurst,2023-05-17,SMB,International,Pro,Active,elizabethcole@example.com
CUST_06472,Shawn Richmond,2024-04-25,SMB,East,Basic,Active,thompsonamber@example.net
CUST_06473,Bradley Fowler,2024-01-28,Enterprise,North,Basic,Active,jonathan37@example.org
CUST_06474,Mathew Johnson,2023-11-02,Mid-Market,West,Enterprise,Active,huntsamuel@example.org
CUST_06475,Julie Torres,2023-01-15,Enterprise,North,Enterprise,Active,gmolina@example.net
CUST_06476,Martha White,2022-08-29,SMB,South,Pro,Active,smithjustin@example.net
CUST_06477,John Zuniga,2022-11-15,SMB,East,Basic,Active,eric34@example.com
CUST_06478,Mary Stewart,2023-05-30,SMB,South,Pro,Churned,danielolsen@example.com
CUST_06479,Aaron Mills,2023-10-29,Enterprise,South,Basic,Active,bwilliams@example.com
CUST_06480,Jessica Stewart,2023-09-19,Enterprise,North,Enterprise,Active,kshaw@example.net
CUST_06481,Nicholas Abbott,2021-03-24,SMB,North,Pro,Active,andrea93@example.net
CUST_06482,Danielle Fowler,2021-10-14,Enterprise,International,Enterprise,Active,burtonkevin@example.com
CUST_06483,Alicia Hall,2022-02-16,SMB,South,Pro,Active,mlee@example.net
CUST_06484,William Branch,2021-11-14,Enterprise,North,Enterprise,Churned,millsyolanda@example.com
CUST_06485,Jeanne Williams,2022-05-25,Mid-Market,South,Pro,Active,oleon@example.org
CUST_06486,Michelle Walker,2021-03-30,Mid-Market,South,Pro,Churned,cooperselena@example.org
CUST_06487,John Burke,2022-12-30,Mid-Market,South,Basic,Active,williamsonlaura@example.net
CUST_06488,Kathleen Coleman,2022-10-30,Enterprise,South,Enterprise,Active,jonesbryan@example.net
CUST_06489,Rebecca Barr,2021-04-21,Enterprise,North,Pro,Active,sarahramirez@example.com
CUST_06490,Larry Hernandez,2021-10-22,Mid-Market,West,Enterprise,Active,michael18@example.org
CUST_06491,Jon Meyer,2022-12-31,Mid-Market,International,Basic,Active,debra42@example.com
CUST_06492,Robert Parker,2024-02-01,SMB,International,Enterprise,Active,brandongonzalez@example.com
CUST_06493,Amy Dawson,2021-06-05,Mid-Market,East,Basic,Active,ramosronald@example.com
CUST_06494,Felicia Johnson,2023-02-24,SMB,East,Basic,Active,james57@example.net
CUST_06495,Sabrina Marquez,2022-05-09,SMB,North,Basic,Active,philipchavez@example.org
CUST_06496,Andrea White MD,2022-04-19,SMB,North,Pro,Churned,christopher51@example.com
CUST_06497,Brittany Stewart,2024-04-08,SMB,South,Basic,Active,pfletcher@example.com
CUST_06498,Patricia Pope,2023-08-27,SMB,South,Enterprise,Active,susanbaker@example.org
CUST_06499,Joshua Jones,2021-08-10,SMB,North,Pro,Active,heathermaldonado@example.net
CUST_06500,Dale Farmer Jr.,2022-06-27,Mid-Market,North,Basic,Active,fjohnson@example.net
CUST_06501,Brandon Gray,2022-11-09,SMB,International,Basic,Active,villanuevabrian@example.net
CUST_06502,Erin Rhodes,2021-05-21,SMB,North,Basic,Active,rebeccarhodes@example.net
CUST_06503,Jessica Martinez,2024-01-20,SMB,West,Basic,Active,conniebrandt@example.com
CUST_06504,James Green,2022-01-25,SMB,East,Basic,Churned,jeffreymcmillan@example.com
CUST_06505,Diane Wilson,2023-05-04,SMB,North,Pro,Churned,shannonhopkins@example.org
CUST_06506,Kim Casey,2023-01-25,Mid-Market,West,Basic,Active,zcardenas@example.net
CUST_06507,Tracey White,2024-03-29,Mid-Market,North,Pro,Active,robinbennett@example.com
CUST_06508,Jesse Gill,2022-06-24,SMB,West,Basic,Churned,emily40@example.org
CUST_06509,Lauren Schmitt,2021-07-16,SMB,East,Basic,Active,cassidyward@example.com
CUST_06510,James Evans,2021-05-06,Enterprise,South,Enterprise,Active,howardwilliams@example.net
CUST_06511,Andrew Scott,2021-12-14,Mid-Market,International,Pro,Active,troy65@example.net
CUST_06512,Melissa Bishop,2024-03-03,SMB,International,Enterprise,Active,jonesanna@example.net
CUST_06513,Raymond Russo,2023-02-06,Enterprise,West,Pro,Active,marybrown@example.org
CUST_06514,Erin Sharp,2021-03-17,Enterprise,South,Basic,Active,wbrown@example.net
CUST_06515,Denise Compton,2024-02-27,Enterprise,North,Enterprise,Active,jeffrey29@example.net
CUST_06516,Julie Love,2022-12-12,SMB,North,Basic,Active,lance24@example.org
CUST_06517,Steven Hammond,2024-05-27,SMB,West,Pro,Active,turnerroger@example.net
CUST_06518,Nathaniel Burton,2024-04-20,Mid-Market,North,Pro,Active,ryanshannon@example.org
CUST_06519,Sara Hurley,2023-11-30,SMB,East,Basic,Active,tonyparker@example.com
CUST_06520,Gregory Pierce,2022-12-19,SMB,North,Pro,Active,timothyhahn@example.org
CUST_06521,Jason Combs,2022-12-28,SMB,International,Basic,Active,vmoore@example.com
CUST_06522,Timothy Kirk,2023-01-25,SMB,North,Basic,Active,judysharp@example.org
CUST_06523,Alejandro Bowman,2023-01-26,SMB,International,Enterprise,Churned,rebeccacarroll@example.org
CUST_06524,Jason Hampton,2024-01-07,Mid-Market,North,Basic,Active,colemanlance@example.net
CUST_06525,Lisa Gardner,2022-01-09,Mid-Market,International,Basic,Active,zmendoza@example.org
CUST_06526,Angela Taylor,2021-09-21,SMB,South,Enterprise,Active,steven22@example.com
CUST_06527,Matthew Wu MD,2021-05-13,SMB,West,Pro,Churned,rwilliams@example.com
CUST_06528,Ryan Davis,2021-08-29,Mid-Market,North,Enterprise,Churned,april95@example.com
CUST_06529,Felicia Herrera,2021-01-07,SMB,North,Enterprise,Active,jamesstewart@example.org
CUST_06530,Amy Bright,2024-02-13,Enterprise,East,Basic,Churned,kellyjones@example.com
CUST_06531,Glenn Anderson,2021-10-06,SMB,North,Basic,Active,timothy11@example.com
CUST_06532,Kelly Lopez,2023-12-09,Mid-Market,North,Basic,Active,stacygrant@example.net
CUST_06533,Jeremy Casey,2021-06-23,SMB,West,Enterprise,Churned,hayesanthony@example.com
CUST_06534,Jeffery Contreras,2021-09-23,SMB,South,Basic,Active,margaretwilson@example.org
CUST_06535,Jeanne Boyer,2024-05-13,Enterprise,South,Pro,Active,john33@example.com
CUST_06536,Candace Morris,2022-02-19,Mid-Market,East,Basic,Active,wyattsusan@example.org
CUST_06537,Thomas Burgess,2024-02-27,SMB,West,Basic,Active,lisadavis@example.org
CUST_06538,Travis Wolfe,2022-12-27,SMB,North,Enterprise,Active,mmurphy@example.org
CUST_06539,Kevin Jacobs,2023-04-02,SMB,North,Basic,Churned,oruiz@example.org
CUST_06540,Karen Ward,2023-07-31,SMB,International,Enterprise,Active,mikegonzalez@example.org
CUST_06541,Derek Livingston,2022-12-22,SMB,East,Enterprise,Churned,kristopher63@example.com
CUST_06542,Lisa Robertson,2022-06-29,SMB,East,Basic,Active,samuelhamilton@example.com
CUST_06543,Sandra Bird,2023-01-14,SMB,East,Pro,Active,jennifer98@example.org
CUST_06544,Jared Blevins,2023-10-15,SMB,East,Pro,Churned,kristenvillarreal@example.org
CUST_06545,Madeline Bennett,2024-05-28,Mid-Market,East,Enterprise,Active,hillmikayla@example.net
CUST_06546,Luis Shields,2022-11-14,SMB,East,Pro,Active,davismaria@example.com
CUST_06547,Tyler May,2024-05-22,Mid-Market,South,Pro,Active,brendan97@example.net
CUST_06548,Amy Riley,2021-03-15,SMB,South,Basic,Active,waynetaylor@example.org
CUST_06549,Timothy Lewis,2022-06-05,SMB,South,Basic,Active,jennifergilbert@example.org
CUST_06550,Samantha Larson,2021-08-18,SMB,West,Basic,Active,garciapamela@example.net
CUST_06551,Megan Richardson,2022-03-08,SMB,East,Enterprise,Active,shelby76@example.org
CUST_06552,William Brown,2024-02-11,SMB,North,Basic,Active,phunt@example.org
CUST_06553,Walter Johnson,2021-09-29,Mid-Market,South,Basic,Active,evelyn46@example.net
CUST_06554,Robert Mack,2022-04-28,SMB,South,Enterprise,Active,wilkinsraven@example.org
CUST_06555,Jennifer Sexton,2021-10-06,Mid-Market,North,Pro,Active,lgreen@example.org
CUST_06556,Ashley Kent,2023-09-11,Mid-Market,East,Pro,Active,joseph59@example.net
CUST_06557,Maria Anderson,2024-04-21,Enterprise,South,Pro,Active,blakethomas@example.net
CUST_06558,Linda Kirby,2021-12-05,SMB,North,Basic,Active,guzmancarl@example.com
CUST_06559,John Butler,2023-08-01,Enterprise,South,Basic,Active,andrewrandall@example.com
CUST_06560,Elizabeth Walters,2024-03-08,Mid-Market,West,Enterprise,Active,kjohnson@example.org
CUST_06561,Victoria Fisher,2021-04-24,SMB,South,Enterprise,Active,rodriguezchristopher@example.net
CUST_06562,Patrick Smith,2023-09-16,SMB,East,Pro,Active,mcarter@example.com
CUST_06563,Ryan Gonzalez,2021-09-15,SMB,North,Pro,Active,patricia73@example.org
CUST_06564,Samuel Gutierrez,2022-05-23,Mid-Market,North,Pro,Active,watsonmatthew@example.net
CUST_06565,Dr. Heather White,2022-12-22,SMB,South,Basic,Churned,tammy24@example.net
CUST_06566,Kristina Harmon DDS,2021-04-13,SMB,East,Enterprise,Active,linkevin@example.net
CUST_06567,Dennis Hill PhD,2024-04-26,SMB,North,Pro,Active,marcus16@example.net
CUST_06568,Carla Campbell,2022-01-17,Mid-Market,International,Pro,Active,patricia74@example.org
CUST_06569,Mark Harris,2024-01-03,Mid-Market,North,Basic,Active,ashleysims@example.org
CUST_06570,Patty Jones,2023-12-03,SMB,North,Pro,Active,zolsen@example.com
CUST_06571,Alexander Dillon,2022-04-12,Mid-Market,West,Basic,Active,eric85@example.net
CUST_06572,Vanessa Schmidt,2021-08-06,SMB,South,Enterprise,Churned,greenwendy@example.net
CUST_06573,Kevin Johnson,2023-09-24,SMB,North,Basic,Active,markbuck@example.net
CUST_06574,Erika Palmer,2022-07-25,SMB,North,Basic,Active,chelseafuentes@example.net
CUST_06575,John Lewis,2023-12-11,Mid-Market,North,Enterprise,Active,fharris@example.org
CUST_06576,Walter Tyler,2021-08-21,SMB,East,Enterprise,Churned,sbradley@example.com
CUST_06577,Christine Brown,2022-05-18,Mid-Market,East,Enterprise,Active,abigail81@example.org
CUST_06578,Alex Watkins,2023-10-27,SMB,East,Basic,Active,glassalexis@example.org
CUST_06579,Kristen Sanchez,2021-03-18,Enterprise,West,Basic,Active,cjones@example.org
CUST_06580,Donald Weiss,2021-07-09,Mid-Market,North,Basic,Active,jessica12@example.net
CUST_06581,David Schaefer,2021-11-27,SMB,International,Basic,Active,baxterbrandi@example.net
CUST_06582,Fernando Henson,2022-08-05,Mid-Market,International,Enterprise,Active,xthomas@example.com
CUST_06583,Derrick Zuniga,2022-04-18,Mid-Market,International,Enterprise,Active,dbrown@example.net
CUST_06584,Carl Cook,2021-12-14,Mid-Market,West,Basic,Churned,daniel61@example.org
CUST_06585,Samuel Robertson,2021-06-20,Mid-Market,East,Basic,Active,ericchristensen@example.org
CUST_06586,Nicole Reilly,2023-02-24,Mid-Market,South,Basic,Active,sarahjenkins@example.org
CUST_06587,James French,2022-06-15,SMB,International,Enterprise,Active,zachary00@example.org
CUST_06588,Michael Robinson,2022-05-27,Enterprise,South,Pro,Active,martinezshawn@example.com
CUST_06589,Jacob Benitez,2024-03-29,SMB,North,Enterprise,Active,lbullock@example.org
CUST_06590,Maria Joyce,2021-06-02,Mid-Market,South,Basic,Active,paulparker@example.com
CUST_06591,Douglas Macdonald,2021-12-16,SMB,North,Basic,Churned,lauriejohnson@example.com
CUST_06592,Lance Brown,2023-02-24,SMB,South,Pro,Active,williamforbes@example.net
CUST_06593,Margaret Cooper,2021-06-25,SMB,South,Basic,Active,adrian42@example.net
CUST_06594,Jessica Hall,2022-03-24,SMB,North,Basic,Active,markgriffin@example.org
CUST_06595,Michael Henry,2021-10-15,Mid-Market,West,Basic,Active,hmitchell@example.org
CUST_06596,Jacqueline Miller,2022-11-05,SMB,International,Pro,Active,joyce98@example.net
CUST_06597,Sheri Brooks,2023-06-19,SMB,East,Enterprise,Active,christopher49@example.com
CUST_06598,Rachel Jackson,2021-12-16,Enterprise,East,Basic,Active,oscott@example.com
CUST_06599,Brendan Gonzalez,2024-04-28,SMB,West,Basic,Churned,donald87@example.net
CUST_06600,Lacey Brown,2021-07-30,Enterprise,North,Pro,Active,andrewmoore@example.org
CUST_06601,Judy Jackson,2023-10-29,Mid-Market,East,Pro,Churned,kimberly34@example.org
CUST_06602,Mario Randall,2023-11-18,Enterprise,North,Basic,Active,huertajohn@example.com
CUST_06603,Philip James,2022-01-24,SMB,East,Basic,Active,jeremy30@example.org
CUST_06604,Austin Smith,2021-01-12,Mid-Market,South,Basic,Active,wilsoncameron@example.com
CUST_06605,Eric Miller,2023-07-12,SMB,North,Enterprise,Active,stevenmendoza@example.net
CUST_06606,Alyssa Allison,2022-09-12,Enterprise,International,Basic,Active,elizabeth92@example.net
CUST_06607,John Wells,2023-12-03,Mid-Market,East,Enterprise,Active,ronaldyang@example.net
CUST_06608,Marcus Santos,2024-01-16,Mid-Market,North,Basic,Churned,wdominguez@example.com
CUST_06609,Jessica Chan,2023-03-01,Mid-Market,North,Enterprise,Active,brownmichael@example.com
CUST_06610,Rachel Montgomery,2023-05-03,SMB,International,Enterprise,Active,shayes@example.com
CUST_06611,Cheryl Cunningham,2022-10-04,Mid-Market,North,Pro,Active,doughertyscott@example.org
CUST_06612,Diane Edwards,2021-07-14,Enterprise,West,Basic,Active,cynthia20@example.org
CUST_06613,Stephen Kramer,2021-07-29,Enterprise,North,Basic,Active,aolsen@example.net
CUST_06614,Carl Lyons,2022-04-28,SMB,North,Pro,Churned,joerobbins@example.org
CUST_06615,Juan Morton,2021-09-14,SMB,International,Enterprise,Churned,jasonsullivan@example.org
CUST_06616,Jared Huffman,2021-12-23,SMB,South,Pro,Active,tparker@example.com
CUST_06617,Amanda Wilson,2021-11-20,SMB,North,Basic,Churned,priscilla11@example.com
CUST_06618,Steven Anderson MD,2022-06-03,Enterprise,West,Basic,Active,troymorris@example.com
CUST_06619,Kelli Smith,2023-07-07,SMB,North,Pro,Active,nturner@example.com
CUST_06620,Misty Turner,2022-02-10,Enterprise,East,Enterprise,Active,jennifer93@example.com
CUST_06621,Douglas Holland,2024-01-02,SMB,East,Pro,Active,breed@example.net
CUST_06622,Heather Benson,2023-08-21,SMB,West,Enterprise,Active,jonestheresa@example.com
CUST_06623,Lynn Ramirez,2023-10-20,SMB,International,Pro,Active,mooretony@example.com
CUST_06624,Lindsey Jackson,2022-01-01,Enterprise,West,Basic,Active,sharon79@example.org
CUST_06625,Jeffrey Williams,2022-03-24,SMB,North,Basic,Active,amber67@example.org
CUST_06626,Joseph Russell,2024-05-10,SMB,North,Basic,Active,jodilove@example.net
CUST_06627,Rodney Ford,2023-08-05,SMB,South,Enterprise,Active,hkim@example.net
CUST_06628,Michael Ford,2022-08-16,Enterprise,South,Basic,Active,heatherallen@example.net
CUST_06629,Margaret Gallegos,2024-04-28,Mid-Market,International,Enterprise,Active,stewarttyler@example.com
CUST_06630,Daniel Rogers,2022-04-25,SMB,West,Pro,Active,matthew79@example.com
CUST_06631,Amanda Stevens,2021-07-31,Mid-Market,East,Basic,Active,alvarezscott@example.org
CUST_06632,Lynn Brooks,2023-02-20,Mid-Market,East,Enterprise,Active,anthonysmith@example.com
CUST_06633,Ricardo Baker,2023-07-30,SMB,West,Pro,Active,thomasnixon@example.net
CUST_06634,Mark Andrews,2021-03-23,Mid-Market,International,Basic,Active,patrick24@example.org
CUST_06635,Glenn Brewer,2023-07-25,SMB,International,Basic,Active,markmassey@example.com
CUST_06636,Mark Kelly,2024-03-31,Mid-Market,East,Pro,Active,eric64@example.org
CUST_06637,Nicole Robinson,2024-04-29,SMB,West,Pro,Churned,eric22@example.org
CUST_06638,Anthony Jones,2023-08-16,Enterprise,North,Basic,Active,kcarter@example.com
CUST_06639,Christopher Peterson,2021-01-07,Mid-Market,International,Enterprise,Active,finleynancy@example.org
CUST_06640,Kayla Barnes,2022-09-02,Mid-Market,East,Pro,Active,ohayes@example.com
CUST_06641,Andrew Berry,2023-03-30,SMB,West,Pro,Churned,terrinavarro@example.com
CUST_06642,Ryan Howell,2023-04-30,Mid-Market,South,Basic,Churned,brianoconnor@example.com
CUST_06643,Amanda English,2022-10-29,Enterprise,North,Pro,Active,hlozano@example.net
CUST_06644,Veronica Herman,2024-02-06,Mid-Market,West,Pro,Active,joseph52@example.org
CUST_06645,Kevin Baker,2023-01-30,Mid-Market,North,Pro,Active,whiteheadanthony@example.org
CUST_06646,Megan Johnson,2022-01-22,Mid-Market,West,Basic,Active,vvasquez@example.org
CUST_06647,Travis Jenkins,2021-07-17,SMB,South,Pro,Active,sonyadavis@example.com
CUST_06648,Victor Owens,2021-07-23,Mid-Market,North,Pro,Churned,guzmanthomas@example.org
CUST_06649,Jennifer Rogers,2022-04-17,Mid-Market,North,Basic,Active,fgomez@example.com
CUST_06650,Christy Roach,2022-12-30,SMB,South,Pro,Active,antonioserrano@example.com
CUST_06651,Richard Williams,2022-05-31,Enterprise,West,Enterprise,Churned,kellis@example.org
CUST_06652,Dawn Velazquez,2021-10-16,Mid-Market,International,Enterprise,Active,rita93@example.net
CUST_06653,Timothy Martin,2023-10-26,Enterprise,East,Enterprise,Active,fjohnson@example.com
CUST_06654,Miss Kaitlin Delacruz,2022-02-11,SMB,North,Enterprise,Active,gmoses@example.net
CUST_06655,Brian Drake,2024-01-22,SMB,East,Basic,Churned,delgadogeorge@example.net
CUST_06656,Daniel Walker,2023-12-14,SMB,International,Pro,Active,earlowens@example.com
CUST_06657,Dustin Warren,2022-09-22,SMB,North,Pro,Active,sandersjohn@example.org
CUST_06658,Joshua Lynch,2021-10-12,SMB,South,Enterprise,Active,robert41@example.net
CUST_06659,Brian Ramsey,2022-10-12,Enterprise,South,Enterprise,Active,mark42@example.com
CUST_06660,Christina Chapman,2022-03-22,Mid-Market,East,Enterprise,Churned,hbrown@example.com
CUST_06661,Angela Cruz,2021-08-04,Mid-Market,North,Enterprise,Active,collinselizabeth@example.org
CUST_06662,Vincent Mathews,2022-05-09,SMB,North,Pro,Churned,joseph19@example.net
CUST_06663,Robert Gonzalez,2024-04-05,Mid-Market,West,Enterprise,Active,kcamacho@example.net
CUST_06664,Judy Koch,2023-12-27,SMB,North,Basic,Churned,alex56@example.org
CUST_06665,Jerry Lopez,2024-01-26,SMB,South,Basic,Active,randy45@example.com
CUST_06666,Joshua Merritt,2021-09-22,SMB,International,Pro,Churned,monica19@example.net
CUST_06667,Jared Mullins,2024-01-20,Mid-Market,South,Basic,Churned,gregorylopez@example.com
CUST_06668,Mr. Brian Olsen,2021-05-09,Enterprise,International,Pro,Active,daniel59@example.net
CUST_06669,Jesse Hogan,2022-01-28,SMB,East,Pro,Churned,sullivankelly@example.org
CUST_06670,Bianca Charles,2021-01-23,Enterprise,East,Pro,Active,sandrawright@example.com
CUST_06671,Jeremy Gibbs,2022-09-30,Enterprise,North,Basic,Active,ylevy@example.org
CUST_06672,James Washington Jr.,2021-09-23,Mid-Market,South,Pro,Churned,michelle58@example.net
CUST_06673,Sherri Graham,2021-02-12,Mid-Market,North,Basic,Active,porteranita@example.org
CUST_06674,Diane Palmer PhD,2021-08-15,Mid-Market,East,Basic,Active,thomasrobinson@example.net
CUST_06675,Roy Johnston,2023-07-22,Mid-Market,International,Basic,Active,zperry@example.com
CUST_06676,Allison Blackburn,2021-10-28,Enterprise,West,Pro,Active,achapman@example.com
CUST_06677,Alexander Lopez,2023-05-17,Enterprise,International,Basic,Active,todddiaz@example.net
CUST_06678,Jason Olsen,2023-09-29,SMB,West,Pro,Active,thomas09@example.org
CUST_06679,Cynthia Walker,2024-05-13,SMB,West,Pro,Active,bakerevelyn@example.org
CUST_06680,Donna Holloway,2024-02-09,SMB,East,Pro,Active,ocarey@example.net
CUST_06681,Charles Russell,2023-06-16,SMB,East,Pro,Active,morgan54@example.org
CUST_06682,Mr. Shawn Bishop DDS,2021-06-06,SMB,East,Basic,Churned,shelbysimon@example.net
CUST_06683,Paul Johnson,2024-03-21,Mid-Market,East,Pro,Active,gthompson@example.org
CUST_06684,Lisa Reed,2022-07-23,SMB,North,Pro,Active,mccoyelizabeth@example.org
CUST_06685,Allison Lloyd,2022-06-02,Mid-Market,North,Basic,Active,greeneanna@example.org
CUST_06686,Mario Hall,2021-06-23,SMB,East,Pro,Active,samuelcarney@example.com
CUST_06687,Cameron Webb,2021-08-21,SMB,North,Enterprise,Active,derek73@example.org
CUST_06688,Michelle Washington,2024-03-31,SMB,International,Basic,Active,paulagarcia@example.com
CUST_06689,Cynthia Flores PhD,2021-08-08,SMB,North,Pro,Active,lmontgomery@example.org
CUST_06690,Charlene Randolph,2022-01-30,SMB,South,Basic,Active,gking@example.org
CUST_06691,Jennifer Briggs,2022-05-04,Enterprise,East,Enterprise,Active,hendersonamy@example.org
CUST_06692,Elizabeth Watkins,2022-09-19,SMB,International,Basic,Active,natasha33@example.net
CUST_06693,Robert Smith,2024-02-29,SMB,South,Pro,Active,maria52@example.net
CUST_06694,Jennifer Torres,2023-05-12,Enterprise,East,Pro,Active,rjones@example.org
CUST_06695,Christy Mosley,2021-06-02,Enterprise,West,Enterprise,Active,chavezjames@example.net
CUST_06696,Michael Medina,2021-04-23,Mid-Market,South,Pro,Active,xrivera@example.org
CUST_06697,Teresa Reynolds,2022-11-21,Mid-Market,South,Pro,Active,wendy16@example.com
CUST_06698,Sheila Banks,2021-03-15,SMB,International,Basic,Active,michael99@example.org
CUST_06699,Linda Bolton,2023-04-27,SMB,East,Pro,Active,zrichards@example.org
CUST_06700,Brenda Gray,2024-04-18,SMB,East,Pro,Active,ashley95@example.net
CUST_06701,Dylan Cole,2021-08-05,Mid-Market,West,Pro,Active,rojasjames@example.net
CUST_06702,Christopher Lawson,2021-01-19,Enterprise,West,Basic,Active,mmoore@example.org
CUST_06703,John Nelson DVM,2021-05-20,Enterprise,South,Enterprise,Active,herbertgarcia@example.org
CUST_06704,Bonnie Brewer,2023-06-28,SMB,North,Basic,Active,glee@example.org
CUST_06705,Shelly Fleming,2022-07-27,SMB,International,Pro,Churned,rangeljonathan@example.org
CUST_06706,Gabriel Johnson,2024-02-05,SMB,International,Enterprise,Active,brittanydiaz@example.org
CUST_06707,Erin Hunter,2022-07-14,SMB,South,Pro,Churned,joewells@example.org
CUST_06708,Daniel Blanchard,2023-10-17,Mid-Market,South,Enterprise,Churned,sanfordlouis@example.com
CUST_06709,Victoria Fletcher,2021-08-24,Mid-Market,East,Pro,Active,camerongonzales@example.org
CUST_06710,Tracey Burch,2021-01-29,SMB,East,Pro,Churned,zhall@example.org
CUST_06711,Debbie Fuller,2022-08-08,Mid-Market,North,Pro,Active,monica33@example.net
CUST_06712,Theresa Jackson,2021-10-03,Mid-Market,East,Enterprise,Active,daniel68@example.net
CUST_06713,Melissa Thomas,2023-09-16,Mid-Market,East,Pro,Active,ileblanc@example.net
CUST_06714,Leslie Swanson,2022-03-14,Mid-Market,West,Enterprise,Active,kendra02@example.net
CUST_06715,Hannah Wilson,2021-07-27,Enterprise,North,Enterprise,Active,rberry@example.org
CUST_06716,Mary Palmer,2024-04-23,Mid-Market,West,Pro,Active,simmonsgregory@example.com
CUST_06717,Christie Mora,2023-08-15,Mid-Market,North,Enterprise,Churned,john65@example.org
CUST_06718,Thomas Burch,2022-01-28,SMB,International,Basic,Churned,buchananrobert@example.net
CUST_06719,James Jordan,2021-10-06,SMB,South,Enterprise,Churned,umckenzie@example.com
CUST_06720,Jesse Smith,2023-02-01,SMB,West,Enterprise,Churned,patrickmiller@example.com
CUST_06721,Karen Butler,2021-06-15,SMB,South,Basic,Active,sylvia12@example.org
CUST_06722,Joseph Cannon,2023-08-01,SMB,South,Basic,Churned,melissa69@example.com
CUST_06723,Kirk Griffin,2023-08-19,SMB,International,Basic,Churned,melissanelson@example.net
CUST_06724,Louis Brown,2022-11-09,SMB,West,Enterprise,Churned,newmanpamela@example.net
CUST_06725,Mackenzie Edwards,2021-11-14,Enterprise,East,Basic,Active,fvaughn@example.com
CUST_06726,Richard Wilson,2021-05-17,Enterprise,North,Basic,Active,daniellecooper@example.org
CUST_06727,George Lloyd,2021-02-26,SMB,East,Enterprise,Active,peter16@example.org
CUST_06728,David Singleton,2024-04-09,SMB,South,Basic,Churned,brandon97@example.org
CUST_06729,Karen Campbell,2021-06-04,SMB,North,Basic,Active,lbarnes@example.net
CUST_06730,Edward Scott,2023-06-16,Mid-Market,International,Basic,Active,sarah09@example.com
CUST_06731,Jason Simon,2022-02-14,SMB,South,Pro,Active,williamlucas@example.org
CUST_06732,Kelly Lee,2021-09-11,SMB,South,Basic,Active,edgarharvey@example.com
CUST_06733,Mr. Rodney Parker,2024-03-15,Enterprise,West,Pro,Active,amanda59@example.net
CUST_06734,Lawrence Macias,2021-06-24,Mid-Market,South,Pro,Active,gortiz@example.com
CUST_06735,Jenna Owen,2022-10-11,SMB,North,Basic,Active,donaldmarquez@example.net
CUST_06736,Cristina Schwartz MD,2023-01-26,Mid-Market,West,Pro,Churned,fthompson@example.org
CUST_06737,Robert Hanna,2022-09-29,Enterprise,East,Enterprise,Active,nwatson@example.net
CUST_06738,Peter Reed,2024-02-11,Mid-Market,North,Basic,Active,catherineschaefer@example.org
CUST_06739,Keith Gilbert,2022-02-27,Mid-Market,North,Basic,Active,catherinemedina@example.org
CUST_06740,Amy Berry,2021-12-18,SMB,International,Pro,Active,hpadilla@example.com
CUST_06741,Mark Martinez,2022-10-10,Enterprise,West,Basic,Churned,jaclynmack@example.com
CUST_06742,Angela Prince,2023-07-13,SMB,North,Pro,Active,bakerrenee@example.com
CUST_06743,Nathan Irwin,2021-09-27,Mid-Market,West,Enterprise,Active,rileysteven@example.com
CUST_06744,Theodore Pierce,2023-09-16,Mid-Market,East,Pro,Active,troy04@example.org
CUST_06745,Jacqueline Garner,2024-04-17,SMB,South,Basic,Churned,dfields@example.org
CUST_06746,David Murray,2023-06-10,Mid-Market,North,Basic,Churned,zpeck@example.org
CUST_06747,Jesse Oconnell,2023-03-11,SMB,International,Enterprise,Churned,mhudson@example.com
CUST_06748,Michael Smith,2023-01-16,Mid-Market,West,Enterprise,Active,fosterdiana@example.org
CUST_06749,Diane Freeman,2024-02-26,SMB,East,Pro,Active,juanballard@example.org
CUST_06750,Andrew Wilson,2021-02-12,SMB,West,Basic,Active,porterwilliam@example.net
CUST_06751,Anthony Thomas,2021-02-19,Enterprise,West,Basic,Active,christopher39@example.org
CUST_06752,Kevin Kelly,2022-02-10,SMB,International,Basic,Active,loganclayton@example.com
CUST_06753,Michael Singleton,2022-04-01,Enterprise,North,Enterprise,Active,christinabrown@example.com
CUST_06754,Mrs. Cynthia Gordon DDS,2024-02-29,SMB,North,Basic,Churned,kingsusan@example.com
CUST_06755,Michael Carter,2021-08-02,SMB,International,Basic,Active,shebert@example.com
CUST_06756,James Gonzalez,2021-04-27,Mid-Market,South,Basic,Active,kimberlyrosales@example.net
CUST_06757,Elizabeth Cross,2024-04-12,Mid-Market,North,Pro,Active,kcooper@example.org
CUST_06758,Earl Gonzalez,2022-06-14,SMB,International,Pro,Active,hansenkenneth@example.org
CUST_06759,Jay Williams,2021-11-15,SMB,East,Pro,Active,doris49@example.org
CUST_06760,Mark Knight,2024-04-26,Mid-Market,International,Basic,Active,sara17@example.net
CUST_06761,Dr. William Harris,2022-09-20,SMB,South,Pro,Active,savannaherickson@example.org
CUST_06762,Michele Rangel,2023-07-24,SMB,East,Basic,Active,urodriguez@example.org
CUST_06763,Ariel Jefferson,2021-08-12,SMB,West,Basic,Active,christopherreyes@example.org
CUST_06764,Mary Carroll,2021-10-22,SMB,International,Pro,Active,carlmcfarland@example.com
CUST_06765,Mary Wilson MD,2022-07-28,Enterprise,International,Basic,Active,stephensstacy@example.org
CUST_06766,Sergio Hull,2021-09-22,Mid-Market,North,Pro,Active,paigeosborn@example.net
CUST_06767,Aaron Lowe,2021-03-04,Enterprise,West,Pro,Active,shannon53@example.com
CUST_06768,Devin Brown,2023-03-09,Mid-Market,West,Basic,Active,obrienerin@example.com
CUST_06769,Richard Benson,2022-04-19,Mid-Market,East,Basic,Active,kwright@example.net
CUST_06770,Eric Smith,2021-10-06,SMB,South,Enterprise,Active,jessepark@example.net
CUST_06771,Darin Wells,2021-03-19,SMB,East,Pro,Active,cindy45@example.org
CUST_06772,Lindsay Johnson,2023-01-01,SMB,South,Pro,Churned,christydiaz@example.com
CUST_06773,Steven Gilbert,2021-10-04,SMB,West,Pro,Active,joe10@example.com
CUST_06774,Karen Robinson,2022-07-13,SMB,East,Pro,Churned,seancordova@example.com
CUST_06775,Tiffany Phillips,2022-04-15,SMB,South,Basic,Active,trevinoheather@example.net
CUST_06776,Joseph Andrews,2021-09-30,SMB,West,Pro,Active,joegrant@example.net
CUST_06777,Gary White,2024-03-30,SMB,South,Basic,Churned,smithsandra@example.net
CUST_06778,Stephanie Middleton,2021-10-10,SMB,North,Basic,Active,erika44@example.net
CUST_06779,Katherine Thomas,2022-02-01,SMB,North,Enterprise,Active,xnelson@example.org
CUST_06780,Samantha Dunn,2023-03-01,SMB,West,Enterprise,Active,msmith@example.net
CUST_06781,Brian Pearson,2022-12-05,SMB,International,Enterprise,Churned,nmurphy@example.org
CUST_06782,Richard Goodman,2022-05-25,SMB,South,Basic,Churned,audreyjohnson@example.org
CUST_06783,Michael Rodriguez,2024-02-20,Enterprise,East,Basic,Active,halltommy@example.net
CUST_06784,Amy Hernandez,2024-03-09,SMB,West,Basic,Active,vjackson@example.com
CUST_06785,Howard Costa,2023-08-15,Enterprise,West,Pro,Active,ryanford@example.net
CUST_06786,Phillip Simmons,2023-09-03,SMB,International,Basic,Active,jaredjohnson@example.org
CUST_06787,Brian Hughes,2022-09-30,SMB,North,Basic,Active,nhouston@example.net
CUST_06788,Terrance Burns,2023-07-19,Enterprise,North,Enterprise,Active,nmartin@example.org
CUST_06789,Kenneth Love,2021-02-24,SMB,West,Pro,Active,daniellearroyo@example.com
CUST_06790,Jennifer Brown,2021-05-01,Mid-Market,North,Pro,Active,carlaswanson@example.net
CUST_06791,Steven Knight,2021-06-24,Mid-Market,East,Pro,Active,charles47@example.com
CUST_06792,Paige Patterson,2022-07-26,SMB,East,Basic,Active,karinahodges@example.net
CUST_06793,Casey Ali,2024-03-13,Mid-Market,West,Enterprise,Active,kayla58@example.com
CUST_06794,Whitney Kim,2022-11-03,Enterprise,North,Basic,Active,rachel57@example.com
CUST_06795,Erica Castro,2023-08-10,SMB,East,Enterprise,Active,shelley06@example.com
CUST_06796,Patricia Gutierrez,2021-03-02,Enterprise,West,Basic,Active,michelle11@example.com
CUST_06797,Abigail Jensen,2024-01-08,Mid-Market,East,Enterprise,Churned,robert70@example.com
CUST_06798,Jessica Gray,2021-05-18,Mid-Market,East,Basic,Active,cwilliamson@example.net
CUST_06799,Rachel Evans,2021-09-07,Enterprise,West,Enterprise,Active,arussell@example.net
CUST_06800,Jean Hunter,2024-01-24,SMB,East,Basic,Active,williamjohnson@example.com
CUST_06801,Charles Marshall,2022-10-27,SMB,West,Pro,Active,trevinocrystal@example.org
CUST_06802,Lucas White,2022-11-25,SMB,North,Enterprise,Active,danielcannon@example.org
CUST_06803,Carrie Montoya,2023-06-16,Enterprise,South,Basic,Active,joseph62@example.com
CUST_06804,Fred Ball,2023-03-17,Mid-Market,South,Pro,Churned,william49@example.com
CUST_06805,Emily Davis,2024-01-12,Mid-Market,South,Pro,Active,joshua89@example.org
CUST_06806,Kimberly Walker,2022-04-08,Mid-Market,North,Pro,Active,martinshields@example.com
CUST_06807,Lori Morrison,2022-06-15,Mid-Market,International,Pro,Active,hamiltonmichael@example.com
CUST_06808,Maria Greene,2022-02-01,Enterprise,South,Pro,Active,douglas87@example.net
CUST_06809,Angela Esparza,2022-08-10,SMB,East,Basic,Churned,joneschristopher@example.net
CUST_06810,Kenneth Wright,2023-02-13,SMB,West,Enterprise,Active,martinezjustin@example.net
CUST_06811,Daniel Jefferson,2024-02-21,SMB,International,Pro,Active,noblebrian@example.net
CUST_06812,Michael Potter,2023-01-08,SMB,West,Pro,Active,greid@example.net
CUST_06813,Stephanie Hayden,2021-06-26,Mid-Market,International,Pro,Churned,johnsonjanet@example.net
CUST_06814,Ricardo Clark DVM,2021-11-06,SMB,East,Enterprise,Active,michael42@example.org
CUST_06815,Elijah Smith,2022-04-29,Mid-Market,South,Basic,Active,lisa82@example.net
CUST_06816,Tiffany Flores,2023-07-20,SMB,South,Pro,Active,whitakeramy@example.org
CUST_06817,Andrew Brooks,2021-08-13,Enterprise,East,Basic,Active,cookolivia@example.net
CUST_06818,Daniel Wood,2021-10-29,Mid-Market,East,Pro,Active,amalone@example.com
CUST_06819,Lauren Gray,2024-01-25,Mid-Market,International,Basic,Churned,benitezerin@example.org
CUST_06820,Jessica Hill,2024-04-21,Mid-Market,East,Basic,Active,kathleenvelasquez@example.org
CUST_06821,Deborah Atkins,2023-02-04,Mid-Market,West,Enterprise,Active,noahburke@example.com
CUST_06822,Holly Montes,2024-04-22,SMB,International,Enterprise,Churned,dford@example.net
CUST_06823,Manuel Anderson,2022-03-28,Enterprise,West,Enterprise,Active,robertroberson@example.org
CUST_06824,Jasmine Chambers,2022-12-03,SMB,International,Basic,Active,carly60@example.net
CUST_06825,Kathleen Martinez,2022-01-14,Enterprise,International,Basic,Active,jacksonjeremiah@example.org
CUST_06826,Alyssa Hanson,2022-12-01,Mid-Market,North,Basic,Active,michael96@example.net
CUST_06827,Trevor Harrison,2021-08-24,SMB,West,Pro,Active,carolyn38@example.com
CUST_06828,Mary Gonzalez,2023-03-07,Enterprise,South,Basic,Active,ghoward@example.net
CUST_06829,Leslie Miller,2021-01-02,Enterprise,West,Pro,Active,hzamora@example.com
CUST_06830,Ashley Black,2023-04-15,Mid-Market,East,Pro,Active,wilsonjerry@example.com
CUST_06831,Sherry Mayer,2022-07-05,Enterprise,North,Enterprise,Churned,jamesadams@example.org
CUST_06832,Mark Ramos,2022-11-24,SMB,East,Basic,Active,wjohns@example.org
CUST_06833,Jonathan Ingram,2024-01-03,Enterprise,South,Pro,Active,vallen@example.net
CUST_06834,Dr. Matthew Skinner,2023-06-23,SMB,International,Pro,Active,leestacey@example.org
CUST_06835,Sandra Hurley,2021-04-01,Enterprise,North,Pro,Churned,natashatorres@example.net
CUST_06836,Robert Allen,2022-05-06,Mid-Market,West,Basic,Active,daniel78@example.net
CUST_06837,Spencer Willis,2024-04-25,Mid-Market,West,Enterprise,Churned,wrodriguez@example.org
CUST_06838,Valerie Barnett,2022-08-05,SMB,South,Pro,Churned,victoria90@example.org
CUST_06839,Sharon Lopez,2023-02-21,SMB,West,Basic,Churned,frank41@example.com
CUST_06840,Caleb Owen,2021-06-12,SMB,North,Pro,Active,melissaglover@example.org
CUST_06841,Michael Clark Jr.,2021-01-13,SMB,West,Pro,Active,francojoanne@example.com
CUST_06842,Evelyn Roman,2023-05-29,Mid-Market,East,Basic,Churned,jimenezjeffrey@example.com
CUST_06843,Crystal Mason,2022-09-22,Enterprise,West,Enterprise,Churned,brandonfuller@example.com
CUST_06844,Lisa Pennington,2021-05-11,Mid-Market,International,Pro,Active,jjensen@example.com
CUST_06845,Mrs. Angela Cruz MD,2021-12-21,SMB,East,Pro,Active,butlerbradley@example.org
CUST_06846,Samantha Adams,2021-11-26,SMB,North,Pro,Churned,qfranco@example.com
CUST_06847,Nathan Fields,2023-12-10,SMB,East,Pro,Active,paulclayton@example.org
CUST_06848,Michael Oneal,2021-02-18,SMB,South,Basic,Churned,bradley11@example.org
CUST_06849,Thomas Bennett,2021-10-11,SMB,International,Basic,Active,anthony29@example.org
CUST_06850,Kelsey Hicks,2022-06-14,Enterprise,International,Pro,Active,michael94@example.net
CUST_06851,Brenda Phillips,2021-05-26,Mid-Market,West,Pro,Active,donnagallagher@example.com
CUST_06852,Richard Parker Jr.,2023-08-10,SMB,West,Basic,Active,westmichael@example.org
CUST_06853,Laurie Pugh,2024-01-28,Mid-Market,South,Basic,Active,snguyen@example.com
CUST_06854,Jason Owen,2022-09-28,Mid-Market,North,Basic,Active,ecollins@example.com
CUST_06855,Caitlin Taylor,2023-07-11,SMB,West,Pro,Active,uevans@example.org
CUST_06856,Lisa Jacobson,2023-06-06,Mid-Market,East,Basic,Active,john17@example.net
CUST_06857,Billy Crosby,2024-02-26,SMB,South,Pro,Active,walkersamuel@example.net
CUST_06858,Kathryn Green,2021-10-14,Enterprise,International,Pro,Active,christinafreeman@example.com
CUST_06859,Brandi Waters,2021-05-25,Mid-Market,International,Enterprise,Active,xrojas@example.com
CUST_06860,Carla Wilson,2023-10-11,Enterprise,East,Pro,Active,tara03@example.net
CUST_06861,Denise Garcia,2023-08-17,SMB,International,Pro,Active,thomas23@example.com
CUST_06862,Amanda Evans,2021-06-07,SMB,North,Basic,Active,greenemichael@example.com
CUST_06863,Michael Chase,2024-05-28,SMB,South,Pro,Churned,evanlarson@example.net
CUST_06864,Lori Orr,2023-12-14,SMB,West,Pro,Active,xclark@example.org
CUST_06865,Aaron Peterson,2023-09-08,SMB,South,Basic,Churned,tammystevens@example.com
CUST_06866,Kimberly Floyd,2021-03-18,Mid-Market,North,Enterprise,Active,tararaymond@example.org
CUST_06867,Kelsey Campbell,2022-02-02,SMB,North,Basic,Churned,natasha08@example.net
CUST_06868,Jordan Mccarthy,2022-05-05,SMB,West,Enterprise,Churned,roserhonda@example.net
CUST_06869,Catherine Wilson,2023-11-08,Enterprise,International,Basic,Active,justindeleon@example.org
CUST_06870,Colton Barrett,2022-10-25,Enterprise,East,Basic,Active,matthew43@example.org
CUST_06871,Michael Joseph,2022-12-30,SMB,West,Basic,Churned,aanderson@example.com
CUST_06872,Timothy Cunningham,2023-04-24,Mid-Market,South,Basic,Active,jacobhernandez@example.org
CUST_06873,Tricia Huff,2023-12-08,SMB,West,Basic,Churned,glennchloe@example.org
CUST_06874,Tracy Stevens,2024-01-24,Enterprise,East,Pro,Active,bennettjeffrey@example.com
CUST_06875,April Black,2022-05-10,SMB,North,Pro,Active,khubbard@example.com
CUST_06876,Jonathan Combs,2023-06-04,SMB,International,Enterprise,Active,livingstondavid@example.org
CUST_06877,Taylor Diaz,2024-01-17,Mid-Market,West,Enterprise,Active,emichael@example.org
CUST_06878,Samuel Carroll,2023-06-15,SMB,West,Pro,Active,thomasmartin@example.com
CUST_06879,Marcus Thompson,2022-11-01,Enterprise,International,Pro,Active,alexanderashley@example.net
CUST_06880,Heather Cabrera,2024-04-09,Mid-Market,North,Basic,Active,christophervilla@example.net
CUST_06881,Jonathon Kelly,2022-06-25,SMB,South,Enterprise,Active,dsullivan@example.org
CUST_06882,Amber Watson,2021-12-11,SMB,East,Basic,Active,teresa27@example.com
CUST_06883,Bruce Grimes,2022-08-05,Mid-Market,International,Enterprise,Churned,connortaylor@example.com
CUST_06884,Alexander Johnson,2024-04-23,SMB,North,Basic,Active,pauljenkins@example.net
CUST_06885,Scott Allen,2021-04-10,Mid-Market,West,Pro,Churned,pchaney@example.net
CUST_06886,Robert Mata,2023-10-10,SMB,International,Basic,Active,mcgeeamy@example.com
CUST_06887,Sharon Perez,2022-10-03,SMB,West,Basic,Active,frostdaniel@example.net
CUST_06888,Kimberly Lee,2022-01-20,SMB,West,Enterprise,Active,toniwells@example.org
CUST_06889,Brian Taylor,2021-09-12,SMB,International,Basic,Active,manningjamie@example.net
CUST_06890,Christian Hernandez,2022-07-16,SMB,East,Pro,Active,cjohnson@example.com
CUST_06891,Megan Hawkins,2022-07-09,SMB,West,Basic,Active,ericamoore@example.org
CUST_06892,Erika Sweeney,2023-05-21,Mid-Market,South,Basic,Active,wrogers@example.net
CUST_06893,Kathleen Walker,2022-12-24,SMB,North,Basic,Churned,reynoldschristopher@example.com
CUST_06894,Kurt Kirby,2021-09-20,Mid-Market,North,Basic,Active,paulperez@example.net
CUST_06895,Stacy Moore,2022-04-27,SMB,South,Basic,Churned,scottmcneil@example.com
CUST_06896,Jesse Cruz,2023-12-16,SMB,International,Basic,Active,garybuck@example.com
CUST_06897,Johnny Schneider,2021-10-17,Enterprise,North,Basic,Active,ramirezmichael@example.com
CUST_06898,Nicole Phillips,2021-04-11,SMB,International,Basic,Active,heatherward@example.com
CUST_06899,William Diaz,2022-03-11,Mid-Market,West,Enterprise,Active,ypatel@example.com
CUST_06900,Bradley Wilkinson,2024-04-11,Mid-Market,North,Basic,Active,pwilliams@example.org
CUST_06901,Paul Hunt,2021-10-14,SMB,East,Pro,Churned,ogaines@example.org
CUST_06902,Anthony Bailey,2021-02-19,Enterprise,North,Enterprise,Active,jimmy99@example.com
CUST_06903,Brandon Barton,2021-12-23,Enterprise,West,Pro,Active,joshua24@example.org
CUST_06904,Alexander Figueroa,2021-09-22,Mid-Market,International,Pro,Active,marymarshall@example.org
CUST_06905,Jennifer Kelley,2023-06-13,SMB,North,Pro,Active,matthewhiggins@example.com
CUST_06906,Victoria Newman,2023-06-28,Mid-Market,South,Basic,Active,ronaldflores@example.net
CUST_06907,Jacqueline Austin,2021-08-07,SMB,South,Basic,Churned,wgreen@example.net
CUST_06908,Christopher Carpenter,2023-05-27,SMB,South,Basic,Churned,simonmelanie@example.org
CUST_06909,Christopher Woods,2024-03-27,SMB,North,Basic,Active,lrobertson@example.com
CUST_06910,Kelsey Brown,2021-04-15,Enterprise,East,Basic,Active,pmills@example.com
CUST_06911,Karen White,2021-07-21,SMB,International,Basic,Churned,jesse81@example.com
CUST_06912,Kimberly Powell,2024-03-12,Mid-Market,East,Enterprise,Churned,xboyd@example.net
CUST_06913,Brian Mathis,2022-11-08,Mid-Market,West,Pro,Active,eringates@example.com
CUST_06914,Benjamin Klein,2022-03-17,SMB,East,Enterprise,Active,stevenjackson@example.com
CUST_06915,Alicia Smith,2024-05-21,SMB,North,Basic,Active,jessicadean@example.com
CUST_06916,Margaret Lee,2021-08-13,Mid-Market,West,Enterprise,Churned,solisanita@example.com
CUST_06917,Anthony Harris,2023-01-13,Mid-Market,East,Pro,Active,bobhiggins@example.com
CUST_06918,Michael Smith,2022-01-06,SMB,South,Basic,Churned,larry64@example.org
CUST_06919,Karen Mckinney,2021-12-30,SMB,West,Pro,Churned,chad03@example.com
CUST_06920,Joseph Smith MD,2022-10-29,SMB,West,Basic,Active,ericblair@example.net
CUST_06921,Leslie Williams,2022-01-24,Enterprise,West,Pro,Active,bryantmarissa@example.org
CUST_06922,Tiffany Washington,2022-03-07,SMB,South,Basic,Active,qgarcia@example.com
CUST_06923,Leslie Arnold,2024-04-19,SMB,West,Pro,Churned,omarsh@example.com
CUST_06924,Mark Villegas,2021-01-16,Enterprise,International,Pro,Active,sethlynch@example.com
CUST_06925,Timothy Miller,2023-06-24,SMB,International,Basic,Active,montesdana@example.net
CUST_06926,Julie Williams,2021-04-07,SMB,East,Basic,Active,gbrown@example.org
CUST_06927,Mark Norris,2024-01-22,SMB,South,Enterprise,Active,ejames@example.net
CUST_06928,Brandon Rose,2022-01-21,SMB,International,Basic,Active,kristin70@example.org
CUST_06929,Dr. Brett Calhoun DDS,2021-03-30,Mid-Market,North,Basic,Active,jennyjackson@example.com
CUST_06930,Colleen Irwin,2022-12-02,SMB,International,Basic,Active,floresmegan@example.org
CUST_06931,Vincent Jones,2023-07-03,SMB,East,Pro,Active,grossashley@example.com
CUST_06932,Ashley Patton,2023-09-09,Mid-Market,South,Basic,Churned,hgraham@example.com
CUST_06933,Amanda Pollard,2022-05-10,SMB,West,Enterprise,Churned,christina11@example.com
CUST_06934,Christopher Hernandez,2022-08-11,SMB,North,Pro,Active,michaelbradley@example.com
CUST_06935,Susan Stark,2023-04-27,Mid-Market,West,Enterprise,Active,william61@example.com
CUST_06936,Brian Villanueva,2022-11-16,SMB,West,Enterprise,Churned,ysmith@example.org
CUST_06937,Dawn Turner,2022-10-03,Mid-Market,North,Basic,Active,cstewart@example.org
CUST_06938,Tammy Moore,2023-11-21,Mid-Market,North,Enterprise,Active,richardelizabeth@example.org
CUST_06939,Sandra Baker,2024-03-11,SMB,East,Enterprise,Active,riverasteven@example.com
CUST_06940,Tricia Smith,2024-04-02,Mid-Market,South,Enterprise,Active,kellyschmitt@example.net
CUST_06941,Jennifer Sanchez,2022-04-14,SMB,West,Basic,Active,harry17@example.net
CUST_06942,Jonathan Jimenez,2023-03-21,Mid-Market,North,Basic,Active,anthonysuzanne@example.org
CUST_06943,Alan Davis,2024-02-29,SMB,North,Pro,Churned,christinawalsh@example.org
CUST_06944,Richard Perry,2022-06-28,SMB,North,Basic,Active,ydecker@example.com
CUST_06945,Joseph Jackson,2022-02-10,SMB,South,Pro,Active,fspencer@example.org
CUST_06946,Amanda Flowers,2022-07-14,Enterprise,South,Pro,Churned,cheryl30@example.net
CUST_06947,Jasmine Myers,2022-01-14,Enterprise,North,Pro,Active,btodd@example.org
CUST_06948,Amanda Moore,2023-09-24,SMB,North,Pro,Churned,tdougherty@example.net
CUST_06949,Susan Walsh,2022-02-15,SMB,North,Basic,Active,laura71@example.com
CUST_06950,Zachary Murphy,2022-01-25,SMB,International,Basic,Active,vanessa58@example.com
CUST_06951,Susan Cooper,2022-09-18,Mid-Market,North,Pro,Active,hlove@example.org
CUST_06952,Stephanie Cole,2023-06-05,SMB,North,Pro,Active,james27@example.net
CUST_06953,Christy Kirby,2021-04-22,SMB,North,Enterprise,Active,jcarrillo@example.org
CUST_06954,Patricia Simmons,2022-08-26,SMB,West,Enterprise,Active,jonathan84@example.org
CUST_06955,Mr. Kirk Lloyd DVM,2023-06-17,Mid-Market,North,Pro,Active,matthew40@example.org
CUST_06956,Amanda Johnson,2023-02-12,Mid-Market,International,Basic,Active,atkinsonjesus@example.com
CUST_06957,Samuel Hanna,2021-01-10,SMB,International,Basic,Active,michael38@example.net
CUST_06958,William Taylor,2023-11-02,SMB,East,Basic,Churned,kevinhuber@example.net
CUST_06959,Gregory Butler,2023-12-21,SMB,West,Basic,Active,valerieschroeder@example.net
CUST_06960,Morgan Perry,2021-12-05,SMB,East,Basic,Active,kaylee54@example.net
CUST_06961,Brittany Smith,2021-10-27,SMB,East,Basic,Churned,maureenmendez@example.org
CUST_06962,David Reid,2021-11-22,SMB,South,Basic,Active,njones@example.org
CUST_06963,Megan Olson,2023-04-26,SMB,West,Basic,Active,garcialance@example.org
CUST_06964,Bob Goodman,2021-04-23,SMB,North,Pro,Active,fieldsmary@example.org
CUST_06965,David Nelson,2022-05-09,Mid-Market,West,Basic,Active,wilsonamy@example.net
CUST_06966,Gail Ray,2023-03-26,Mid-Market,South,Enterprise,Churned,bennettrachel@example.com
CUST_06967,Helen Wood,2023-03-03,Mid-Market,South,Enterprise,Churned,mwilkins@example.org
CUST_06968,Robert Brown,2021-12-12,Enterprise,East,Basic,Active,browndeanna@example.com
CUST_06969,Adrian Taylor,2023-12-05,SMB,West,Enterprise,Active,wperez@example.org
CUST_06970,Gabriella Knight,2022-05-29,SMB,North,Pro,Active,seangutierrez@example.org
CUST_06971,Sandra Fox,2023-01-08,SMB,West,Enterprise,Churned,kboyer@example.com
CUST_06972,Jennifer Perez,2021-06-27,SMB,South,Pro,Churned,millerjohn@example.net
CUST_06973,Gerald Villarreal,2024-01-12,Mid-Market,East,Basic,Active,rriddle@example.org
CUST_06974,William Lopez,2024-01-21,SMB,East,Enterprise,Churned,dennis30@example.com
CUST_06975,Rebecca Cross,2023-05-12,Mid-Market,South,Pro,Active,campbelljames@example.net
CUST_06976,Taylor Hunter,2022-02-21,SMB,West,Pro,Active,gutierrezkevin@example.net
CUST_06977,Joshua Larson,2024-02-03,SMB,North,Enterprise,Active,rebekah05@example.net
CUST_06978,John Sanchez,2021-02-26,Enterprise,North,Pro,Churned,tracy52@example.net
CUST_06979,Kari Colon,2021-03-05,Mid-Market,South,Pro,Churned,matthew97@example.net
CUST_06980,Leah White,2022-03-19,Mid-Market,South,Pro,Churned,matthew40@example.net
CUST_06981,Diana Martinez,2022-03-21,Mid-Market,South,Enterprise,Active,rodriguezdaisy@example.net
CUST_06982,Brian Gallegos,2021-06-12,Mid-Market,East,Basic,Churned,ugriffin@example.com
CUST_06983,Keith Huff,2023-05-24,Enterprise,East,Basic,Active,griffithscott@example.net
CUST_06984,Janice Anderson,2024-05-22,Enterprise,East,Basic,Churned,ywheeler@example.org
CUST_06985,George Allen,2023-07-24,SMB,West,Basic,Active,johnsonemily@example.org
CUST_06986,Nancy Dunlap,2021-01-29,Mid-Market,West,Enterprise,Churned,michelle25@example.com
CUST_06987,Jordan Short,2021-06-12,Enterprise,East,Basic,Active,danielmontoya@example.org
CUST_06988,Joseph Larsen,2022-03-12,Mid-Market,International,Basic,Active,martinezyvonne@example.net
CUST_06989,Amy Bell,2022-05-04,Mid-Market,South,Basic,Active,nyoung@example.com
CUST_06990,Jennifer Snow,2023-09-13,Mid-Market,International,Enterprise,Churned,davidmiller@example.com
CUST_06991,Emily Tran,2022-09-16,SMB,West,Basic,Active,ejones@example.org
CUST_06992,Michael Franklin,2024-02-06,Enterprise,East,Pro,Active,paula89@example.org
CUST_06993,Suzanne Logan,2021-03-09,Enterprise,International,Basic,Active,amanda25@example.com
CUST_06994,Terry Lewis,2023-12-01,Enterprise,West,Pro,Churned,mhartman@example.net
CUST_06995,Savannah Jordan,2024-03-09,SMB,North,Enterprise,Active,aarongreene@example.org
CUST_06996,Jennifer Ferguson,2021-01-26,Mid-Market,North,Basic,Churned,jgrant@example.net
CUST_06997,Karen Garcia,2022-06-28,SMB,North,Enterprise,Active,randygonzales@example.org
CUST_06998,Kevin Callahan,2022-12-19,SMB,West,Basic,Churned,barry66@example.net
CUST_06999,Melinda May,2021-03-29,SMB,North,Basic,Active,tammy68@example.com
CUST_07000,Denise Miller,2024-03-01,Enterprise,South,Basic,Active,lorraine33@example.org
CUST_07001,Angela Flores,2022-03-17,Mid-Market,International,Pro,Churned,larry02@example.com
CUST_07002,Beth Holmes,2021-06-20,Mid-Market,North,Pro,Active,qmoran@example.org
CUST_07003,Nicole Ortiz,2023-08-18,SMB,South,Basic,Active,jerrywood@example.org
CUST_07004,Sharon Thomas,2024-05-09,SMB,North,Pro,Churned,pattersonmichael@example.org
CUST_07005,Steven Copeland,2022-06-10,Mid-Market,East,Basic,Active,laurenrobertson@example.com
CUST_07006,Michael Dixon,2021-12-17,Mid-Market,North,Basic,Churned,stephanie43@example.org
CUST_07007,Matthew Patton,2022-11-24,SMB,West,Basic,Churned,erojas@example.com
CUST_07008,Stephen Roach,2023-01-10,SMB,West,Basic,Active,mindy83@example.org
CUST_07009,Curtis Thompson,2021-05-05,Enterprise,West,Pro,Active,jeffrey36@example.org
CUST_07010,Jesus Gomez,2023-12-17,Enterprise,South,Basic,Active,dpowell@example.com
CUST_07011,Mrs. Susan Rogers DDS,2023-09-30,Mid-Market,South,Pro,Active,cpatterson@example.com
CUST_07012,Megan Smith,2023-07-15,Mid-Market,South,Pro,Active,jennifer61@example.org
CUST_07013,Luis Watson,2022-04-11,Enterprise,West,Basic,Active,derekhines@example.com
CUST_07014,Sean Wong III,2021-03-24,SMB,West,Basic,Active,emilysmith@example.com
CUST_07015,Jeffrey Campbell,2021-01-16,SMB,West,Basic,Churned,lucascobb@example.com
CUST_07016,Aaron Jones,2024-05-03,SMB,East,Pro,Active,adrianpalmer@example.org
CUST_07017,Daniel Clay,2024-03-02,Mid-Market,East,Pro,Churned,vargasjennifer@example.net
CUST_07018,Brianna Miller,2021-01-23,SMB,North,Pro,Active,hunterbarbara@example.org
CUST_07019,Savannah Mckay,2022-06-08,Enterprise,West,Basic,Churned,ihutchinson@example.org
CUST_07020,Aaron Abbott,2021-05-30,SMB,East,Enterprise,Active,marshallmichael@example.com
CUST_07021,Ashley Johnson,2021-03-26,SMB,North,Basic,Active,rmarquez@example.com
CUST_07022,Beth Anderson,2022-07-14,Enterprise,East,Pro,Active,cookgina@example.net
CUST_07023,Jordan Meadows,2021-04-11,SMB,North,Basic,Active,vbrennan@example.net
CUST_07024,Travis Harris,2023-06-20,Mid-Market,West,Basic,Active,christophermendez@example.com
CUST_07025,Laura Wilson,2021-07-03,SMB,International,Pro,Churned,devin76@example.org
CUST_07026,Haley Jensen,2023-07-07,SMB,West,Enterprise,Active,xhenderson@example.org
CUST_07027,Joseph Anderson,2021-06-14,SMB,South,Basic,Active,bmolina@example.net
CUST_07028,Ashley Lewis,2021-05-08,SMB,North,Pro,Active,bryanttaylor@example.com
CUST_07029,Michael Gutierrez,2022-11-18,Enterprise,West,Enterprise,Active,oneillvalerie@example.org
CUST_07030,David Cook,2023-05-03,SMB,East,Pro,Active,jamesmorales@example.net
CUST_07031,William Perry,2023-03-29,SMB,South,Basic,Active,tnguyen@example.net
CUST_07032,Jessica Stewart,2021-07-13,Enterprise,North,Basic,Active,amber18@example.com
CUST_07033,William Keller,2023-08-14,Mid-Market,International,Basic,Active,changpatricia@example.com
CUST_07034,Teresa Mullen,2024-02-11,Enterprise,West,Enterprise,Churned,lori50@example.org
CUST_07035,Gina Clark,2023-07-15,SMB,North,Basic,Active,ibrooks@example.net
CUST_07036,Erica Barnes,2022-01-24,Mid-Market,North,Pro,Active,onorris@example.net
CUST_07037,Derek Mendoza MD,2022-01-09,Enterprise,East,Enterprise,Active,kylemartin@example.net
CUST_07038,Robert Houston,2023-01-09,SMB,West,Pro,Active,josephguerra@example.org
CUST_07039,Ricardo Wilcox,2024-05-29,SMB,International,Enterprise,Active,cherylhardy@example.net
CUST_07040,Jennifer Reyes,2023-08-26,Mid-Market,South,Pro,Active,tduran@example.org
CUST_07041,Sabrina Welch,2021-03-03,SMB,International,Basic,Active,patriciahall@example.com
CUST_07042,Michael Gibson,2023-05-18,SMB,South,Pro,Churned,melanie08@example.com
CUST_07043,John Martinez,2022-08-10,SMB,West,Pro,Active,meyervalerie@example.org
CUST_07044,Claudia Stark,2024-02-16,Mid-Market,North,Pro,Active,austin35@example.net
CUST_07045,Catherine Fitzgerald,2021-09-26,SMB,West,Basic,Active,calhountodd@example.net
CUST_07046,Brandy Moyer,2023-07-19,SMB,East,Pro,Active,clarkelizabeth@example.com
CUST_07047,Douglas Graham,2022-04-08,SMB,North,Basic,Active,colin84@example.com
CUST_07048,Katie Moran,2021-11-20,SMB,International,Enterprise,Churned,gfox@example.com
CUST_07049,Jonathan Bush,2021-05-02,Enterprise,North,Pro,Active,wharvey@example.com
CUST_07050,Karen Garcia,2022-02-06,SMB,South,Basic,Churned,ellissuzanne@example.com
CUST_07051,Matthew Salazar,2023-05-02,SMB,International,Basic,Churned,lchapman@example.org
CUST_07052,Laura Gomez,2022-01-08,Mid-Market,East,Enterprise,Active,ryandebra@example.net
CUST_07053,Susan Vaughan,2022-06-30,Mid-Market,South,Pro,Active,zlambert@example.com
CUST_07054,Jessica Maddox,2022-09-20,SMB,International,Basic,Churned,dustin03@example.org
CUST_07055,Teresa Rivera,2021-08-04,SMB,North,Enterprise,Active,wendyhumphrey@example.org
CUST_07056,Brent Fischer,2024-03-08,Mid-Market,South,Pro,Active,navarrowhitney@example.com
CUST_07057,Yvette Walker,2024-02-10,SMB,West,Basic,Active,gregory94@example.net
CUST_07058,Jeffrey Wright,2023-02-15,Mid-Market,West,Enterprise,Active,eroy@example.org
CUST_07059,Rachel Mcmahon,2021-08-16,Enterprise,North,Basic,Active,karinagarza@example.org
CUST_07060,Evan Boyd,2021-12-22,SMB,East,Basic,Active,zdaniels@example.org
CUST_07061,Paul West,2023-10-24,SMB,East,Basic,Active,hbennett@example.net
CUST_07062,Christina Evans,2022-03-16,Mid-Market,North,Pro,Active,richard14@example.net
CUST_07063,Samuel Cooper,2024-03-13,SMB,East,Pro,Active,sarahhendricks@example.net
CUST_07064,Shawn Hansen,2022-10-10,Mid-Market,North,Enterprise,Active,john12@example.org
CUST_07065,Ralph Ray,2023-12-20,Mid-Market,West,Enterprise,Active,collinsteresa@example.org
CUST_07066,Diana Rowland,2022-04-26,Mid-Market,North,Enterprise,Churned,zjohnson@example.net
CUST_07067,Stephen Yates,2022-06-17,SMB,East,Enterprise,Active,jeffharris@example.net
CUST_07068,Arthur Wilkerson,2021-07-07,Mid-Market,West,Basic,Churned,gmartinez@example.net
CUST_07069,Shelby Long,2023-09-07,Mid-Market,International,Basic,Active,malonekristen@example.com
CUST_07070,Tammy Olsen,2022-09-24,SMB,International,Enterprise,Churned,jessica92@example.org
CUST_07071,Brian Taylor,2022-07-05,Enterprise,North,Enterprise,Active,amber21@example.net
CUST_07072,Brandon Castillo,2023-03-09,Enterprise,West,Pro,Active,tracey79@example.com
CUST_07073,Danny Hill,2023-04-27,Enterprise,East,Enterprise,Active,batesjessica@example.com
CUST_07074,Rose Dean,2021-10-29,Mid-Market,North,Basic,Active,olyons@example.com
CUST_07075,James Jackson,2021-03-17,SMB,East,Pro,Active,hilltodd@example.com
CUST_07076,Michael Winters,2023-06-16,Enterprise,West,Basic,Active,bmaxwell@example.org
CUST_07077,Tammy Lewis,2022-10-15,SMB,International,Basic,Churned,heather77@example.org
CUST_07078,Valerie Martinez,2021-01-04,SMB,South,Basic,Active,johnstonashley@example.org
CUST_07079,Mary Jacobs,2021-12-05,SMB,International,Basic,Active,vasquezjennifer@example.com
CUST_07080,Scott Hooper,2023-11-14,SMB,West,Pro,Active,smithgeorge@example.com
CUST_07081,Jessica Martin,2024-02-09,SMB,North,Basic,Active,kevin27@example.net
CUST_07082,Donna Gonzalez DDS,2022-08-28,Enterprise,East,Pro,Active,robinsonamy@example.net
CUST_07083,Amanda Huerta,2023-02-19,Enterprise,South,Pro,Active,rodney59@example.com
CUST_07084,Anita Farmer,2022-06-20,SMB,East,Enterprise,Churned,udaniels@example.com
CUST_07085,Kayla Terry,2022-07-24,SMB,South,Pro,Active,hollysmith@example.net
CUST_07086,Carol Tran,2022-04-02,Enterprise,East,Basic,Active,bmason@example.net
CUST_07087,Julie Watson,2023-05-17,Mid-Market,East,Pro,Churned,yschmidt@example.com
CUST_07088,Michael Prince,2022-10-22,SMB,North,Pro,Active,jason92@example.com
CUST_07089,Jennifer Harris,2022-10-25,SMB,East,Pro,Active,walkeredward@example.com
CUST_07090,Jacqueline Green,2023-10-01,SMB,West,Basic,Active,franklong@example.org
CUST_07091,Jacqueline Hodges,2022-11-28,SMB,North,Basic,Active,mary55@example.net
CUST_07092,Jill Garcia,2023-12-31,SMB,West,Pro,Active,donnacoleman@example.org
CUST_07093,Matthew Henry,2022-10-01,Mid-Market,North,Pro,Active,jsmith@example.org
CUST_07094,Tracy Brown,2022-07-13,Enterprise,North,Basic,Active,browndrew@example.com
CUST_07095,Sarah Rice,2022-04-16,SMB,West,Basic,Active,onelson@example.com
CUST_07096,Cynthia Morrison,2021-02-22,SMB,West,Basic,Active,msalazar@example.org
CUST_07097,Nicole Mccormick,2023-02-24,SMB,East,Enterprise,Active,katelynsalazar@example.org
CUST_07098,Craig Gonzalez,2022-09-22,Enterprise,North,Pro,Active,jfuentes@example.net
CUST_07099,Nathan Ross,2022-10-31,SMB,International,Basic,Active,michaelmartinez@example.com
CUST_07100,Seth Hamilton,2022-08-19,SMB,North,Basic,Churned,bartlettnicholas@example.org
CUST_07101,Danielle Johnson,2022-08-09,Mid-Market,South,Basic,Active,timothyproctor@example.org
CUST_07102,Heather Wilson,2022-07-23,SMB,North,Enterprise,Active,bennettzachary@example.net
CUST_07103,Michael Noble,2024-05-27,Mid-Market,International,Pro,Active,gregory95@example.org
CUST_07104,Julie Bright,2022-07-21,Mid-Market,South,Basic,Active,rickywelch@example.org
CUST_07105,Stephanie Cole,2024-04-24,SMB,West,Pro,Active,cbryant@example.net
CUST_07106,Tonya Lambert,2023-01-13,SMB,South,Pro,Active,jacquelineolson@example.net
CUST_07107,Victoria Williams DDS,2022-06-01,Mid-Market,East,Enterprise,Active,bbaker@example.net
CUST_07108,Laura Carroll,2021-11-13,SMB,West,Pro,Active,antoniolewis@example.com
CUST_07109,Michael Moore,2024-02-03,Mid-Market,International,Enterprise,Active,donald10@example.net
CUST_07110,Christian Riggs,2021-04-16,Mid-Market,West,Enterprise,Churned,yjimenez@example.com
CUST_07111,Joshua Chan,2021-11-20,SMB,North,Basic,Active,mendezmadison@example.com
CUST_07112,Charles Turner,2022-07-15,SMB,North,Pro,Active,xallen@example.com
CUST_07113,John Allison,2021-11-28,SMB,South,Enterprise,Churned,thomas26@example.net
CUST_07114,Erica Smith,2024-04-12,SMB,West,Pro,Active,angelarhodes@example.com
CUST_07115,Katie Joseph,2022-04-04,SMB,North,Basic,Active,alicia00@example.net
CUST_07116,Leah Dixon,2024-02-22,Mid-Market,North,Basic,Active,slam@example.net
CUST_07117,Michael Adams,2021-09-21,Enterprise,North,Pro,Active,hannah51@example.com
CUST_07118,Emily Campos,2022-10-18,Mid-Market,East,Pro,Active,melvinlawson@example.com
CUST_07119,Russell Bean,2022-02-18,SMB,West,Basic,Active,jimmy64@example.net
CUST_07120,Ariel Brown,2022-11-15,SMB,West,Pro,Churned,kgriffith@example.net
CUST_07121,Joyce Hernandez,2023-06-09,Mid-Market,North,Basic,Active,heidiparker@example.com
CUST_07122,Angela Branch,2021-02-15,Enterprise,South,Basic,Active,joeljohnson@example.org
CUST_07123,Chad Rowe DDS,2021-05-22,Mid-Market,South,Basic,Active,zkirby@example.net
CUST_07124,Steven Kim,2023-12-04,SMB,South,Pro,Churned,melissaholt@example.com
CUST_07125,Ian Pitts,2022-01-22,Mid-Market,East,Basic,Active,rbanks@example.org
CUST_07126,Jeffrey Macdonald,2021-05-16,SMB,North,Basic,Active,mooresue@example.org
CUST_07127,Dr. Anthony Powell PhD,2022-05-18,SMB,North,Enterprise,Churned,tapiamichael@example.com
CUST_07128,Colleen Richards,2023-10-31,SMB,North,Enterprise,Active,michelledelacruz@example.com
CUST_07129,Tony Morgan,2022-05-27,Mid-Market,West,Basic,Active,hunterdavis@example.net
CUST_07130,Victoria Parker,2021-02-02,SMB,West,Pro,Active,lopezlaurie@example.net
CUST_07131,Mary Kent,2024-02-08,SMB,East,Basic,Active,melliott@example.org
CUST_07132,Cynthia Miller,2024-04-03,SMB,North,Pro,Churned,lsilva@example.org
CUST_07133,Mr. Matthew Gallagher,2023-04-27,Mid-Market,West,Pro,Active,jeanette06@example.org
CUST_07134,Brian Glover,2023-05-03,SMB,North,Pro,Active,aprilwashington@example.org
CUST_07135,Kathryn Wilson,2022-09-04,SMB,South,Basic,Active,bcarey@example.net
CUST_07136,Robert Perez,2023-10-30,SMB,International,Basic,Churned,chadedwards@example.net
CUST_07137,Zachary Stone,2023-01-04,Mid-Market,South,Enterprise,Active,ktaylor@example.org
CUST_07138,Martin Tran,2023-02-21,SMB,North,Basic,Active,wardcharles@example.com
CUST_07139,James Williams,2021-04-11,SMB,North,Basic,Active,julieduncan@example.org
CUST_07140,Amy Miles,2022-01-22,SMB,West,Basic,Active,julie89@example.com
CUST_07141,Louis Arnold,2021-05-24,SMB,West,Basic,Active,joseph09@example.org
CUST_07142,Teresa Patterson,2021-02-28,SMB,West,Basic,Active,stephen92@example.com
CUST_07143,Terri Mcdaniel,2023-05-16,Enterprise,South,Basic,Churned,jon74@example.net
CUST_07144,George James,2021-09-10,Mid-Market,South,Pro,Active,anthonyhartman@example.net
CUST_07145,Jacob Barajas,2021-11-18,Mid-Market,East,Enterprise,Churned,joseph61@example.com
CUST_07146,Brent Larsen,2024-02-26,SMB,International,Enterprise,Active,sallywilliams@example.com
CUST_07147,Shannon Reynolds,2024-03-31,SMB,North,Basic,Active,mathismaria@example.org
CUST_07148,Miss Sandra Phelps,2024-03-06,Enterprise,North,Pro,Active,heather65@example.com
CUST_07149,Laura Mckenzie,2021-03-10,SMB,North,Basic,Churned,pberry@example.net
CUST_07150,Lance Freeman,2022-02-27,SMB,South,Enterprise,Active,stevenwalter@example.net
CUST_07151,Connor Kane,2024-01-05,SMB,East,Basic,Churned,bensonkatie@example.net
CUST_07152,Tara Morton,2024-04-26,SMB,International,Pro,Active,vargasanthony@example.com
CUST_07153,Richard Crawford,2024-05-20,SMB,International,Pro,Active,jacob32@example.org
CUST_07154,Robert Carpenter,2024-04-07,Enterprise,South,Pro,Churned,samuelbutler@example.net
CUST_07155,John Lee,2023-03-18,SMB,South,Pro,Active,pattonstacy@example.org
CUST_07156,Terrance Medina,2022-10-21,Mid-Market,South,Basic,Churned,barajasmitchell@example.org
CUST_07157,Joseph Tate,2023-01-29,SMB,South,Basic,Churned,clarkpaul@example.org
CUST_07158,Catherine Ramos,2023-12-14,SMB,International,Enterprise,Active,lindabutler@example.com
CUST_07159,Susan Long,2021-01-20,SMB,East,Basic,Active,adkinssusan@example.net
CUST_07160,Anthony Ward,2022-12-11,SMB,East,Pro,Active,samantha38@example.org
CUST_07161,Ronnie Grimes,2021-03-31,Enterprise,South,Pro,Active,durhammelissa@example.com
CUST_07162,Joshua Watts,2021-10-21,SMB,South,Enterprise,Active,shawn18@example.net
CUST_07163,John Oliver,2023-10-29,SMB,West,Enterprise,Active,christine14@example.net
CUST_07164,Shelby Wilson,2023-08-04,Enterprise,West,Pro,Active,friedmanjoseph@example.com
CUST_07165,Kyle Wheeler,2022-07-07,SMB,East,Enterprise,Active,daniel10@example.org
CUST_07166,Jennifer Cox,2021-07-20,Mid-Market,North,Pro,Active,reneemyers@example.net
CUST_07167,Donna Bowers,2021-09-19,Mid-Market,East,Pro,Active,jimmy63@example.com
CUST_07168,Kathleen Hamilton,2023-09-13,SMB,South,Basic,Active,christine02@example.net
CUST_07169,Douglas Ayala,2023-10-27,Mid-Market,East,Basic,Active,jessepham@example.org
CUST_07170,Catherine James,2024-02-25,SMB,North,Basic,Active,william49@example.net
CUST_07171,Matthew Davis,2021-07-04,SMB,South,Enterprise,Active,jtanner@example.net
CUST_07172,Daniel Rogers,2023-12-04,SMB,International,Pro,Active,hopkinskaren@example.org
CUST_07173,Isaac Soto,2022-10-28,Enterprise,East,Basic,Active,byrdjames@example.com
CUST_07174,Brian Wallace,2023-04-30,Mid-Market,International,Pro,Active,martinwilliam@example.com
CUST_07175,Eric Spence,2022-05-06,SMB,North,Basic,Active,seangoodman@example.org
CUST_07176,Stacy Burgess,2021-01-29,SMB,South,Basic,Active,egallagher@example.net
CUST_07177,Sharon Grant,2021-08-27,SMB,West,Basic,Active,michaelpayne@example.net
CUST_07178,Virginia Fitzpatrick,2022-01-20,Enterprise,South,Basic,Active,doris13@example.net
CUST_07179,Emily Maldonado,2021-11-01,Mid-Market,North,Basic,Active,htorres@example.com
CUST_07180,Donald Grimes,2021-10-25,SMB,North,Basic,Active,chelseahernandez@example.net
CUST_07181,Patrick Reed,2022-10-01,Mid-Market,West,Pro,Active,scott99@example.org
CUST_07182,Jonathon Sanchez,2024-02-08,SMB,East,Enterprise,Active,jose51@example.org
CUST_07183,Linda Green,2024-05-27,SMB,East,Enterprise,Active,christian24@example.org
CUST_07184,Carl Rubio,2022-04-05,SMB,South,Basic,Churned,larryking@example.org
CUST_07185,Sarah Miller,2022-02-24,Mid-Market,South,Pro,Active,pwilliams@example.net
CUST_07186,Lawrence Wilson,2022-12-13,SMB,North,Enterprise,Active,mark37@example.net
CUST_07187,Sarah Smith,2021-01-09,SMB,North,Pro,Active,patrick14@example.com
CUST_07188,Ashley Cohen,2021-01-21,Enterprise,East,Basic,Active,victoria57@example.org
CUST_07189,Jeffery Bonilla,2021-07-05,Mid-Market,West,Enterprise,Active,adrian91@example.org
CUST_07190,Mark Hunter,2021-02-04,SMB,East,Pro,Active,montgomerytony@example.net
CUST_07191,Martin Sandoval,2021-01-10,Mid-Market,West,Basic,Active,rebecca14@example.net
CUST_07192,Douglas Vincent,2022-12-15,Enterprise,South,Basic,Active,mark38@example.com
CUST_07193,Janet Johnson,2023-02-05,Mid-Market,East,Pro,Active,zthompson@example.com
CUST_07194,Sarah Holmes,2022-09-26,SMB,East,Basic,Active,john88@example.org
CUST_07195,Joshua Moreno,2021-03-14,Enterprise,North,Basic,Active,mreeves@example.net
CUST_07196,Samantha Munoz,2021-09-19,SMB,North,Pro,Active,yreilly@example.com
CUST_07197,Janice King,2023-02-20,SMB,South,Pro,Churned,youngelizabeth@example.com
CUST_07198,Deborah Reeves,2022-12-01,SMB,West,Basic,Active,craigchristina@example.net
CUST_07199,Jose Hall,2021-11-06,Enterprise,West,Pro,Churned,johnsontrevor@example.com
CUST_07200,Zachary Morton,2023-05-30,Mid-Market,North,Enterprise,Active,nwhite@example.com
CUST_07201,Jeffery Vincent,2023-04-26,SMB,South,Pro,Active,greenjared@example.net
CUST_07202,Andrew Richards,2021-05-12,SMB,North,Pro,Active,steven53@example.com
CUST_07203,Carly Todd,2021-06-10,Enterprise,East,Enterprise,Active,jorge30@example.com
CUST_07204,Tonya Elliott,2023-03-13,SMB,International,Basic,Active,kaylabridges@example.org
CUST_07205,Matthew Pacheco,2022-09-15,Mid-Market,West,Basic,Active,aphillips@example.org
CUST_07206,Samantha Espinoza,2022-10-31,SMB,North,Pro,Active,qmoore@example.org
CUST_07207,Ann Pena,2023-10-04,Mid-Market,North,Basic,Active,dannyphelps@example.com
CUST_07208,Benjamin Mendez,2021-03-05,SMB,East,Pro,Active,haynesryan@example.com
CUST_07209,Anthony Davidson,2022-02-10,SMB,East,Basic,Active,helenglass@example.org
CUST_07210,Andrew Martinez,2022-12-04,Enterprise,West,Basic,Active,garymeyer@example.org
CUST_07211,Joel Gentry,2023-07-14,SMB,South,Enterprise,Active,amandacarlson@example.net
CUST_07212,Shawn Hart,2022-05-27,SMB,West,Basic,Churned,ericbrown@example.com
CUST_07213,John Thompson,2021-05-18,Mid-Market,North,Pro,Churned,cindy75@example.com
CUST_07214,Brian Robertson,2022-08-22,SMB,North,Basic,Active,wanda38@example.org
CUST_07215,Jason Reed,2024-05-12,SMB,North,Pro,Active,fbrown@example.net
CUST_07216,Christopher Burton,2021-01-09,Mid-Market,North,Pro,Active,jeffreywolf@example.net
CUST_07217,Katherine Hartman,2023-06-24,Enterprise,East,Basic,Active,gregory44@example.net
CUST_07218,Samantha Rogers,2021-06-23,Mid-Market,South,Basic,Active,karen74@example.net
CUST_07219,Michelle Hall,2023-11-07,Mid-Market,South,Pro,Active,mblackwell@example.net
CUST_07220,Heidi Watson,2023-03-04,Mid-Market,International,Basic,Churned,jason93@example.com
CUST_07221,Tara Morgan,2024-02-29,SMB,South,Basic,Active,belltracy@example.net
CUST_07222,Dr. Jennifer Horn,2022-09-17,Enterprise,North,Enterprise,Active,ubenton@example.net
CUST_07223,Rhonda Navarro,2022-06-09,Mid-Market,North,Enterprise,Active,teresascott@example.org
CUST_07224,Karen Flores,2023-04-19,Mid-Market,West,Pro,Active,smithbrandon@example.org
CUST_07225,Daniel Smith,2024-01-03,Enterprise,International,Enterprise,Active,pamelabaldwin@example.org
CUST_07226,Tonya Rodriguez,2021-03-11,Mid-Market,West,Basic,Active,daltonrobert@example.net
CUST_07227,Connor Peters,2022-12-11,SMB,South,Basic,Active,corey22@example.com
CUST_07228,Lori Gutierrez,2022-03-03,SMB,North,Pro,Active,danielbaker@example.org
CUST_07229,Ashley Brewer,2024-04-25,SMB,West,Pro,Active,marc96@example.com
CUST_07230,Jessica Pierce,2022-08-07,Mid-Market,North,Basic,Churned,cannonsusan@example.net
CUST_07231,Harry Jacobs,2024-02-25,SMB,South,Basic,Active,gregoryherrera@example.org
CUST_07232,Christopher Parks,2023-10-07,SMB,West,Pro,Active,matthewmcguire@example.com
CUST_07233,Amanda Lee,2021-10-14,SMB,North,Pro,Churned,kcarson@example.net
CUST_07234,Andrew Koch,2022-03-16,SMB,East,Basic,Active,sean97@example.org
CUST_07235,Michael Garcia,2024-03-29,SMB,North,Enterprise,Active,matthew27@example.net
CUST_07236,Jessica Osborne,2023-06-27,Mid-Market,International,Pro,Churned,lsmith@example.org
CUST_07237,Duane Archer,2022-05-28,Enterprise,North,Pro,Active,alexissalazar@example.net
CUST_07238,Katie Spence,2021-01-02,SMB,South,Basic,Active,alexander86@example.com
CUST_07239,Wendy Hudson,2023-04-11,Enterprise,North,Pro,Active,elizabethsampson@example.net
CUST_07240,Mrs. Stephanie Carroll DDS,2022-02-01,Mid-Market,West,Enterprise,Active,hnelson@example.org
CUST_07241,Matthew George,2023-07-12,SMB,South,Basic,Churned,johnsonkeith@example.com
CUST_07242,Johnny Durham,2021-01-12,Mid-Market,West,Basic,Active,cescobar@example.org
CUST_07243,Dale Suarez,2024-01-31,SMB,International,Basic,Active,andersonkimberly@example.net
CUST_07244,Jennifer Hamilton,2021-04-13,SMB,West,Enterprise,Active,ilamb@example.com
CUST_07245,Sandra Adams,2021-04-30,SMB,East,Pro,Active,davisevan@example.org
CUST_07246,Michael Sullivan,2024-04-22,Mid-Market,North,Enterprise,Active,torreschristina@example.com
CUST_07247,Louis Powell,2022-07-12,Mid-Market,North,Enterprise,Active,gabrielle43@example.org
CUST_07248,Hayden Simpson,2024-02-29,SMB,West,Enterprise,Active,randolpherin@example.net
CUST_07249,Julia Berry,2022-08-25,Enterprise,North,Basic,Active,grantcrystal@example.net
CUST_07250,Kimberly Bishop,2021-01-27,SMB,East,Pro,Churned,vanessadillon@example.com
CUST_07251,Steven Lopez,2021-03-13,Enterprise,North,Pro,Active,ashley52@example.net
CUST_07252,Gregory Kane,2023-06-23,SMB,South,Enterprise,Active,iwilliams@example.net
CUST_07253,Abigail Weber,2022-08-03,SMB,West,Pro,Churned,arnoldevelyn@example.org
CUST_07254,Shelley Le,2021-03-08,Mid-Market,West,Pro,Active,stewartlauren@example.com
CUST_07255,Dorothy Howard,2022-10-14,Mid-Market,East,Basic,Active,grantalexis@example.org
CUST_07256,Megan Mendoza,2021-08-12,Mid-Market,North,Basic,Active,jennifer96@example.org
CUST_07257,Dawn Small,2024-01-15,Enterprise,International,Basic,Active,lindaturner@example.org
CUST_07258,Derek Robinson,2021-05-19,SMB,South,Pro,Churned,justinlewis@example.net
CUST_07259,Ryan Martinez,2022-12-25,SMB,North,Pro,Active,herrerachristopher@example.com
CUST_07260,Destiny Richardson,2024-03-28,SMB,South,Basic,Churned,sarahlyons@example.net
CUST_07261,Jennifer Curtis,2024-04-22,SMB,South,Basic,Churned,shannonli@example.com
CUST_07262,Cassandra Carroll,2024-02-17,SMB,North,Enterprise,Active,martinkristopher@example.com
CUST_07263,Timothy Stephenson,2023-06-01,Mid-Market,East,Pro,Churned,jacobstracy@example.org
CUST_07264,Philip Mcdonald,2023-12-09,SMB,West,Enterprise,Active,lawsonemily@example.com
CUST_07265,Ashley Rivas,2022-02-18,Mid-Market,North,Enterprise,Active,cindy17@example.com
CUST_07266,Cynthia Gonzales,2023-08-22,SMB,North,Basic,Active,emilybell@example.org
CUST_07267,Kyle Smith,2022-02-03,SMB,West,Basic,Churned,pwilliams@example.org
CUST_07268,John Reed,2024-03-10,Enterprise,North,Basic,Active,xwhite@example.org
CUST_07269,Johnathan Johnson,2021-01-18,SMB,West,Enterprise,Churned,morrisjohn@example.org
CUST_07270,Tim Lopez,2021-01-10,SMB,North,Basic,Active,zjohnston@example.com
CUST_07271,Phillip Hendricks,2022-10-30,Mid-Market,North,Basic,Churned,leerebecca@example.org
CUST_07272,Heather Larson,2023-08-21,Mid-Market,North,Enterprise,Active,chelseybenitez@example.net
CUST_07273,Charles Douglas,2023-07-16,Enterprise,South,Pro,Active,christopherturner@example.org
CUST_07274,Spencer Mendez,2024-02-19,SMB,West,Enterprise,Active,dawndelgado@example.com
CUST_07275,Autumn Jones,2021-11-16,Enterprise,North,Basic,Active,mdavidson@example.net
CUST_07276,Jon Clark,2022-07-07,SMB,West,Pro,Churned,robert35@example.org
CUST_07277,Elizabeth Jackson,2021-01-27,SMB,North,Enterprise,Churned,jasonkeith@example.net
CUST_07278,Eric Keller,2021-08-15,Enterprise,East,Pro,Active,madisonlarson@example.net
CUST_07279,Michelle Carlson,2021-12-25,SMB,East,Basic,Active,ckelly@example.com
CUST_07280,David Davidson,2023-04-10,Mid-Market,North,Enterprise,Active,gregory97@example.org
CUST_07281,Jasmine Smith,2023-01-15,SMB,South,Pro,Churned,jroberts@example.org
CUST_07282,Theresa Rojas,2021-12-30,SMB,East,Basic,Active,morrisblake@example.com
CUST_07283,Joe Harris,2023-11-28,SMB,South,Enterprise,Active,awu@example.org
CUST_07284,Charles Walters,2024-05-21,SMB,West,Basic,Active,debraduncan@example.com
CUST_07285,Alan Reed,2021-08-02,Enterprise,East,Basic,Active,ofry@example.com
CUST_07286,Timothy Michael,2023-09-03,Enterprise,West,Basic,Active,stevenhernandez@example.org
CUST_07287,Shane Valentine,2022-10-17,SMB,South,Pro,Active,gabrielle43@example.com
CUST_07288,Mr. Tony Castillo,2023-01-25,Mid-Market,International,Pro,Churned,tmendoza@example.com
CUST_07289,Scott Lopez,2021-01-19,Mid-Market,International,Enterprise,Active,afletcher@example.org
CUST_07290,Christine Anderson,2021-05-19,SMB,North,Pro,Active,lisagallegos@example.org
CUST_07291,Travis Wade,2021-12-30,Mid-Market,West,Pro,Active,kmartinez@example.com
CUST_07292,Scott Campbell,2022-09-05,Mid-Market,North,Enterprise,Active,vincentmichael@example.com
CUST_07293,Heather Tapia,2022-02-28,SMB,West,Basic,Active,ystevenson@example.org
CUST_07294,Lauren Nguyen,2023-01-07,SMB,East,Basic,Churned,raymondfuentes@example.net
CUST_07295,Sara Arellano,2022-10-11,SMB,South,Pro,Active,tknight@example.com
CUST_07296,Richard Mullins,2021-10-01,SMB,International,Pro,Active,rreyes@example.com
CUST_07297,Lisa Lee,2021-12-07,SMB,East,Basic,Active,stephanie78@example.net
CUST_07298,Joshua Rogers,2023-08-09,SMB,International,Pro,Churned,hendersonalexis@example.org
CUST_07299,Sherry Walker,2021-11-26,Enterprise,West,Pro,Active,udoyle@example.net
CUST_07300,Clinton Taylor,2023-08-06,SMB,South,Enterprise,Active,angelcameron@example.org
CUST_07301,Shelley Garrett,2022-03-18,Mid-Market,West,Pro,Active,danielle51@example.net
CUST_07302,Leslie Moore,2022-07-26,Enterprise,South,Pro,Active,marshalldylan@example.org
CUST_07303,Dana Fitzgerald,2023-04-27,SMB,West,Enterprise,Active,jeffreyjohnston@example.net
CUST_07304,Andrea Hale,2021-11-14,SMB,International,Enterprise,Churned,courtneybraun@example.net
CUST_07305,Patrick Calhoun II,2021-12-26,SMB,West,Basic,Active,cguzman@example.net
CUST_07306,Jean Kim DDS,2021-01-02,SMB,West,Basic,Active,johnsmith@example.net
CUST_07307,Catherine Watkins,2022-05-08,SMB,North,Enterprise,Active,wpacheco@example.com
CUST_07308,Eric Parks,2023-01-09,Mid-Market,International,Pro,Active,rmorgan@example.org
CUST_07309,Jamie Wilkins,2021-12-03,Mid-Market,East,Basic,Active,trose@example.net
CUST_07310,Sarah Fields,2021-06-25,SMB,International,Enterprise,Churned,matthewsjacqueline@example.org
CUST_07311,Ryan Palmer,2022-04-06,Enterprise,South,Enterprise,Churned,clarkkatherine@example.net
CUST_07312,Thomas Robinson,2023-08-31,SMB,North,Basic,Churned,keyrachel@example.net
CUST_07313,Audrey Fritz,2023-07-04,SMB,North,Enterprise,Active,pgarza@example.org
CUST_07314,George Smith,2021-07-25,SMB,South,Enterprise,Active,rmullins@example.net
CUST_07315,Amy Campbell,2021-10-13,SMB,South,Pro,Churned,melaniejackson@example.org
CUST_07316,Leslie Hudson,2023-12-11,Enterprise,South,Pro,Active,thomasabigail@example.net
CUST_07317,Timothy Hogan,2023-03-02,SMB,East,Pro,Churned,ymiller@example.net
CUST_07318,Michael Ortiz,2023-12-09,SMB,South,Basic,Active,joshuabrown@example.net
CUST_07319,Erin Shields,2021-12-15,SMB,North,Basic,Active,phall@example.net
CUST_07320,John Werner,2022-08-16,SMB,East,Basic,Active,timothy41@example.org
CUST_07321,Jason Moore,2021-06-09,SMB,South,Pro,Active,vfarrell@example.net
CUST_07322,Nathan Anderson,2021-03-27,Mid-Market,South,Enterprise,Churned,aliciamiller@example.com
CUST_07323,Johnny Jones,2023-11-19,Mid-Market,International,Basic,Active,jenkinskristin@example.com
CUST_07324,Jennifer Mason,2022-10-01,Mid-Market,International,Basic,Active,mrodriguez@example.org
CUST_07325,Lisa Sparks,2023-10-21,SMB,West,Enterprise,Churned,parsonspaige@example.net
CUST_07326,Teresa Boyd,2022-05-06,Enterprise,West,Basic,Active,gina18@example.com
CUST_07327,Suzanne Serrano,2021-03-12,SMB,International,Basic,Churned,davispatrick@example.org
CUST_07328,Patrick Wright,2023-03-07,Enterprise,West,Pro,Active,cynthia96@example.net
CUST_07329,Kevin Davis,2021-10-22,SMB,International,Pro,Active,suzanne81@example.org
CUST_07330,Gabrielle Perez,2021-01-06,Mid-Market,North,Basic,Active,rosslisa@example.com
CUST_07331,Jesse Sanders,2023-02-14,Mid-Market,International,Pro,Churned,stevenkemp@example.net
CUST_07332,Shelby Hunt,2021-08-02,SMB,West,Basic,Active,imullen@example.org
CUST_07333,Christina Best,2023-02-23,SMB,North,Pro,Active,kylecaldwell@example.com
CUST_07334,Hannah Davis,2021-05-04,SMB,West,Pro,Churned,thomas08@example.org
CUST_07335,Jose David,2021-02-06,Mid-Market,South,Basic,Active,danielmiller@example.com
CUST_07336,Carrie Soto,2023-11-13,Mid-Market,South,Pro,Active,guerrakevin@example.org
CUST_07337,Philip Parker,2021-10-02,SMB,West,Enterprise,Active,lpatel@example.com
CUST_07338,Garrett Gutierrez,2023-10-04,Mid-Market,South,Enterprise,Active,bethany00@example.org
CUST_07339,Jennifer Cortez,2022-03-29,Mid-Market,International,Enterprise,Active,johnward@example.org
CUST_07340,Luke Davis,2021-12-30,Enterprise,South,Basic,Active,gonzalezbradley@example.org
CUST_07341,James Price,2024-03-17,Mid-Market,West,Enterprise,Active,ssmith@example.org
CUST_07342,Nathaniel Hawkins,2023-08-02,Mid-Market,West,Basic,Churned,melissa48@example.net
CUST_07343,Rebecca Dickson,2021-12-18,Enterprise,West,Enterprise,Active,tmartinez@example.net
CUST_07344,Stacey Hunt,2021-02-22,Mid-Market,West,Basic,Active,mandrews@example.org
CUST_07345,Douglas Mosley,2023-06-08,SMB,West,Pro,Active,nguyenscott@example.com
CUST_07346,Mr. Bradley Walker MD,2022-02-12,Mid-Market,International,Basic,Active,debrapowell@example.org
CUST_07347,Lauren Russell,2022-10-11,SMB,East,Basic,Active,breanna41@example.com
CUST_07348,Brooke Lee,2024-02-06,SMB,East,Basic,Active,brownbrian@example.com
CUST_07349,Rodney Dorsey,2021-01-12,Mid-Market,North,Enterprise,Active,lisaanderson@example.net
CUST_07350,Heidi Peters,2021-05-28,Mid-Market,International,Enterprise,Active,meganpalmer@example.com
CUST_07351,Tammy Rios,2022-12-27,SMB,East,Basic,Churned,timothy57@example.org
CUST_07352,Regina Decker,2021-09-04,SMB,East,Enterprise,Active,paul56@example.net
CUST_07353,Michael Stewart,2021-04-04,Mid-Market,North,Pro,Active,gbarnes@example.com
CUST_07354,Ricky Rodriguez,2021-10-06,SMB,North,Pro,Churned,shortdonald@example.com
CUST_07355,Joseph Sandoval,2022-08-28,SMB,International,Basic,Churned,connie93@example.com
CUST_07356,Katherine Lawrence,2023-01-19,Mid-Market,West,Enterprise,Churned,lindahenson@example.org
CUST_07357,Seth Taylor,2021-11-08,SMB,East,Pro,Active,wfisher@example.org
CUST_07358,Suzanne Huerta,2022-08-29,Mid-Market,International,Basic,Churned,jacobwiggins@example.net
CUST_07359,Kayla Scott,2022-04-21,SMB,International,Enterprise,Active,pittmanrobert@example.net
CUST_07360,Peter Vazquez,2024-04-27,Mid-Market,East,Basic,Active,karenfuentes@example.org
CUST_07361,Charles Watkins,2023-12-11,SMB,South,Pro,Churned,nfernandez@example.org
CUST_07362,Becky Vaughn,2022-06-06,Mid-Market,South,Basic,Active,josephjeffery@example.net
CUST_07363,Samantha Smith,2021-09-20,Mid-Market,North,Pro,Active,ramirezbrandon@example.com
CUST_07364,Sheri Cooper,2021-04-28,Enterprise,North,Basic,Active,martha90@example.org
CUST_07365,Amanda Morgan,2021-08-05,Mid-Market,International,Pro,Active,jill25@example.com
CUST_07366,Amanda Stevenson,2022-03-09,Enterprise,East,Basic,Active,bishopcheryl@example.org
CUST_07367,Julia Guzman,2022-06-03,Mid-Market,North,Basic,Active,nelsonjames@example.net
CUST_07368,Paula Farmer,2021-05-27,SMB,East,Pro,Active,blackjames@example.net
CUST_07369,Derek Webster,2021-03-02,SMB,West,Basic,Churned,omarortiz@example.com
CUST_07370,Michael Price,2023-10-30,Mid-Market,West,Basic,Active,epowers@example.org
CUST_07371,Michael Flores,2023-09-24,SMB,South,Pro,Active,rbaldwin@example.net
CUST_07372,Taylor Kramer,2023-04-10,SMB,East,Enterprise,Active,wdean@example.com
CUST_07373,Mackenzie Murray,2021-04-29,Enterprise,South,Basic,Active,powersjoseph@example.net
CUST_07374,Garrett Martin,2021-10-31,SMB,South,Enterprise,Churned,egoodwin@example.org
CUST_07375,Ricky Ballard,2024-05-01,Enterprise,South,Basic,Active,vmorgan@example.org
CUST_07376,Christopher Phillips,2023-12-29,SMB,International,Basic,Active,stephensstephanie@example.net
CUST_07377,Veronica Patel,2024-04-04,SMB,South,Basic,Churned,lramos@example.net
CUST_07378,Alexander Perez,2024-05-29,Mid-Market,North,Pro,Active,morajames@example.com
CUST_07379,Thomas Massey,2023-06-01,Mid-Market,South,Enterprise,Active,evansgary@example.org
CUST_07380,Russell Ochoa,2021-07-22,Mid-Market,North,Pro,Active,jason28@example.net
CUST_07381,Angela Merritt,2021-11-03,Mid-Market,East,Pro,Active,cartergregory@example.com
CUST_07382,Melissa Gonzalez,2023-09-26,SMB,South,Basic,Active,mary23@example.com
CUST_07383,Karen Perez,2023-11-22,Mid-Market,International,Pro,Active,masonashley@example.org
CUST_07384,Ricardo Collins,2023-01-03,SMB,International,Basic,Churned,linda32@example.org
CUST_07385,Teresa Williams,2023-03-25,Mid-Market,International,Pro,Churned,kenneth96@example.net
CUST_07386,John Pham,2024-05-13,SMB,North,Enterprise,Active,brianorr@example.net
CUST_07387,Laura Jones,2021-03-03,SMB,South,Enterprise,Churned,randy61@example.com
CUST_07388,Kenneth Wilson,2022-09-16,Mid-Market,East,Enterprise,Active,lewismary@example.com
CUST_07389,Carla Olson,2023-07-10,Mid-Market,North,Pro,Active,danderson@example.net
CUST_07390,Amanda Rose,2021-03-23,Enterprise,International,Enterprise,Active,shawn95@example.com
CUST_07391,Robert Hubbard,2023-01-17,Mid-Market,East,Pro,Active,joshua56@example.com
CUST_07392,Amanda Solomon,2023-07-13,Mid-Market,East,Enterprise,Active,fkemp@example.com
CUST_07393,Robert Stein,2022-02-15,Mid-Market,North,Enterprise,Active,andrewwilson@example.com
CUST_07394,Cassidy Mccall,2023-04-03,Mid-Market,North,Basic,Active,annejohnson@example.org
CUST_07395,Bruce Perez,2023-11-29,SMB,International,Pro,Active,sfletcher@example.net
CUST_07396,Tommy Bryant,2023-10-15,Enterprise,West,Enterprise,Active,powersjay@example.net
CUST_07397,William Lee,2022-03-16,Mid-Market,South,Pro,Churned,jeremyowens@example.com
CUST_07398,Jennifer Alvarez,2023-10-27,SMB,West,Enterprise,Active,selena68@example.com
CUST_07399,Cody Wilson,2023-05-20,SMB,West,Pro,Active,william26@example.net
CUST_07400,Lindsey Kaufman,2023-08-06,SMB,South,Basic,Churned,clayscott@example.com
CUST_07401,Taylor Kim,2021-03-07,Mid-Market,North,Basic,Active,alyssa78@example.com
CUST_07402,Edwin Miller,2023-05-10,SMB,East,Pro,Active,joshuawest@example.org
CUST_07403,Joshua Anderson,2023-09-05,SMB,South,Enterprise,Active,christopher52@example.org
CUST_07404,Katherine Dyer,2024-04-16,SMB,International,Basic,Active,daniel87@example.com
CUST_07405,Cynthia Mcknight,2023-12-30,Mid-Market,East,Pro,Active,hillanita@example.com
CUST_07406,Jessica Wallace,2024-04-07,SMB,East,Basic,Churned,lstrickland@example.com
CUST_07407,Angela Novak,2021-07-24,SMB,East,Basic,Active,leealexandria@example.com
CUST_07408,Yolanda Finley,2023-01-24,Mid-Market,West,Enterprise,Active,tylerrusso@example.com
CUST_07409,Shelly Contreras,2022-03-16,SMB,West,Basic,Active,tkim@example.com
CUST_07410,Carrie Smith,2024-03-04,Mid-Market,South,Basic,Active,ortegamaureen@example.com
CUST_07411,Elizabeth Thompson,2022-06-08,SMB,North,Pro,Churned,sullivanjose@example.com
CUST_07412,Joseph Sullivan,2022-09-18,SMB,South,Enterprise,Churned,kelsey53@example.org
CUST_07413,Edward Jones,2023-06-30,Enterprise,North,Pro,Active,jennifermartinez@example.net
CUST_07414,Sarah Hanson,2021-09-09,Enterprise,International,Basic,Churned,bguerrero@example.com
CUST_07415,Tammie King,2024-05-28,Mid-Market,North,Enterprise,Active,ymorton@example.org
CUST_07416,Robert Rojas MD,2024-02-25,SMB,North,Pro,Active,gford@example.net
CUST_07417,Michael Martin,2023-07-18,SMB,South,Pro,Active,vparker@example.org
CUST_07418,James Lester,2023-09-22,SMB,East,Basic,Active,eric95@example.net
CUST_07419,Mr. Riley Fitzpatrick,2021-08-24,SMB,International,Basic,Active,danny83@example.org
CUST_07420,Robert Moore,2023-04-22,SMB,West,Pro,Active,fmoran@example.org
CUST_07421,Kathryn Brown,2023-01-21,SMB,South,Basic,Active,franciscaroline@example.org
CUST_07422,Phillip Ferguson,2022-05-14,SMB,West,Enterprise,Active,ubeltran@example.com
CUST_07423,Michael Wright,2022-10-23,SMB,North,Basic,Churned,edwardwhite@example.net
CUST_07424,Cameron Bates,2024-04-23,SMB,South,Pro,Churned,piercemadeline@example.org
CUST_07425,Kevin Barber,2024-02-18,Mid-Market,East,Enterprise,Active,cindy35@example.net
CUST_07426,Alexandra Nelson,2023-09-01,SMB,East,Basic,Churned,kclark@example.com
CUST_07427,Kayla Sherman,2021-11-20,Mid-Market,North,Basic,Active,gthomas@example.net
CUST_07428,Anthony Thomas,2022-02-16,SMB,South,Basic,Active,philip98@example.com
CUST_07429,Joshua Mendez,2022-12-23,Mid-Market,East,Basic,Churned,guzmannoah@example.org
CUST_07430,Julie Gonzalez,2021-11-15,SMB,North,Basic,Active,velasquezdylan@example.com
CUST_07431,Nathan Rivera,2021-07-30,SMB,West,Pro,Active,rthompson@example.com
CUST_07432,Jasmine Benjamin,2022-08-29,Mid-Market,North,Enterprise,Churned,christopherluna@example.net
CUST_07433,Charles Hickman,2021-02-18,SMB,West,Basic,Active,stephenwillis@example.net
CUST_07434,Amanda Black,2023-04-14,Mid-Market,North,Pro,Active,thomasbenjamin@example.org
CUST_07435,Brent Taylor,2023-06-17,Enterprise,West,Enterprise,Churned,christian68@example.com
CUST_07436,Earl Rodriguez,2023-03-23,SMB,International,Basic,Active,kcaldwell@example.org
CUST_07437,Aaron Medina DVM,2022-09-25,SMB,South,Pro,Active,ealvarez@example.net
CUST_07438,Angel Thompson,2021-04-21,Mid-Market,South,Pro,Active,pjohnson@example.com
CUST_07439,Julie Burgess,2021-11-19,Mid-Market,International,Pro,Active,eugenemcdonald@example.com
CUST_07440,Emily Nelson,2023-03-12,Enterprise,East,Basic,Active,chrisbrown@example.org
CUST_07441,William Gardner,2021-03-09,Enterprise,West,Pro,Active,lisa37@example.net
CUST_07442,Steve Young,2021-03-02,Mid-Market,North,Enterprise,Active,amy82@example.org
CUST_07443,Stacey Ramirez,2021-10-04,SMB,North,Pro,Churned,carrie96@example.net
CUST_07444,Devon Davis,2023-06-04,SMB,West,Basic,Active,erinsuarez@example.org
CUST_07445,William Mcmahon,2021-01-09,Mid-Market,South,Enterprise,Active,jilljackson@example.org
CUST_07446,Joshua Adams,2021-08-22,SMB,North,Basic,Active,sandratate@example.com
CUST_07447,Jason Leach,2022-04-04,Mid-Market,North,Pro,Active,njimenez@example.net
CUST_07448,Valerie Pearson,2021-05-31,SMB,South,Pro,Active,meaganevans@example.net
CUST_07449,Elizabeth Petersen,2022-05-07,SMB,International,Basic,Active,mnguyen@example.com
CUST_07450,David Rodriguez,2022-01-18,SMB,East,Enterprise,Churned,fmcbride@example.org
CUST_07451,Andrew Evans,2024-02-22,Mid-Market,International,Enterprise,Active,ubrock@example.net
CUST_07452,Jessica Hall,2021-08-14,Mid-Market,North,Enterprise,Active,tammy84@example.com
CUST_07453,Michelle Aguirre,2023-01-19,Enterprise,West,Basic,Active,leemichael@example.net
CUST_07454,Michael Taylor,2023-02-04,Enterprise,North,Enterprise,Churned,erinneal@example.com
CUST_07455,Ryan Henry,2022-08-16,Mid-Market,West,Pro,Churned,obrienpaul@example.org
CUST_07456,Aaron Young,2024-04-08,SMB,West,Basic,Active,holsen@example.net
CUST_07457,David Daugherty,2021-12-21,SMB,South,Pro,Active,ashley70@example.com
CUST_07458,Samantha Riley,2023-03-29,Mid-Market,North,Basic,Active,chandlerfelicia@example.org
CUST_07459,Jennifer Mccoy,2022-11-17,Mid-Market,East,Basic,Active,jeffrey35@example.com
CUST_07460,Kevin Kramer,2024-04-17,Enterprise,West,Basic,Active,charlesjones@example.org
CUST_07461,Victoria Ruiz,2024-04-13,Mid-Market,North,Enterprise,Active,yubilly@example.org
CUST_07462,William Howard,2021-05-18,SMB,South,Basic,Active,karawilliams@example.net
CUST_07463,Nathan Reyes,2022-05-30,Mid-Market,South,Enterprise,Active,riceallison@example.com
CUST_07464,Benjamin Griffin,2023-10-06,Mid-Market,West,Pro,Active,linjustin@example.net
CUST_07465,Robert Summers,2021-07-02,Mid-Market,South,Basic,Active,mackrebecca@example.org
CUST_07466,Rachel Barnes,2023-06-03,SMB,North,Basic,Active,fitzgeraldzachary@example.net
CUST_07467,Holly Love,2022-06-20,Mid-Market,North,Enterprise,Active,whitestacy@example.org
CUST_07468,Alejandro Calderon,2021-07-14,SMB,West,Basic,Active,brian45@example.org
CUST_07469,Walter Gonzalez,2021-12-10,Enterprise,West,Basic,Active,dmueller@example.net
CUST_07470,Hannah Richard,2021-03-31,Mid-Market,East,Pro,Active,robin69@example.com
CUST_07471,Madison Edwards,2022-05-20,SMB,West,Enterprise,Active,patrick66@example.com
CUST_07472,Mark Keller,2021-09-02,SMB,West,Basic,Active,robert14@example.org
CUST_07473,Elizabeth Smith,2024-05-16,SMB,East,Pro,Churned,hooddaniel@example.com
CUST_07474,Jermaine Nelson,2023-11-21,SMB,North,Pro,Active,smiththomas@example.net
CUST_07475,Cheryl White,2023-11-07,SMB,South,Enterprise,Churned,melanie83@example.org
CUST_07476,Dr. Steven May,2021-02-21,Enterprise,North,Basic,Active,monicaclark@example.org
CUST_07477,Andrew Peterson,2021-04-09,Enterprise,North,Enterprise,Active,ruizrichard@example.com
CUST_07478,Jennifer Briggs,2023-11-28,SMB,South,Pro,Active,williamsdenise@example.org
CUST_07479,Gregory Miller,2021-03-19,SMB,East,Enterprise,Active,morenopatrick@example.net
CUST_07480,Kathryn Goodwin,2021-07-19,SMB,International,Enterprise,Active,colleenharris@example.com
CUST_07481,Laura Mitchell,2021-10-08,Mid-Market,North,Basic,Active,ralphchapman@example.net
CUST_07482,Thomas Perez,2023-05-31,Enterprise,International,Enterprise,Active,tara55@example.net
CUST_07483,Mariah Gordon,2021-08-24,SMB,North,Enterprise,Churned,tyrone57@example.com
CUST_07484,Michael Rodriguez,2022-01-25,SMB,East,Pro,Active,jillarnold@example.org
CUST_07485,Maurice Medina III,2023-11-09,Mid-Market,West,Pro,Active,oherrera@example.com
CUST_07486,Michael Welch,2022-10-20,SMB,International,Basic,Active,sanchezmichael@example.net
CUST_07487,Brian Everett,2021-11-01,SMB,International,Basic,Churned,christinamartin@example.com
CUST_07488,Wanda Chavez,2023-06-06,Mid-Market,South,Pro,Active,harrisonlisa@example.com
CUST_07489,Ryan Freeman,2021-09-03,SMB,West,Basic,Active,jonesrobert@example.org
CUST_07490,Gregory Tyler,2023-11-16,Mid-Market,International,Pro,Active,emiller@example.net
CUST_07491,Mark Ferguson,2022-12-09,Mid-Market,East,Basic,Active,pmartin@example.com
CUST_07492,Jason Hampton,2023-03-23,Mid-Market,East,Enterprise,Active,hamiltonandrew@example.org
CUST_07493,Lisa Price,2023-03-01,Enterprise,North,Basic,Active,patrick11@example.net
CUST_07494,Chelsea Ray,2022-01-25,SMB,International,Enterprise,Active,mccarthyvalerie@example.com
CUST_07495,Elizabeth Ward,2023-08-25,Enterprise,North,Basic,Active,andrewsnyder@example.org
CUST_07496,Melissa Gonzalez DVM,2024-02-06,SMB,International,Enterprise,Active,waltervargas@example.net
CUST_07497,Michael Wilson,2021-07-22,Mid-Market,North,Basic,Active,zflores@example.net
CUST_07498,David Stewart,2023-01-14,SMB,West,Pro,Active,lauren64@example.net
CUST_07499,Carrie Perry,2021-01-28,Mid-Market,East,Basic,Active,matthewcooper@example.org
CUST_07500,Craig Whitaker,2021-03-16,SMB,North,Basic,Active,beckjean@example.com
CUST_07501,Mark Finley,2021-10-16,Mid-Market,International,Pro,Active,julie91@example.net
CUST_07502,Amanda Holmes,2023-11-11,SMB,East,Pro,Churned,kellygrant@example.net
CUST_07503,Bradley Franklin,2023-02-20,Mid-Market,South,Pro,Active,scotthinton@example.com
CUST_07504,Rhonda Ramos,2021-10-18,Mid-Market,East,Pro,Active,keithcrawford@example.net
CUST_07505,Chelsea Case,2024-01-09,Mid-Market,North,Basic,Active,mcmillanchristopher@example.net
CUST_07506,Steven Henry,2022-06-05,SMB,North,Pro,Churned,wilsonjeremy@example.org
CUST_07507,Victor Henry,2022-12-07,Mid-Market,West,Pro,Active,samueljimenez@example.com
CUST_07508,Zachary Garcia,2021-03-09,SMB,East,Pro,Churned,shawdanielle@example.org
CUST_07509,Antonio Walton,2021-10-02,SMB,International,Enterprise,Active,perezbrian@example.net
CUST_07510,Mikayla Hill,2021-02-24,Enterprise,East,Enterprise,Active,scottalan@example.org
CUST_07511,Stephanie Davenport,2021-10-01,SMB,International,Basic,Active,danielguerrero@example.net
CUST_07512,Sheryl Carpenter,2022-04-03,SMB,South,Pro,Active,jtate@example.com
CUST_07513,Matthew Page,2022-08-01,SMB,International,Basic,Active,marcus18@example.net
CUST_07514,Sierra Collins,2022-05-04,SMB,North,Basic,Active,brookshaley@example.net
CUST_07515,Christina Barr,2023-05-25,Enterprise,West,Pro,Active,christine74@example.com
CUST_07516,Tara Soto,2023-05-15,SMB,International,Pro,Active,cartersteven@example.net
CUST_07517,Cody Nunez,2021-10-06,SMB,East,Basic,Active,glennkristina@example.org
CUST_07518,Stacy Cameron,2021-05-06,SMB,West,Basic,Churned,hbailey@example.net
CUST_07519,Mark Maxwell,2023-08-18,SMB,North,Pro,Active,estephens@example.org
CUST_07520,Jason Jensen,2024-01-24,Mid-Market,North,Basic,Active,cruzmegan@example.net
CUST_07521,Monica Spence,2022-03-31,SMB,West,Enterprise,Churned,rcraig@example.net
CUST_07522,Jessica Glover,2022-10-27,SMB,North,Enterprise,Churned,stephen48@example.net
CUST_07523,Ryan Cole,2021-09-20,Mid-Market,North,Pro,Active,caroline77@example.com
CUST_07524,Mr. Ricky Sims,2023-07-23,SMB,West,Pro,Active,williamssteven@example.org
CUST_07525,Jennifer Anderson,2021-08-07,Mid-Market,North,Pro,Active,kimberlyyoung@example.org
CUST_07526,Diana Barton,2021-07-24,SMB,North,Enterprise,Active,housejennifer@example.com
CUST_07527,Mr. Robert Cole MD,2022-04-11,Mid-Market,International,Basic,Active,jose60@example.net
CUST_07528,Heather Miller,2023-12-31,Mid-Market,West,Basic,Active,ncooley@example.org
CUST_07529,Daniel Little,2021-02-02,SMB,North,Enterprise,Active,lbecker@example.org
CUST_07530,Katie Clay,2024-04-18,SMB,South,Basic,Active,tonyarowe@example.org
CUST_07531,Ruth Cook,2022-09-30,Mid-Market,West,Pro,Active,wsanders@example.org
CUST_07532,Joseph Lewis,2022-05-16,SMB,East,Enterprise,Active,gonzalesjessica@example.net
CUST_07533,Michael Burke,2021-04-22,Mid-Market,North,Basic,Churned,butlerjacob@example.net
CUST_07534,Haley Campbell,2023-05-10,SMB,South,Basic,Active,kelly19@example.com
CUST_07535,Samuel Smith,2023-04-23,SMB,International,Pro,Active,amber67@example.org
CUST_07536,Jeremiah Wise,2021-05-20,Mid-Market,West,Pro,Active,chelsea59@example.com
CUST_07537,Dale Brooks,2023-04-29,SMB,South,Pro,Active,bookerjohn@example.com
CUST_07538,Lynn Chan,2022-08-19,Enterprise,East,Basic,Active,lmaynard@example.com
CUST_07539,Lawrence Martin,2021-05-13,Mid-Market,North,Enterprise,Churned,tbrown@example.org
CUST_07540,Brian Baxter,2022-11-12,SMB,North,Pro,Active,dcoleman@example.org
CUST_07541,Lisa Dixon,2023-10-10,Enterprise,East,Pro,Active,marshalladrian@example.com
CUST_07542,Laura George,2024-04-09,Mid-Market,North,Pro,Active,alvarezchristian@example.net
CUST_07543,Krista Barnett,2023-10-08,SMB,International,Basic,Active,hernandezchristian@example.org
CUST_07544,Lauren Sanders MD,2021-11-11,SMB,East,Pro,Active,samanthacruz@example.net
CUST_07545,David Davis,2021-09-10,SMB,East,Basic,Churned,qnolan@example.org
CUST_07546,Russell Reed,2023-04-16,Enterprise,North,Pro,Active,mark23@example.org
CUST_07547,Gina Matthews,2022-10-22,SMB,South,Basic,Active,wleon@example.com
CUST_07548,Anita Rios,2021-03-29,SMB,International,Basic,Active,slee@example.org
CUST_07549,David Jenkins,2021-01-29,Mid-Market,West,Basic,Active,william50@example.org
CUST_07550,Edward Clark,2022-12-25,Enterprise,East,Pro,Active,rachelstewart@example.net
CUST_07551,William Miller,2021-12-24,SMB,North,Basic,Active,jerry47@example.org
CUST_07552,Marilyn Austin,2024-04-21,SMB,International,Pro,Active,owashington@example.org
CUST_07553,Christine Brown,2022-09-02,Mid-Market,North,Pro,Active,edward48@example.com
CUST_07554,Kevin Cohen,2021-08-24,Mid-Market,International,Basic,Active,jason09@example.org
CUST_07555,Christina Bell,2022-01-04,SMB,South,Basic,Active,bassjoshua@example.com
CUST_07556,Linda Burke,2022-04-27,SMB,West,Basic,Active,dana65@example.org
CUST_07557,Christine Lowery,2023-09-19,SMB,West,Pro,Active,williamskevin@example.net
CUST_07558,Sharon Patterson,2021-09-24,Mid-Market,West,Enterprise,Active,tiffany38@example.com
CUST_07559,Michelle Quinn,2022-10-23,SMB,International,Basic,Churned,johnstoneric@example.org
CUST_07560,Timothy Davis,2024-04-23,SMB,West,Basic,Active,ptrevino@example.net
CUST_07561,Terri Hopkins,2021-06-03,Enterprise,International,Basic,Active,lmartinez@example.org
CUST_07562,Juan Ward,2023-04-26,SMB,East,Basic,Churned,rodriguezheather@example.net
CUST_07563,Edward Berry,2022-06-26,SMB,North,Pro,Active,taylorkayla@example.org
CUST_07564,Alexander Thompson,2023-10-16,Mid-Market,South,Pro,Active,katherinerodriguez@example.org
CUST_07565,Wendy Dean,2021-07-04,Mid-Market,West,Basic,Active,michael67@example.net
CUST_07566,Jerry Martinez,2023-01-25,SMB,West,Basic,Active,nsmith@example.org
CUST_07567,Charles Rush,2021-04-14,SMB,West,Enterprise,Churned,joelbautista@example.net
CUST_07568,Bryce Dennis,2024-03-19,Mid-Market,International,Basic,Active,jamie53@example.com
CUST_07569,Michael Daniels,2023-02-17,Enterprise,East,Basic,Active,tball@example.com
CUST_07570,Miss Madeline Wise,2021-07-11,Mid-Market,International,Basic,Active,andrewsdale@example.com
CUST_07571,Ann Wall,2024-05-04,SMB,West,Basic,Churned,amandabishop@example.org
CUST_07572,Matthew Roberts,2023-05-01,SMB,International,Basic,Active,gkelley@example.com
CUST_07573,Carlos Freeman,2021-06-30,SMB,West,Basic,Churned,alexandracastaneda@example.com
CUST_07574,Melissa Lutz,2023-04-10,SMB,North,Enterprise,Active,jhumphrey@example.net
CUST_07575,Terrance Rubio,2023-06-23,Mid-Market,South,Enterprise,Active,eric63@example.com
CUST_07576,Ms. Cindy Hunt,2021-03-20,SMB,East,Basic,Active,moorejohn@example.com
CUST_07577,Chad Boyd,2023-04-02,Enterprise,South,Pro,Active,ipugh@example.com
CUST_07578,Levi Ramirez,2021-10-25,Enterprise,North,Pro,Active,fcampbell@example.com
CUST_07579,Daniel Adams,2021-06-08,Enterprise,South,Enterprise,Active,cooperbrenda@example.net
CUST_07580,Jasmine Morris,2021-04-24,Enterprise,International,Pro,Active,jay93@example.net
CUST_07581,Edwin Adams,2023-01-16,SMB,North,Pro,Active,joshuabrooks@example.net
CUST_07582,Jackie Ellison,2023-09-03,SMB,International,Basic,Active,zwebb@example.com
CUST_07583,Mitchell Mueller DDS,2023-01-18,SMB,East,Pro,Active,bjohnson@example.com
CUST_07584,Rickey Smith,2024-05-04,SMB,North,Pro,Active,lmcmillan@example.org
CUST_07585,Matthew West,2021-05-06,SMB,East,Basic,Active,greenmichelle@example.net
CUST_07586,Carmen Holmes,2021-03-17,Mid-Market,West,Pro,Active,russellbailey@example.net
CUST_07587,Melinda Gregory,2023-02-26,SMB,International,Pro,Active,morrisronald@example.org
CUST_07588,Shannon Castro,2024-01-30,SMB,South,Basic,Churned,hicksandrew@example.com
CUST_07589,Sarah Wheeler,2021-09-18,SMB,North,Pro,Active,georgejohnson@example.org
CUST_07590,Mark Smith,2021-09-21,Mid-Market,North,Pro,Active,katrina35@example.net
CUST_07591,Karl Lewis,2021-02-10,SMB,South,Pro,Churned,tracyosborne@example.org
CUST_07592,Tina Smith,2022-08-12,Mid-Market,West,Enterprise,Churned,christopher02@example.org
CUST_07593,Justin Yates,2024-05-29,SMB,North,Basic,Active,mary99@example.net
CUST_07594,Danielle Mccormick,2023-02-06,SMB,East,Basic,Churned,sarah26@example.org
CUST_07595,Ryan Evans,2023-08-27,SMB,West,Enterprise,Active,foleytaylor@example.net
CUST_07596,David Barton,2021-11-17,SMB,East,Basic,Churned,henrykristin@example.org
CUST_07597,Kimberly Hernandez,2024-01-25,SMB,North,Basic,Active,gsmith@example.net
CUST_07598,Jackie Johnston,2023-06-15,SMB,International,Basic,Churned,weaverdave@example.com
CUST_07599,Cody Lucas,2021-12-30,SMB,North,Basic,Active,chendricks@example.org
CUST_07600,Lauren Higgins,2024-01-18,Mid-Market,International,Basic,Active,becky11@example.com
CUST_07601,Willie Villanueva,2022-02-02,SMB,South,Pro,Active,richardwall@example.net
CUST_07602,Danielle Martinez,2021-11-17,SMB,South,Pro,Active,christina01@example.org
CUST_07603,Kenneth Hunter,2023-04-25,SMB,East,Enterprise,Churned,josephperez@example.org
CUST_07604,Dr. Melissa Weaver,2023-12-01,Mid-Market,West,Basic,Active,efuller@example.com
CUST_07605,Todd Sandoval,2024-02-02,SMB,North,Enterprise,Active,lisadennis@example.net
CUST_07606,Stephanie Nunez,2024-01-11,SMB,East,Basic,Active,linda19@example.com
CUST_07607,Sean Crawford,2022-12-20,Mid-Market,International,Basic,Active,mcdonaldchristopher@example.org
CUST_07608,Michele Morse,2021-01-25,SMB,North,Basic,Active,michaelrobinson@example.org
CUST_07609,Lori Wilson,2024-02-13,Enterprise,International,Basic,Active,rwhite@example.org
CUST_07610,Nicole Miller,2022-06-17,SMB,East,Pro,Churned,amanda86@example.com
CUST_07611,Timothy Lucero,2024-01-28,Mid-Market,South,Pro,Active,elizabeth87@example.org
CUST_07612,Austin Torres,2022-08-29,Mid-Market,West,Enterprise,Active,rodriguezrachel@example.net
CUST_07613,Lisa Morgan,2023-06-29,Mid-Market,North,Enterprise,Active,carla19@example.org
CUST_07614,Jasmine Powers,2023-09-10,SMB,North,Pro,Active,david33@example.com
CUST_07615,Jenny Dunn,2023-06-01,SMB,International,Basic,Active,jeffrey37@example.com
CUST_07616,Phillip Smith,2022-12-08,Mid-Market,International,Basic,Churned,knightbrian@example.org
CUST_07617,Abigail Ortiz,2023-10-19,Mid-Market,East,Basic,Active,howardmonroe@example.org
CUST_07618,Gregory Baker,2021-08-25,SMB,International,Basic,Active,christopher89@example.net
CUST_07619,Barbara Riley,2023-08-28,Enterprise,North,Enterprise,Active,michele17@example.net
CUST_07620,Dustin Allen,2024-02-29,Mid-Market,International,Pro,Active,staffordrachel@example.com
CUST_07621,Miguel Ferguson,2023-09-24,SMB,International,Basic,Active,anthonycowan@example.net
CUST_07622,Joseph Franklin,2023-12-27,SMB,North,Pro,Active,johnsonadam@example.net
CUST_07623,Louis Davis,2021-07-10,SMB,East,Pro,Active,jacobmata@example.org
CUST_07624,John Chung,2023-06-12,Mid-Market,North,Enterprise,Active,pedrocruz@example.org
CUST_07625,Sara Young,2023-12-10,SMB,East,Pro,Active,griffinaaron@example.net
CUST_07626,Latasha Rios,2022-12-11,Mid-Market,West,Pro,Active,hramirez@example.org
CUST_07627,Jermaine Brown,2024-01-02,SMB,North,Pro,Churned,alexandernicholas@example.org
CUST_07628,Robert Nguyen,2023-03-11,Mid-Market,West,Enterprise,Churned,mariajohnson@example.com
CUST_07629,Nathaniel Roberts,2022-11-26,Mid-Market,South,Enterprise,Active,michael58@example.org
CUST_07630,Angela Diaz,2021-11-20,SMB,North,Pro,Churned,tcruz@example.com
CUST_07631,Justin Sanchez,2023-01-27,Mid-Market,East,Basic,Active,gmoses@example.org
CUST_07632,Jennifer Kelley,2021-06-16,SMB,International,Enterprise,Active,smithcourtney@example.net
CUST_07633,Shelley Holder,2023-02-04,SMB,East,Enterprise,Active,gregorymiller@example.com
CUST_07634,Robert Johnson,2021-09-17,SMB,International,Pro,Active,marshallrodney@example.org
CUST_07635,Carrie Rogers,2021-05-03,SMB,West,Basic,Active,millerjoy@example.net
CUST_07636,Carol Gonzales,2023-06-17,Enterprise,West,Basic,Active,xgarcia@example.org
CUST_07637,Joanna Shaw,2024-03-07,Mid-Market,North,Basic,Churned,larry46@example.com
CUST_07638,Michael Maddox,2023-04-18,Mid-Market,North,Basic,Churned,kingdominique@example.org
CUST_07639,Haley Wallace,2021-10-03,SMB,North,Enterprise,Churned,fstewart@example.org
CUST_07640,Edward Bell,2023-04-13,Mid-Market,International,Enterprise,Active,laura79@example.net
CUST_07641,Heather Larson,2023-01-25,Mid-Market,North,Enterprise,Active,kingmelissa@example.net
CUST_07642,Ryan Downs,2024-01-15,SMB,West,Enterprise,Churned,anthony90@example.com
CUST_07643,Matthew Collins,2021-09-03,Mid-Market,East,Enterprise,Active,vjackson@example.com
CUST_07644,Brian Bailey,2022-10-29,SMB,East,Pro,Active,zvelasquez@example.net
CUST_07645,Kevin Dyer,2023-09-03,SMB,North,Enterprise,Active,ellisrichard@example.net
CUST_07646,Howard Hernandez,2024-04-19,SMB,North,Enterprise,Active,dawn20@example.org
CUST_07647,William Flores,2022-05-22,SMB,West,Pro,Active,wsmith@example.net
CUST_07648,Zachary Ramirez,2024-03-12,SMB,East,Pro,Active,flynnsamuel@example.org
CUST_07649,Garrett Lowe,2021-01-23,SMB,South,Basic,Active,dmoss@example.org
CUST_07650,Wendy Stevens,2023-01-16,SMB,South,Pro,Active,nperry@example.net
CUST_07651,Heather Mckee,2021-02-25,Mid-Market,South,Basic,Active,millerwendy@example.com
CUST_07652,Jason Rogers,2022-01-08,Enterprise,North,Pro,Active,masseyjames@example.com
CUST_07653,George Bauer,2021-11-21,Enterprise,South,Basic,Active,mandyknapp@example.org
CUST_07654,William Arellano,2021-06-10,Mid-Market,East,Basic,Active,jasonlucas@example.org
CUST_07655,Susan Williams,2022-10-17,Mid-Market,East,Basic,Active,michelle30@example.com
CUST_07656,Sheila Ross,2023-06-25,SMB,West,Enterprise,Churned,andre71@example.net
CUST_07657,Virginia Hogan,2024-04-23,SMB,North,Basic,Active,jessewolf@example.com
CUST_07658,Michael Robinson,2023-11-03,SMB,North,Pro,Active,vthompson@example.net
CUST_07659,Gina Parks,2022-02-15,Mid-Market,West,Pro,Active,amy33@example.com
CUST_07660,Chris Cooper,2022-11-25,SMB,West,Basic,Active,hking@example.com
CUST_07661,Jamie Lee,2023-01-30,SMB,North,Pro,Churned,jenniferclark@example.org
CUST_07662,Jeffrey Hendrix,2021-06-18,SMB,North,Pro,Active,owenscody@example.org
CUST_07663,Angela Haynes,2022-01-08,SMB,South,Pro,Churned,matthew41@example.org
CUST_07664,Nicole Garcia,2022-05-12,Enterprise,South,Basic,Active,gardnerjames@example.net
CUST_07665,Adrian Curtis,2023-12-03,SMB,North,Enterprise,Active,eandrews@example.net
CUST_07666,Deborah Terry,2021-11-15,Mid-Market,West,Pro,Churned,crystal76@example.net
CUST_07667,Kevin Dawson,2021-06-22,SMB,North,Pro,Churned,mauricejenkins@example.org
CUST_07668,Bryce Taylor,2023-05-23,Enterprise,International,Basic,Active,kevinrichardson@example.com
CUST_07669,Barbara Petty,2023-12-23,SMB,East,Enterprise,Churned,wpeterson@example.net
CUST_07670,Carrie Vang,2022-02-23,Mid-Market,International,Basic,Active,donovanjackson@example.org
CUST_07671,Walter Cole,2021-09-11,Mid-Market,East,Enterprise,Active,tesparza@example.org
CUST_07672,Mary Lee PhD,2023-04-28,Mid-Market,South,Pro,Churned,sabrina99@example.net
CUST_07673,Patrick Hardin,2022-12-18,Mid-Market,International,Pro,Active,jonesdennis@example.net
CUST_07674,Paul Smith,2022-11-01,Mid-Market,International,Basic,Active,jessicafisher@example.com
CUST_07675,David Williams,2023-06-25,SMB,West,Basic,Active,lunaclarence@example.net
CUST_07676,Danielle Williams,2021-03-22,SMB,North,Basic,Churned,salazardanny@example.net
CUST_07677,Jenna Williams,2023-10-26,SMB,East,Enterprise,Active,jacob04@example.net
CUST_07678,James Butler,2022-10-29,Enterprise,South,Pro,Active,fmckinney@example.org
CUST_07679,Ryan Howard,2023-01-07,Mid-Market,East,Basic,Active,ljennings@example.org
CUST_07680,Michael Moreno,2022-08-14,SMB,North,Basic,Active,joannsmith@example.com
CUST_07681,Catherine Adams,2023-08-15,Enterprise,South,Basic,Active,vasquezwendy@example.net
CUST_07682,Michelle Kelly,2023-04-12,SMB,North,Basic,Active,ubauer@example.com
CUST_07683,Harold Carlson,2021-08-23,SMB,West,Basic,Churned,angelagarcia@example.com
CUST_07684,Benjamin Russo,2021-07-02,SMB,International,Pro,Churned,matthew34@example.com
CUST_07685,Michael Waller,2022-12-31,Mid-Market,South,Pro,Churned,averyrichard@example.net
CUST_07686,Meghan Owens,2022-09-09,Enterprise,South,Enterprise,Churned,grantdustin@example.org
CUST_07687,Deborah Nelson,2023-09-06,SMB,North,Pro,Churned,joshua48@example.com
CUST_07688,Rachel Foster,2023-02-27,SMB,West,Pro,Active,kevin51@example.net
CUST_07689,Bruce Richardson,2022-12-15,SMB,South,Pro,Active,christinewillis@example.com
CUST_07690,Mitchell Castillo,2021-03-25,SMB,East,Pro,Active,jamesriley@example.com
CUST_07691,Joseph Alexander,2022-03-22,Mid-Market,North,Pro,Active,elizabeth12@example.org
CUST_07692,Heather Baker,2022-10-29,SMB,South,Enterprise,Active,paularamsey@example.org
CUST_07693,Jessica Combs,2022-03-29,SMB,North,Basic,Churned,hollowaylaura@example.com
CUST_07694,Mary Brown,2022-01-12,Enterprise,South,Enterprise,Active,phoffman@example.net
CUST_07695,Cindy Ross,2023-04-14,SMB,East,Enterprise,Active,tmartin@example.com
CUST_07696,Travis Lewis,2021-03-13,Mid-Market,West,Pro,Active,montoyachristopher@example.net
CUST_07697,Lauren Lee,2021-02-07,Mid-Market,West,Enterprise,Active,zacharysutton@example.org
CUST_07698,Michelle Ware,2024-01-19,SMB,East,Enterprise,Active,alexander39@example.net
CUST_07699,Mark Morris,2021-08-02,Mid-Market,West,Pro,Active,coxpeter@example.org
CUST_07700,Michael Baker,2021-04-15,SMB,West,Basic,Active,stevenshaw@example.com
CUST_07701,Madison Martin,2021-01-29,SMB,North,Pro,Active,tdonovan@example.com
CUST_07702,Megan Hutchinson,2023-04-13,SMB,South,Basic,Active,kylemeyers@example.org
CUST_07703,Elizabeth Wiggins,2022-04-16,SMB,International,Basic,Active,woneill@example.org
CUST_07704,Shannon Watkins,2022-01-05,SMB,North,Basic,Active,pcooper@example.org
CUST_07705,David Brady,2022-06-19,Mid-Market,South,Basic,Active,amymorris@example.com
CUST_07706,Aaron Martinez,2021-08-17,Mid-Market,South,Basic,Churned,donaldsolomon@example.net
CUST_07707,Maria Shaw,2023-04-05,Mid-Market,North,Pro,Active,harrisdavid@example.org
CUST_07708,Sherri Sanchez,2024-04-11,SMB,International,Basic,Active,andrewknight@example.org
CUST_07709,Cathy Joseph,2022-09-25,SMB,East,Pro,Active,jenniferlivingston@example.org
CUST_07710,Jessica Sexton,2023-11-02,Mid-Market,East,Pro,Active,zwilliams@example.net
CUST_07711,Joseph Horton,2022-03-28,SMB,North,Pro,Churned,angelagray@example.com
CUST_07712,Antonio Conrad,2021-03-17,Mid-Market,International,Pro,Active,georgevanessa@example.com
CUST_07713,Garrett Phelps MD,2022-06-27,Mid-Market,West,Enterprise,Active,qlopez@example.net
CUST_07714,Albert Wilson,2022-11-13,SMB,International,Pro,Churned,robinsonmartin@example.org
CUST_07715,Christopher Walker,2023-05-31,Mid-Market,South,Enterprise,Active,ryangreen@example.com
CUST_07716,Julie Simmons,2021-10-21,SMB,East,Pro,Active,ruth44@example.org
CUST_07717,Brandon Robertson,2023-01-26,SMB,South,Pro,Churned,davidharvey@example.com
CUST_07718,Erin Moses,2021-08-23,SMB,West,Enterprise,Active,wwhite@example.com
CUST_07719,Darren Garcia,2022-06-05,SMB,East,Enterprise,Active,natasha55@example.org
CUST_07720,Rodney Larson,2022-01-23,SMB,North,Pro,Active,alexander83@example.net
CUST_07721,Joel Hernandez,2022-10-29,SMB,East,Pro,Active,kimberly93@example.net
CUST_07722,Nicholas Patel,2023-05-04,Mid-Market,East,Basic,Churned,gwalter@example.net
CUST_07723,Annette Ross,2022-09-29,SMB,West,Basic,Active,shelia28@example.com
CUST_07724,Eric Gonzalez,2021-12-15,SMB,North,Enterprise,Active,gregg36@example.org
CUST_07725,Shawna Cannon,2022-10-29,Enterprise,South,Basic,Active,ocalderon@example.net
CUST_07726,Joe Martin,2023-06-01,Mid-Market,North,Pro,Active,janice00@example.net
CUST_07727,Mandy Bailey,2021-09-09,SMB,South,Basic,Active,debracarter@example.org
CUST_07728,Jessica Austin,2022-12-22,Mid-Market,North,Basic,Active,carrieramos@example.net
CUST_07729,Sarah Williams,2021-10-17,Enterprise,South,Enterprise,Active,william91@example.com
CUST_07730,Allison Howard,2023-10-28,Mid-Market,International,Basic,Active,george48@example.com
CUST_07731,Mackenzie Parker,2021-12-19,SMB,International,Basic,Active,victor14@example.org
CUST_07732,Shannon Solomon,2022-01-21,Mid-Market,North,Pro,Active,kfreeman@example.com
CUST_07733,Angela Wolfe,2022-03-10,Enterprise,West,Pro,Active,kbishop@example.org
CUST_07734,Taylor Gonzalez,2023-04-13,SMB,North,Pro,Active,fullerraymond@example.net
CUST_07735,Adam Hale,2021-09-14,SMB,International,Basic,Active,onorris@example.org
CUST_07736,Melissa Arias,2022-11-19,SMB,South,Pro,Active,thomas91@example.com
CUST_07737,Ernest Mcknight,2022-08-23,SMB,East,Enterprise,Active,katiewu@example.com
CUST_07738,Shawn Cooke,2022-08-26,SMB,West,Pro,Active,dunderwood@example.com
CUST_07739,George Osborne,2022-02-02,Mid-Market,South,Pro,Active,samantha67@example.net
CUST_07740,Jason Sutton,2023-10-11,Mid-Market,East,Pro,Churned,grayjoel@example.org
CUST_07741,Michele Davis,2023-04-18,SMB,International,Pro,Active,xtrujillo@example.net
CUST_07742,Wanda Taylor,2022-11-08,SMB,International,Pro,Churned,whiteheaddavid@example.net
CUST_07743,John Martin MD,2022-03-05,SMB,East,Enterprise,Active,joshuasingh@example.org
CUST_07744,Adam Christian,2022-02-27,Enterprise,North,Basic,Active,martinsandra@example.net
CUST_07745,Melissa Glover,2022-09-12,SMB,South,Pro,Churned,nelsonbrian@example.org
CUST_07746,Amber Miller,2022-02-13,Mid-Market,North,Pro,Churned,dburnett@example.com
CUST_07747,Anna Edwards,2021-07-16,Mid-Market,International,Enterprise,Active,gcarroll@example.net
CUST_07748,Denise Anderson,2021-01-24,Enterprise,East,Pro,Active,lopezcarlos@example.com
CUST_07749,Michael Moore,2024-05-07,Mid-Market,International,Pro,Active,gbrady@example.org
CUST_07750,Amanda White,2023-01-19,SMB,International,Pro,Active,shane36@example.net
CUST_07751,Gary White,2022-05-09,Enterprise,West,Basic,Active,erika02@example.com
CUST_07752,Ashley Flores,2022-06-17,SMB,East,Basic,Active,raymond69@example.net
CUST_07753,Scott Webb,2023-02-13,SMB,North,Pro,Active,ashleyhernandez@example.org
CUST_07754,Michelle Mills,2023-02-18,Enterprise,North,Pro,Active,gbray@example.com
CUST_07755,Cynthia Carey,2021-12-24,Mid-Market,North,Basic,Active,kari45@example.org
CUST_07756,Theresa Sawyer,2024-05-24,Mid-Market,East,Enterprise,Churned,dunnashley@example.net
CUST_07757,Curtis Palmer,2024-02-01,SMB,North,Enterprise,Active,pedro98@example.org
CUST_07758,Kristin Ramirez,2021-07-23,Enterprise,South,Enterprise,Active,shannongonzalez@example.net
CUST_07759,James Montes,2021-09-14,SMB,International,Basic,Churned,christine41@example.net
CUST_07760,Sierra Aguirre,2023-09-11,SMB,South,Basic,Active,qgreene@example.com
CUST_07761,Bradley Young,2023-03-20,SMB,West,Pro,Churned,kschultz@example.com
CUST_07762,Alicia Malone,2023-09-06,SMB,North,Pro,Active,huangkayla@example.org
CUST_07763,Joseph Smith,2023-05-07,Mid-Market,East,Enterprise,Active,smithdana@example.net
CUST_07764,Adam Little,2021-07-10,Enterprise,South,Pro,Active,conniehenderson@example.net
CUST_07765,Aaron Hernandez,2021-08-21,SMB,International,Enterprise,Churned,stephaniemartinez@example.net
CUST_07766,Jennifer Smith,2021-04-21,Mid-Market,International,Basic,Active,lori32@example.net
CUST_07767,Crystal Simpson,2022-02-09,SMB,South,Basic,Active,kevintaylor@example.org
CUST_07768,Shirley Atkinson,2021-11-14,Mid-Market,International,Basic,Churned,angelavilla@example.net
CUST_07769,Peter Silva,2023-03-13,Enterprise,West,Enterprise,Active,amber22@example.org
CUST_07770,Cheryl Thompson,2022-08-06,SMB,East,Pro,Active,roger61@example.net
CUST_07771,Jill Williams,2023-12-08,SMB,West,Basic,Active,mirandaricardo@example.org
CUST_07772,Susan Allen,2021-12-11,SMB,North,Pro,Active,seanmullins@example.com
CUST_07773,Melanie White,2021-11-09,SMB,International,Enterprise,Active,melvin54@example.com
CUST_07774,Christian Johnson,2021-12-24,SMB,East,Basic,Active,marksveronica@example.net
CUST_07775,Mandy Ritter,2022-05-25,Mid-Market,South,Basic,Active,kelsey22@example.net
CUST_07776,Michael Chavez,2023-01-24,SMB,East,Enterprise,Churned,robinsonjohnny@example.com
CUST_07777,Kelly Logan,2022-09-30,SMB,South,Pro,Active,olarsen@example.org
CUST_07778,Nicole Beasley,2024-03-21,Mid-Market,North,Pro,Churned,rossadam@example.net
CUST_07779,Danielle Fowler,2023-04-22,SMB,North,Enterprise,Active,bfreeman@example.net
CUST_07780,Karen Cox,2023-01-07,SMB,West,Basic,Active,bonnie77@example.org
CUST_07781,Susan Stewart,2022-11-20,SMB,South,Pro,Active,jeremycook@example.org
CUST_07782,Kathleen Cordova,2023-10-21,SMB,North,Basic,Active,lopezamanda@example.net
CUST_07783,Tonya Harrington,2022-01-21,SMB,North,Pro,Churned,nguyenbrooke@example.com
CUST_07784,Judy Gill,2022-04-10,SMB,International,Basic,Active,stevenrodgers@example.net
CUST_07785,Patrick Valenzuela,2022-01-31,SMB,North,Pro,Churned,zjacobs@example.org
CUST_07786,Andrew Andrews,2024-04-04,Enterprise,West,Enterprise,Active,eric42@example.com
CUST_07787,Brian Cole,2021-03-05,Enterprise,South,Basic,Active,rachaelgriffin@example.org
CUST_07788,Samuel Steele,2022-03-04,SMB,International,Basic,Active,brownsean@example.net
CUST_07789,Michael Gibson,2021-12-23,Enterprise,North,Enterprise,Active,timothy51@example.org
CUST_07790,Jody Torres,2023-03-06,Mid-Market,North,Pro,Active,jorge99@example.net
CUST_07791,Amanda Fletcher,2022-04-10,Enterprise,West,Basic,Active,haynestracy@example.com
CUST_07792,Sarah Dawson,2021-11-16,Mid-Market,International,Basic,Active,younglisa@example.com
CUST_07793,Ms. Brandy Craig,2021-09-05,Enterprise,West,Pro,Active,goodalec@example.org
CUST_07794,Bryan Ferguson,2022-05-28,SMB,International,Basic,Churned,chanjasmine@example.net
CUST_07795,Robert Jensen,2023-01-12,SMB,East,Pro,Churned,brianlarsen@example.net
CUST_07796,Taylor Lee,2022-11-13,Enterprise,North,Enterprise,Active,joseph13@example.com
CUST_07797,Ashley Huynh,2021-11-19,Mid-Market,East,Enterprise,Active,laura04@example.net
CUST_07798,Lori Mccann,2023-08-25,SMB,South,Basic,Active,wiseamber@example.net
CUST_07799,Ryan Knight,2021-02-27,Mid-Market,North,Basic,Churned,devinthompson@example.net
CUST_07800,Roy Fox,2023-02-10,Mid-Market,East,Enterprise,Active,rebeccayoung@example.net
CUST_07801,Sarah Foster,2023-05-18,Enterprise,South,Basic,Churned,sotorobert@example.org
CUST_07802,Jeffrey Stevens,2023-07-02,Mid-Market,North,Basic,Active,clozano@example.org
CUST_07803,Sarah Riley,2023-01-23,Mid-Market,East,Pro,Active,amy70@example.com
CUST_07804,Melissa Rush,2023-10-13,SMB,North,Basic,Active,qbradford@example.com
CUST_07805,Laurie Wilson,2022-12-14,SMB,West,Pro,Churned,christopher15@example.com
CUST_07806,Jessica Bonilla,2023-12-07,SMB,East,Basic,Active,matthew73@example.org
CUST_07807,Wendy Burgess,2021-08-25,SMB,East,Enterprise,Active,gtaylor@example.com
CUST_07808,Danny Anderson,2021-08-05,SMB,North,Enterprise,Active,zpennington@example.org
CUST_07809,Dr. Jaime Wilson,2022-06-23,SMB,South,Basic,Churned,megan27@example.net
CUST_07810,Stephanie Thomas,2023-01-17,Mid-Market,South,Enterprise,Active,grimesjacqueline@example.org
CUST_07811,Nicholas Reyes,2022-02-22,SMB,North,Pro,Active,amberbutler@example.com
CUST_07812,Rebecca Gonzales,2022-06-25,SMB,West,Pro,Churned,halexander@example.net
CUST_07813,Melody Russell,2024-05-07,SMB,South,Basic,Active,jacob46@example.net
CUST_07814,Terrence Mitchell,2022-12-22,SMB,North,Basic,Active,austinlaura@example.org
CUST_07815,Matthew Best,2021-09-08,SMB,North,Basic,Active,sdavis@example.com
CUST_07816,Jennifer Moore,2021-07-02,SMB,South,Enterprise,Active,annettehines@example.com
CUST_07817,Jean Smith,2021-08-21,Mid-Market,International,Basic,Churned,katelynharper@example.net
CUST_07818,Angela Smith,2021-07-05,Enterprise,North,Basic,Active,olsonjacqueline@example.net
CUST_07819,Shawn Braun,2021-11-29,SMB,North,Enterprise,Churned,jessicaharris@example.net
CUST_07820,Kevin Washington,2023-01-03,Mid-Market,East,Basic,Active,clarkisaac@example.com
CUST_07821,Jose Weber,2021-05-11,Mid-Market,North,Basic,Active,colleenhernandez@example.com
CUST_07822,Deanna Carter,2022-08-19,SMB,International,Enterprise,Active,joseph54@example.com
CUST_07823,Theresa Wallace,2023-06-16,SMB,West,Pro,Active,lfletcher@example.com
CUST_07824,Jeffrey Rhodes,2023-05-13,SMB,North,Enterprise,Active,enielsen@example.com
CUST_07825,Jason Myers,2021-05-23,Mid-Market,North,Enterprise,Active,xcole@example.net
CUST_07826,Beth Smith,2022-08-21,Mid-Market,South,Enterprise,Active,emartinez@example.com
CUST_07827,Kim Martin,2023-12-18,SMB,International,Basic,Churned,jbennett@example.org
CUST_07828,Nathan Gates,2022-08-25,Mid-Market,East,Enterprise,Churned,rhondastephens@example.net
CUST_07829,Katherine Johnson,2022-06-20,Enterprise,International,Basic,Active,thompsontonya@example.org
CUST_07830,Terri Villanueva,2022-12-14,Mid-Market,International,Enterprise,Churned,leslierocha@example.net
CUST_07831,Ashley Hamilton,2023-05-16,SMB,North,Pro,Active,johnsonsusan@example.com
CUST_07832,Michael Avila,2023-05-20,Enterprise,East,Enterprise,Active,franklinjames@example.com
CUST_07833,Walter Romero,2023-06-07,Mid-Market,North,Enterprise,Active,kelly72@example.net
CUST_07834,Thomas King,2021-03-11,Mid-Market,North,Enterprise,Active,camachomichael@example.net
CUST_07835,Andrew Sanchez,2022-03-13,SMB,North,Basic,Active,hartchad@example.org
CUST_07836,Marie Hernandez,2022-08-19,SMB,International,Pro,Active,zrocha@example.net
CUST_07837,Thomas Guerrero,2021-01-25,SMB,East,Enterprise,Active,anthonymata@example.com
CUST_07838,Patrick Williams,2023-09-18,SMB,North,Enterprise,Active,nancyalvarez@example.org
CUST_07839,Jason Zamora,2023-02-09,SMB,South,Pro,Churned,alyssa41@example.net
CUST_07840,Jamie Elliott,2021-01-29,SMB,North,Enterprise,Churned,hawkinslisa@example.org
CUST_07841,April Griffith,2022-07-24,SMB,International,Basic,Active,victoria65@example.org
CUST_07842,Gabriella Knox,2022-07-02,SMB,North,Enterprise,Active,benjamin68@example.com
CUST_07843,Hannah Drake,2024-05-31,Mid-Market,West,Pro,Active,heatherbrown@example.org
CUST_07844,Joel Lin,2023-05-24,Mid-Market,North,Pro,Active,mzimmerman@example.net
CUST_07845,Charles Sheppard,2022-05-10,Mid-Market,South,Enterprise,Churned,thomas50@example.org
CUST_07846,Gabrielle Wright,2022-10-17,SMB,West,Pro,Churned,batesolivia@example.org
CUST_07847,Caroline Adams,2021-02-07,SMB,North,Enterprise,Churned,erica95@example.com
CUST_07848,Danielle Smith,2024-02-15,SMB,East,Pro,Active,amy54@example.com
CUST_07849,Jeremiah Young,2023-01-05,Mid-Market,West,Pro,Churned,falexander@example.net
CUST_07850,Adam Wallace,2022-12-27,Enterprise,West,Pro,Churned,russellamy@example.com
CUST_07851,Jared Webb,2021-05-19,Mid-Market,North,Enterprise,Active,alexander90@example.com
CUST_07852,Nathan Jackson,2021-04-12,Mid-Market,South,Basic,Active,porterjoshua@example.org
CUST_07853,Benjamin Walters,2021-12-19,Mid-Market,East,Enterprise,Active,kevin02@example.net
CUST_07854,Tony Cox,2022-12-11,Mid-Market,North,Pro,Active,andrew58@example.com
CUST_07855,Andrea Fowler,2023-02-20,Enterprise,West,Pro,Active,lindseymedina@example.com
CUST_07856,Amanda Anderson,2021-02-23,SMB,International,Pro,Active,theresaorr@example.org
CUST_07857,Patricia Humphrey,2023-03-18,SMB,West,Pro,Active,nlopez@example.org
CUST_07858,Nancy Bell,2021-08-30,Mid-Market,North,Enterprise,Active,peter07@example.org
CUST_07859,Rebecca Baker,2021-11-01,SMB,International,Pro,Active,ellen17@example.com
CUST_07860,Angela Martin,2022-01-15,SMB,International,Basic,Active,beardarthur@example.net
CUST_07861,Erin Harris,2022-03-15,SMB,North,Basic,Active,camposjohn@example.net
CUST_07862,Jennifer Miranda,2023-05-20,Mid-Market,South,Enterprise,Churned,hrogers@example.net
CUST_07863,Lisa Ward,2021-07-08,SMB,International,Basic,Churned,william53@example.com
CUST_07864,Mary Gamble,2022-01-22,SMB,West,Pro,Churned,simmonsrobert@example.net
CUST_07865,Jared Miller,2022-06-05,Mid-Market,West,Pro,Churned,tmitchell@example.net
CUST_07866,Rick Miller,2021-11-06,SMB,South,Pro,Churned,wmcknight@example.com
CUST_07867,Joel Woodard,2023-09-13,Mid-Market,East,Basic,Active,cjohnson@example.net
CUST_07868,Rebecca Rojas,2022-08-12,Mid-Market,North,Pro,Churned,larrymoody@example.com
CUST_07869,Tony Hall,2024-03-06,Enterprise,South,Enterprise,Active,melissamccarthy@example.com
CUST_07870,Tyler Barber,2021-01-05,SMB,North,Enterprise,Active,ronald27@example.com
CUST_07871,Bradley Day,2024-01-27,SMB,West,Basic,Active,zmartin@example.net
CUST_07872,Angela Brown,2023-03-21,SMB,East,Enterprise,Churned,david92@example.org
CUST_07873,Gabriel Sanders,2022-12-15,SMB,East,Pro,Active,hendersonkathleen@example.com
CUST_07874,Tammy Williams,2021-05-27,Mid-Market,North,Pro,Churned,kwalters@example.org
CUST_07875,Cynthia Cook,2021-05-31,Enterprise,North,Basic,Active,zacharyharris@example.org
CUST_07876,Brandon Perkins,2022-01-20,Mid-Market,East,Basic,Active,michaelmitchell@example.com
CUST_07877,Melissa Shaw,2023-04-10,SMB,International,Basic,Active,julieeverett@example.com
CUST_07878,Frank Green,2022-08-14,Mid-Market,West,Pro,Active,xmoon@example.org
CUST_07879,Alex Hernandez,2021-09-16,SMB,North,Basic,Churned,smithandrew@example.org
CUST_07880,Jennifer Sweeney,2022-05-26,SMB,East,Enterprise,Active,gcastro@example.net
CUST_07881,Jennifer Scott,2021-05-02,Mid-Market,West,Pro,Active,myersterri@example.com
CUST_07882,Paula Reed,2024-04-12,SMB,South,Pro,Active,michellelynch@example.com
CUST_07883,Candice Brown,2022-12-25,Enterprise,International,Pro,Active,moorelisa@example.net
CUST_07884,Tyler Richardson,2021-12-14,Mid-Market,East,Pro,Churned,lmurphy@example.org
CUST_07885,Angel Vargas,2024-02-09,SMB,West,Basic,Churned,hmcgee@example.com
CUST_07886,Chad Goodwin,2024-05-05,Mid-Market,North,Basic,Active,jasonjohnson@example.net
CUST_07887,Paul Andrade,2023-07-09,Enterprise,North,Basic,Active,wilsonsteven@example.com
CUST_07888,Alejandro Walker,2022-05-20,Mid-Market,East,Pro,Active,hbaker@example.com
CUST_07889,Alexandra Kelley,2023-06-16,Mid-Market,International,Pro,Active,codyanderson@example.org
CUST_07890,Scott Nash,2022-03-04,SMB,North,Pro,Active,josephjimenez@example.org
CUST_07891,John Jones,2022-09-20,SMB,South,Pro,Active,francotammy@example.org
CUST_07892,Brian Rodriguez,2021-02-01,Mid-Market,International,Basic,Churned,ann66@example.net
CUST_07893,Kristin Ellison,2023-11-06,SMB,South,Enterprise,Active,chelseagibson@example.org
CUST_07894,Bianca Rice,2021-07-27,SMB,East,Enterprise,Active,moorealicia@example.net
CUST_07895,Sarah Galloway,2022-01-02,SMB,East,Basic,Active,paigerichardson@example.com
CUST_07896,Victoria Jones,2021-10-07,SMB,South,Pro,Active,sandovalemily@example.net
CUST_07897,Deborah Rhodes,2024-02-08,SMB,East,Pro,Active,david35@example.net
CUST_07898,Tony Miller,2022-03-25,SMB,West,Pro,Active,kdiaz@example.net
CUST_07899,George Mccarty PhD,2022-10-20,SMB,South,Pro,Active,michael99@example.org
CUST_07900,Charles Spears,2023-07-03,SMB,West,Basic,Active,taylordanielle@example.org
CUST_07901,Mary Smith,2021-05-05,Mid-Market,International,Pro,Active,vjones@example.net
CUST_07902,Ryan Dunlap,2022-04-23,SMB,West,Pro,Churned,thomassamantha@example.org
CUST_07903,Jason Washington,2021-07-11,SMB,West,Enterprise,Active,fgomez@example.org
CUST_07904,Kelsey Arnold,2022-03-28,SMB,South,Pro,Churned,kevin55@example.net
CUST_07905,Michael Reyes,2022-01-25,Mid-Market,North,Basic,Active,ianwilliamson@example.net
CUST_07906,Renee Campbell,2023-08-14,Enterprise,East,Pro,Churned,stevensandrew@example.com
CUST_07907,Mr. Charles Robinson PhD,2022-03-09,SMB,East,Pro,Churned,cwebster@example.com
CUST_07908,Sandra King DDS,2021-04-15,Enterprise,North,Pro,Active,pthomas@example.com
CUST_07909,Tracey Esparza,2021-04-03,Mid-Market,East,Enterprise,Active,staceychen@example.net
CUST_07910,Mary Cook,2023-07-09,SMB,West,Basic,Active,owalter@example.org
CUST_07911,John Johnson,2023-09-07,Mid-Market,East,Basic,Active,adriana07@example.com
CUST_07912,Shaun Rich,2023-05-20,Mid-Market,South,Enterprise,Active,matthew82@example.com
CUST_07913,Elizabeth Hansen,2022-11-18,SMB,East,Pro,Active,heatherfoster@example.org
CUST_07914,Gail Coleman,2021-09-03,Mid-Market,International,Enterprise,Churned,kevinclark@example.org
CUST_07915,Melanie Taylor,2021-03-12,SMB,International,Enterprise,Active,melodyjones@example.com
CUST_07916,John Pennington,2021-02-16,SMB,International,Enterprise,Active,wrightbrian@example.net
CUST_07917,Nancy Nolan,2024-01-06,Mid-Market,South,Enterprise,Churned,weaverheather@example.org
CUST_07918,Jon Kirk,2023-04-29,SMB,International,Enterprise,Active,holtandrew@example.com
CUST_07919,Andrew Gallagher,2022-10-22,SMB,South,Enterprise,Active,rothbriana@example.org
CUST_07920,Amanda Carpenter,2024-01-09,SMB,International,Pro,Active,dterry@example.net
CUST_07921,Karen Frye,2022-01-15,SMB,South,Pro,Churned,elizabeth65@example.com
CUST_07922,Elizabeth Martin,2023-01-11,Mid-Market,International,Basic,Active,melissagonzales@example.net
CUST_07923,George Steele,2022-10-30,SMB,International,Enterprise,Active,larry29@example.org
CUST_07924,Glenn Miller II,2021-12-23,SMB,East,Basic,Churned,david67@example.com
CUST_07925,Brenda Lopez,2024-05-16,SMB,West,Pro,Active,christophercruz@example.net
CUST_07926,Heather Lee,2021-05-27,SMB,International,Basic,Churned,cantrellchelsea@example.com
CUST_07927,Dwayne Francis,2021-03-10,Mid-Market,South,Pro,Active,elizabethbryant@example.com
CUST_07928,Daniel Thompson,2021-02-09,SMB,East,Basic,Active,robertsjohn@example.com
CUST_07929,Christy Thomas,2023-06-07,SMB,South,Enterprise,Active,virginiagillespie@example.com
CUST_07930,Christina Simon,2021-03-24,SMB,North,Basic,Active,crystaldurham@example.com
CUST_07931,Claudia Marks,2023-01-05,Enterprise,South,Basic,Active,iflores@example.com
CUST_07932,Jordan Lara,2024-01-02,SMB,North,Pro,Active,kevin69@example.net
CUST_07933,Haley Walsh DDS,2024-02-04,Mid-Market,North,Basic,Active,brobinson@example.net
CUST_07934,John Dixon,2022-10-10,Enterprise,South,Basic,Active,yvonne14@example.net
CUST_07935,Melissa Day,2023-08-22,Enterprise,East,Enterprise,Active,sherylwarren@example.net
CUST_07936,Joseph Ortiz,2021-12-16,SMB,East,Basic,Active,stevensandrew@example.com
CUST_07937,Timothy Reed,2023-02-03,Enterprise,South,Enterprise,Churned,michael10@example.com
CUST_07938,Renee Garrett,2021-02-16,SMB,South,Basic,Active,hartrichard@example.net
CUST_07939,Stacey Miller,2021-05-25,Enterprise,South,Enterprise,Active,browncharles@example.net
CUST_07940,Cameron Bryant,2023-09-13,Mid-Market,West,Pro,Active,colonjessica@example.com
CUST_07941,Maria Kelly,2023-03-05,SMB,West,Enterprise,Active,qjackson@example.org
CUST_07942,Anthony Fowler,2021-03-23,SMB,North,Enterprise,Active,stricklandrichard@example.com
CUST_07943,Adam Baker,2022-05-22,SMB,North,Enterprise,Churned,kathryn68@example.org
CUST_07944,Patricia Jacobs,2022-09-22,SMB,North,Pro,Active,jennifer19@example.net
CUST_07945,Carlos Wright,2022-07-24,Enterprise,International,Pro,Active,cmccarthy@example.net
CUST_07946,David Peterson,2023-11-01,Mid-Market,International,Basic,Active,idiaz@example.org
CUST_07947,Cynthia Johnson,2024-01-16,SMB,South,Basic,Churned,michellehicks@example.net
CUST_07948,Mallory Nguyen,2022-05-11,SMB,International,Enterprise,Active,stephanie31@example.com
CUST_07949,Tony Mclaughlin,2022-07-26,SMB,West,Basic,Active,mary63@example.org
CUST_07950,Kelly Hughes,2024-03-30,SMB,West,Pro,Active,psavage@example.org
CUST_07951,Kathleen Ayers,2022-06-30,SMB,North,Enterprise,Active,michaelfleming@example.com
CUST_07952,Heidi Lopez,2022-09-19,Mid-Market,International,Pro,Churned,walkercody@example.com
CUST_07953,Jeremy Haley,2024-01-20,Enterprise,South,Pro,Active,glee@example.org
CUST_07954,Ryan Smith,2021-11-13,Mid-Market,West,Enterprise,Active,joshua07@example.com
CUST_07955,Stephen Rodriguez,2023-10-10,Mid-Market,West,Pro,Active,oholt@example.net
CUST_07956,Jason Vaughn,2023-03-25,SMB,North,Pro,Active,christopherrich@example.org
CUST_07957,Diana Santos,2024-03-17,SMB,West,Pro,Active,xrivas@example.org
CUST_07958,Jessica Patel,2022-07-16,Mid-Market,South,Pro,Active,jessica58@example.com
CUST_07959,Eric Thompson,2023-07-20,Mid-Market,International,Pro,Churned,scottwebb@example.com
CUST_07960,Beverly Spencer,2023-06-24,Enterprise,South,Pro,Active,hendersonryan@example.com
CUST_07961,Christopher Garza,2021-04-28,SMB,International,Pro,Active,jonathan45@example.org
CUST_07962,Leah Sullivan,2023-01-18,Enterprise,North,Basic,Active,jphillips@example.org
CUST_07963,Aimee Chang,2022-03-08,SMB,East,Basic,Churned,alexisclark@example.com
CUST_07964,Ruben Burns,2021-02-01,Mid-Market,West,Pro,Active,vegaapril@example.org
CUST_07965,Shaun Osborn,2024-03-23,Mid-Market,South,Enterprise,Churned,jacob37@example.org
CUST_07966,Michael Cunningham,2022-03-12,SMB,South,Enterprise,Active,tmartinez@example.net
CUST_07967,Luke Hicks,2023-05-02,SMB,West,Pro,Active,gabrielhurst@example.org
CUST_07968,Clinton Mcpherson,2023-09-05,SMB,West,Enterprise,Active,qvilla@example.net
CUST_07969,Kent Lee,2022-12-29,SMB,South,Enterprise,Active,travis13@example.com
CUST_07970,Gina Macias,2021-10-04,SMB,International,Pro,Active,ichandler@example.org
CUST_07971,Bradley Vega,2023-01-08,SMB,West,Pro,Active,tiffanysolomon@example.org
CUST_07972,Alexandria Hernandez,2024-01-08,Mid-Market,North,Pro,Active,dean03@example.org
CUST_07973,Kimberly Davidson,2022-03-20,SMB,South,Basic,Active,nathan35@example.org
CUST_07974,Beth Edwards,2022-07-06,SMB,West,Basic,Active,mallen@example.com
CUST_07975,Keith Bowman,2023-03-11,SMB,West,Pro,Active,richardmorgan@example.com
CUST_07976,Tami Jensen,2022-11-24,SMB,North,Pro,Active,uweaver@example.net
CUST_07977,Daniel Schneider,2022-11-15,SMB,International,Basic,Churned,kelly55@example.org
CUST_07978,Linda Jimenez,2021-01-21,SMB,North,Basic,Active,travisstewart@example.com
CUST_07979,Brooke Clark,2023-12-18,Mid-Market,East,Enterprise,Active,arodriguez@example.com
CUST_07980,Robert Lopez,2022-11-01,SMB,South,Basic,Active,morrisonconnor@example.com
CUST_07981,Jamie Jackson,2024-02-12,SMB,International,Pro,Active,wbryant@example.com
CUST_07982,Deanna Berry,2023-05-24,Mid-Market,North,Enterprise,Active,glasssarah@example.com
CUST_07983,Terri Patterson,2024-01-12,Enterprise,South,Pro,Churned,vanessa65@example.org
CUST_07984,Tanya Coleman,2022-09-20,SMB,South,Enterprise,Churned,theresa07@example.com
CUST_07985,Hannah Gonzalez,2022-08-08,Mid-Market,East,Enterprise,Active,jorgediaz@example.org
CUST_07986,Cindy Turner,2023-03-27,Mid-Market,East,Basic,Active,robert51@example.com
CUST_07987,Brittany Bush,2023-08-15,Mid-Market,East,Basic,Active,meghanwheeler@example.com
CUST_07988,Mr. Keith West,2022-08-13,Mid-Market,North,Basic,Active,elizabeth61@example.org
CUST_07989,Thomas Vega,2023-05-28,Enterprise,North,Basic,Active,kimevans@example.org
CUST_07990,John Carpenter,2021-12-22,Enterprise,East,Enterprise,Active,vperkins@example.org
CUST_07991,Brittany Chambers,2021-06-01,Mid-Market,South,Basic,Active,aguirredawn@example.org
CUST_07992,Tina Molina,2023-11-10,SMB,East,Pro,Churned,christiestone@example.org
CUST_07993,Nicholas Miles,2021-05-10,Enterprise,North,Pro,Active,qwest@example.com
CUST_07994,Jo Hatfield,2024-04-01,SMB,West,Pro,Churned,agonzalez@example.com
CUST_07995,Brandon Davis,2021-12-31,Mid-Market,South,Enterprise,Active,john18@example.org
CUST_07996,Larry Mcmahon,2022-07-25,Mid-Market,North,Enterprise,Active,gordonkathryn@example.net
CUST_07997,Brian Perez,2024-03-28,Enterprise,West,Basic,Active,badams@example.com
CUST_07998,Angela Brown,2021-12-24,SMB,North,Pro,Active,jennifer98@example.net
CUST_07999,Richard Bradford,2021-05-20,Mid-Market,North,Enterprise,Active,yroberts@example.org
CUST_08000,Charles Wallace,2021-07-13,SMB,International,Pro,Churned,phillipschristopher@example.org
CUST_08001,Kelly Murphy,2021-06-18,SMB,North,Pro,Active,debrajohnson@example.org
CUST_08002,David Chavez,2021-05-02,Enterprise,North,Basic,Active,jeffrey18@example.net
CUST_08003,Mrs. Emily Oneill,2023-06-06,SMB,South,Basic,Active,jonathanjohnson@example.org
CUST_08004,Tracey Weaver,2022-08-18,Mid-Market,International,Basic,Active,jordan99@example.net
CUST_08005,Margaret Santana,2022-08-11,SMB,East,Basic,Active,ohampton@example.org
CUST_08006,Amy Jones,2023-09-09,SMB,North,Basic,Churned,dkim@example.com
CUST_08007,Patricia Mclaughlin,2022-05-14,SMB,South,Pro,Churned,margaret79@example.org
CUST_08008,Erica Lambert,2021-10-07,SMB,South,Basic,Active,vnelson@example.net
CUST_08009,Courtney Ward,2021-06-02,Enterprise,North,Pro,Active,lindsey87@example.com
CUST_08010,Mary Medina,2022-02-10,Mid-Market,South,Enterprise,Churned,wcampbell@example.net
CUST_08011,Diane Ewing,2022-09-18,Mid-Market,South,Pro,Active,hernandezjuan@example.com
CUST_08012,Lance Day,2023-03-20,SMB,East,Basic,Active,zwilliams@example.org
CUST_08013,Darius Taylor,2022-05-08,SMB,East,Enterprise,Active,jennifer36@example.org
CUST_08014,Ryan Downs,2024-05-02,SMB,West,Pro,Churned,ubrown@example.com
CUST_08015,Ryan Martin,2021-12-06,Mid-Market,South,Pro,Active,tyler54@example.net
CUST_08016,Andrew Owen MD,2021-06-20,SMB,East,Pro,Churned,robert46@example.net
CUST_08017,Kayla Riggs,2021-12-05,Enterprise,International,Basic,Active,richard01@example.com
CUST_08018,Kathryn Spencer,2022-01-10,SMB,South,Enterprise,Active,ygibson@example.com
CUST_08019,Faith Quinn,2021-06-02,Mid-Market,East,Pro,Active,christine53@example.net
CUST_08020,Darrell Myers,2021-06-08,Enterprise,North,Basic,Active,baxterashley@example.org
CUST_08021,Nicholas Wright,2021-10-03,Enterprise,East,Enterprise,Active,ojoyce@example.com
CUST_08022,Sherry Leon,2023-07-24,SMB,West,Basic,Churned,tracey36@example.net
CUST_08023,Noah Smith,2021-07-24,SMB,South,Pro,Churned,shannonmcdonald@example.net
CUST_08024,Joshua Stephens,2021-06-11,Mid-Market,South,Enterprise,Active,zmitchell@example.org
CUST_08025,Amanda Copeland,2021-03-04,Mid-Market,West,Enterprise,Active,kevin65@example.com
CUST_08026,Michael Curry,2023-06-27,SMB,South,Pro,Active,peterhester@example.net
CUST_08027,Ashley Hendricks,2021-04-28,SMB,North,Basic,Active,lauracochran@example.org
CUST_08028,Anthony Mitchell,2023-08-03,SMB,International,Pro,Churned,collinhall@example.net
CUST_08029,Tracy Dunn,2023-04-30,Mid-Market,East,Enterprise,Active,rebeccaturner@example.net
CUST_08030,Todd Mclaughlin,2021-08-01,SMB,North,Enterprise,Active,wsharp@example.org
CUST_08031,Curtis Ingram,2022-03-13,SMB,International,Enterprise,Active,jodysoto@example.net
CUST_08032,Linda Miller,2021-04-01,Mid-Market,West,Pro,Churned,brittanyfrazier@example.org
CUST_08033,Stacy Jones,2022-08-16,SMB,West,Basic,Active,scottmanning@example.com
CUST_08034,Sonya Reeves,2024-02-04,Mid-Market,West,Basic,Active,brandon74@example.net
CUST_08035,Tammy Miller,2022-06-19,Mid-Market,International,Enterprise,Churned,cassandraryan@example.org
CUST_08036,Jennifer Henderson,2022-11-17,Enterprise,East,Basic,Active,cindy82@example.com
CUST_08037,Anita Dunn,2021-12-17,SMB,South,Pro,Active,kleinjeffery@example.org
CUST_08038,Sandra Hardin,2022-05-27,Mid-Market,International,Basic,Active,mburgess@example.net
CUST_08039,Edwin Mcmahon,2021-06-20,SMB,West,Enterprise,Churned,victor61@example.net
CUST_08040,Jacob Barrera,2021-03-08,SMB,International,Enterprise,Active,escobarjennifer@example.net
CUST_08041,Brian Jones,2022-05-12,Mid-Market,South,Basic,Active,nlyons@example.net
CUST_08042,Steven Lindsey,2023-04-13,SMB,South,Pro,Churned,frankyoung@example.net
CUST_08043,Natalie Riley,2022-01-26,SMB,East,Pro,Active,jennifer89@example.org
CUST_08044,Bridget Brown,2023-10-10,SMB,International,Basic,Active,forbesanita@example.net
CUST_08045,Tamara Castillo,2022-06-10,SMB,West,Pro,Active,dylansalinas@example.net
CUST_08046,Sarah Rangel,2023-08-26,SMB,North,Basic,Active,vevans@example.com
CUST_08047,Rebecca Davis,2022-06-19,SMB,South,Basic,Active,joseph08@example.net
CUST_08048,Philip Adams,2023-10-22,Mid-Market,West,Enterprise,Active,matthewtucker@example.org
CUST_08049,Peter Davis,2022-06-13,Enterprise,East,Pro,Active,jmason@example.com
CUST_08050,Jonathan Moore,2021-08-12,SMB,West,Basic,Active,williambowman@example.org
CUST_08051,Austin Gonzales,2023-02-23,Mid-Market,West,Pro,Churned,harperclayton@example.com
CUST_08052,Nancy Wallace,2023-10-20,SMB,North,Basic,Active,sarahallen@example.com
CUST_08053,Alyssa Burgess,2024-02-15,SMB,East,Basic,Churned,tonyaturner@example.com
CUST_08054,Lawrence Price,2022-10-30,SMB,International,Pro,Active,brownnicholas@example.org
CUST_08055,Justin Campbell,2022-09-05,Mid-Market,North,Pro,Active,bautistataylor@example.com
CUST_08056,Sandra Mccall,2022-06-18,Mid-Market,International,Basic,Active,emiller@example.com
CUST_08057,Jessica Lopez,2023-12-22,SMB,East,Pro,Active,bmartinez@example.com
CUST_08058,Kevin Richardson,2021-09-11,SMB,North,Enterprise,Churned,brownclayton@example.com
CUST_08059,Nathan Rose,2021-12-29,SMB,International,Pro,Active,mauricevargas@example.org
CUST_08060,James Davis,2021-03-30,Mid-Market,International,Pro,Active,kgutierrez@example.com
CUST_08061,Erica Hernandez,2023-11-01,Mid-Market,East,Pro,Churned,gallowaykyle@example.com
CUST_08062,Samantha Hill,2023-02-22,Enterprise,North,Enterprise,Active,brooksbradley@example.com
CUST_08063,Laurie Cook,2024-01-01,Enterprise,North,Pro,Churned,wellssabrina@example.com
CUST_08064,Anthony Campbell,2021-11-12,Mid-Market,East,Pro,Active,marypreston@example.com
CUST_08065,Samantha Rivera,2023-03-13,Mid-Market,West,Pro,Active,paulmartin@example.net
CUST_08066,Dawn Wilson,2023-07-30,Enterprise,South,Basic,Active,erikamorris@example.net
CUST_08067,Christopher Nielsen,2021-01-29,Mid-Market,East,Basic,Churned,lewiskaitlin@example.org
CUST_08068,David Lewis,2021-08-16,SMB,West,Pro,Active,jamesballard@example.org
CUST_08069,John Caldwell,2023-08-28,SMB,International,Basic,Active,thomas08@example.net
CUST_08070,Jordan Long,2023-07-25,Mid-Market,South,Basic,Active,bakeroscar@example.com
CUST_08071,Ryan Robinson,2021-04-04,SMB,East,Pro,Active,brenda18@example.net
CUST_08072,Eric Reed,2021-11-23,SMB,East,Pro,Active,shaun46@example.net
CUST_08073,David Mayo,2021-08-29,Mid-Market,South,Enterprise,Active,nelsonallen@example.org
CUST_08074,Sarah Miles,2021-08-15,Enterprise,West,Pro,Active,masonmichael@example.net
CUST_08075,Mrs. April Marks,2023-09-21,SMB,South,Basic,Active,carrieward@example.net
CUST_08076,Morgan Carlson,2022-07-29,Mid-Market,East,Enterprise,Active,cheryl94@example.org
CUST_08077,Craig Lewis,2021-12-16,Enterprise,East,Pro,Active,lisadavenport@example.org
CUST_08078,Jane Heath,2022-08-10,Enterprise,West,Pro,Active,matthew85@example.net
CUST_08079,Christopher Taylor,2023-12-29,SMB,East,Enterprise,Active,brooksamy@example.com
CUST_08080,Tiffany Craig,2021-12-05,SMB,West,Basic,Active,shannonwood@example.org
CUST_08081,Tina Paul,2023-04-30,Mid-Market,East,Basic,Churned,inguyen@example.org
CUST_08082,Sherry Wheeler,2023-01-03,Enterprise,North,Pro,Active,ryan20@example.org
CUST_08083,Amanda Chavez,2021-12-11,SMB,West,Enterprise,Active,joshuasmith@example.com
CUST_08084,Rebecca Pearson,2021-05-08,SMB,North,Basic,Churned,garciaanthony@example.net
CUST_08085,Connie Rodriguez,2021-08-05,Mid-Market,South,Basic,Active,ttrujillo@example.net
CUST_08086,Jessica Thompson,2023-06-12,Mid-Market,West,Enterprise,Active,michael39@example.com
CUST_08087,Erica Garcia,2022-12-13,Mid-Market,International,Pro,Active,david86@example.org
CUST_08088,Taylor Moore,2021-04-22,Mid-Market,North,Enterprise,Churned,hurstdanielle@example.org
CUST_08089,Erik Gonzalez,2023-09-27,Mid-Market,South,Enterprise,Active,melissa18@example.org
CUST_08090,Mark Lopez,2022-10-31,Enterprise,North,Basic,Active,rbenton@example.org
CUST_08091,Kerry Henry,2021-02-10,Mid-Market,International,Enterprise,Active,hmcgrath@example.net
CUST_08092,Chad Perez,2023-08-07,Mid-Market,East,Pro,Active,fullersharon@example.org
CUST_08093,Caitlin Hamilton,2023-10-17,SMB,International,Enterprise,Active,danielturner@example.org
CUST_08094,Michelle Phillips,2022-08-12,SMB,North,Pro,Active,tbowen@example.com
CUST_08095,Katherine Santos,2023-06-15,SMB,East,Enterprise,Active,toddhowell@example.net
CUST_08096,Robin Rosales,2022-05-09,SMB,International,Pro,Active,adamwood@example.org
CUST_08097,Rebecca Yang,2021-02-25,SMB,North,Enterprise,Active,qsmith@example.com
CUST_08098,Chelsea Singh,2022-10-04,Mid-Market,West,Basic,Active,robertsjohn@example.com
CUST_08099,Heidi Bradley,2023-10-14,SMB,East,Basic,Active,hannahblack@example.com
CUST_08100,David Vasquez,2022-05-17,Mid-Market,West,Pro,Active,danielbaker@example.org
CUST_08101,Alex Baird,2021-04-15,SMB,South,Basic,Active,gardnerkrystal@example.org
CUST_08102,Brandon Wilson,2021-04-29,SMB,West,Pro,Churned,alexander55@example.net
CUST_08103,Ricky Jackson,2021-02-18,Enterprise,East,Pro,Active,qescobar@example.net
CUST_08104,Noah Roberts,2022-01-21,SMB,North,Basic,Churned,cookkevin@example.com
CUST_08105,Madison Mendoza,2021-04-13,SMB,International,Basic,Active,patricia08@example.org
CUST_08106,Kristen Rice,2022-11-03,Enterprise,International,Pro,Active,glasschristopher@example.com
CUST_08107,Lauren Murphy,2023-11-07,Mid-Market,International,Pro,Active,henrykylie@example.org
CUST_08108,Barbara James,2023-02-23,SMB,South,Basic,Churned,matthew28@example.com
CUST_08109,Joseph Gutierrez,2021-12-02,Mid-Market,North,Basic,Active,nthompson@example.org
CUST_08110,Daniel Moore,2024-01-04,Mid-Market,West,Basic,Active,timothycollins@example.com
CUST_08111,Stanley Woods,2022-01-22,Mid-Market,North,Basic,Active,anthony65@example.com
CUST_08112,Lisa Baker,2024-02-07,Mid-Market,West,Basic,Active,martinjennifer@example.org
CUST_08113,Jordan Gordon,2023-01-11,SMB,South,Enterprise,Churned,jennifer05@example.net
CUST_08114,Anna Young,2023-12-23,SMB,West,Pro,Active,thomasfreeman@example.com
CUST_08115,Amber Berry,2022-08-16,Enterprise,West,Basic,Active,tyler18@example.net
CUST_08116,Theresa Jones,2023-10-06,Enterprise,West,Pro,Active,margaretthomas@example.org
CUST_08117,Stephen Bowen,2023-02-05,SMB,West,Enterprise,Churned,ndavis@example.com
CUST_08118,Colin Cummings,2022-03-19,Mid-Market,West,Pro,Active,xbrown@example.com
CUST_08119,Paul Christensen,2023-02-23,Mid-Market,East,Pro,Active,olee@example.net
CUST_08120,Derek Bond,2023-11-13,SMB,South,Pro,Active,steven71@example.net
CUST_08121,Jerry King,2023-01-28,SMB,International,Basic,Churned,douglasstanley@example.org
CUST_08122,Jessica Ward,2023-01-22,Mid-Market,International,Basic,Active,jacqueline41@example.net
CUST_08123,Peter Knapp,2022-09-10,Mid-Market,North,Basic,Active,qramirez@example.com
CUST_08124,Jason Gates,2022-09-01,SMB,North,Basic,Active,wendysmith@example.com
CUST_08125,Victoria Alvarez,2021-05-23,Enterprise,International,Basic,Active,robertbradford@example.org
CUST_08126,Travis Simpson,2022-01-24,SMB,South,Basic,Active,coreylong@example.org
CUST_08127,Mr. Anthony Archer MD,2022-02-04,Mid-Market,West,Pro,Churned,scottkelsey@example.net
CUST_08128,Jenna Hernandez,2024-05-05,Mid-Market,South,Pro,Active,williamsrichard@example.net
CUST_08129,Zachary Campbell,2021-08-29,Mid-Market,East,Enterprise,Active,felicia93@example.com
CUST_08130,Darren Dougherty,2022-08-25,SMB,International,Pro,Active,rossabigail@example.com
CUST_08131,Thomas Romero,2023-12-30,Mid-Market,International,Pro,Active,xballard@example.org
CUST_08132,Pamela Parks,2022-04-13,SMB,South,Pro,Churned,josephbautista@example.net
CUST_08133,Jeanne Alvarez,2022-07-30,SMB,North,Basic,Churned,michaeloliver@example.com
CUST_08134,Carla Garcia,2023-11-28,SMB,North,Basic,Active,kelly62@example.com
CUST_08135,Brad Fox,2021-01-09,SMB,East,Basic,Active,sarahnavarro@example.org
CUST_08136,Jeffrey Aguilar,2021-11-11,Mid-Market,West,Pro,Active,ohughes@example.org
CUST_08137,Barbara Doyle,2024-01-24,Mid-Market,South,Basic,Active,cbanks@example.com
CUST_08138,Roberta Evans,2021-03-24,SMB,South,Pro,Active,lmendoza@example.org
CUST_08139,Gloria Snow,2023-08-09,SMB,West,Basic,Active,ysimon@example.net
CUST_08140,Joyce Garcia,2022-02-19,SMB,International,Pro,Active,ztaylor@example.org
CUST_08141,Denise Johnston,2022-02-01,Enterprise,International,Basic,Active,mullinsjeffrey@example.org
CUST_08142,Ms. Tiffany Thompson,2021-10-29,SMB,International,Enterprise,Churned,daniellecolon@example.net
CUST_08143,Angela Porter,2021-07-11,SMB,East,Basic,Active,elizabethdiaz@example.com
CUST_08144,Cody Rodriguez,2023-10-21,SMB,South,Pro,Churned,wspencer@example.org
CUST_08145,Brenda Day,2023-03-23,SMB,East,Basic,Churned,vkim@example.net
CUST_08146,Tanya Gomez,2023-04-28,Enterprise,East,Pro,Active,tlewis@example.com
CUST_08147,Renee Smith,2021-12-23,Mid-Market,International,Pro,Active,shane47@example.net
CUST_08148,Leslie Richards,2024-03-21,SMB,East,Enterprise,Active,prowe@example.org
CUST_08149,Jason Moore,2023-10-30,Enterprise,International,Enterprise,Active,stephensashley@example.org
CUST_08150,Kimberly Macias,2024-04-19,SMB,North,Enterprise,Churned,deborahmacias@example.net
CUST_08151,Jodi Patterson,2022-06-30,SMB,North,Basic,Active,xcruz@example.org
CUST_08152,Jamie Smith,2021-06-03,SMB,East,Basic,Active,award@example.com
CUST_08153,Justin Wilson,2023-07-24,SMB,South,Basic,Active,stephaniehall@example.net
CUST_08154,Anne Stevens,2021-05-08,Mid-Market,North,Basic,Active,laurabrewer@example.org
CUST_08155,Stephanie Harrison,2022-12-10,Mid-Market,East,Pro,Active,gallowaytimothy@example.net
CUST_08156,Mary Barber,2024-02-03,Mid-Market,International,Enterprise,Active,hmartinez@example.org
CUST_08157,Michael Perry,2023-12-30,SMB,South,Enterprise,Churned,billy28@example.net
CUST_08158,Steve Hoffman,2023-02-12,Mid-Market,South,Enterprise,Active,georgemaynard@example.net
CUST_08159,Ryan Hamilton,2021-05-03,SMB,North,Pro,Churned,enguyen@example.net
CUST_08160,Kristina Sanders,2021-03-02,Mid-Market,East,Pro,Active,melindakelly@example.com
CUST_08161,Elizabeth Robinson,2022-10-18,Mid-Market,South,Pro,Active,jamesduncan@example.org
CUST_08162,Miss Kelly Johnson,2022-09-14,SMB,East,Pro,Churned,lopezrandall@example.net
CUST_08163,Jared Scott,2022-03-10,Enterprise,East,Pro,Active,seth42@example.com
CUST_08164,Ethan Tran,2022-05-09,Mid-Market,West,Enterprise,Active,stephanie70@example.net
CUST_08165,Erica Mcdonald,2023-12-17,Enterprise,International,Pro,Active,mullinsdennis@example.com
CUST_08166,Jasmine Murphy,2022-10-18,Mid-Market,South,Enterprise,Active,brendagutierrez@example.net
CUST_08167,Danielle Ruiz,2023-06-20,SMB,East,Basic,Churned,milesrobert@example.org
CUST_08168,Shawn Wilson DVM,2021-09-02,Enterprise,International,Enterprise,Active,middletonsamantha@example.net
CUST_08169,James Pugh,2023-09-12,SMB,North,Basic,Active,williamsethan@example.org
CUST_08170,Danielle Graves,2021-08-16,Mid-Market,North,Pro,Active,kendra38@example.org
CUST_08171,Greg White,2021-03-21,SMB,West,Pro,Active,morrisoncraig@example.com
CUST_08172,Mary Morales,2021-03-07,SMB,South,Pro,Active,hernandeznicole@example.org
CUST_08173,David Li,2022-07-16,SMB,South,Enterprise,Active,raydaniel@example.org
CUST_08174,Jennifer Green,2022-11-12,Mid-Market,West,Enterprise,Active,markedwards@example.com
CUST_08175,Emma Moran,2024-05-13,Mid-Market,North,Enterprise,Active,robertcharles@example.com
CUST_08176,Kyle Golden,2022-12-04,SMB,West,Pro,Active,nhernandez@example.com
CUST_08177,William Hernandez,2021-11-03,Mid-Market,International,Basic,Active,jennifergarcia@example.net
CUST_08178,Adam Garcia,2022-01-01,SMB,East,Pro,Active,lisadixon@example.com
CUST_08179,Laura Roberts,2023-05-11,Enterprise,North,Pro,Active,greenebrandi@example.org
CUST_08180,Kenneth Harmon,2022-10-06,Mid-Market,North,Pro,Active,arnolddavid@example.com
CUST_08181,David Lane,2022-04-23,Mid-Market,North,Basic,Active,gdavis@example.org
CUST_08182,Dawn Fernandez,2021-10-04,SMB,International,Pro,Active,mcdowellpaul@example.net
CUST_08183,Julie Edwards,2023-03-11,SMB,East,Pro,Churned,lopezcraig@example.net
CUST_08184,Rebecca Webb,2023-10-24,Mid-Market,South,Enterprise,Active,rogerssuzanne@example.net
CUST_08185,Faith Ball,2021-06-27,Mid-Market,South,Pro,Churned,jason42@example.net
CUST_08186,Trevor Hall,2024-02-10,Mid-Market,South,Basic,Churned,ydennis@example.com
CUST_08187,Tommy Smith,2021-06-12,SMB,West,Basic,Active,kingchristopher@example.net
CUST_08188,Cheryl Delgado,2023-09-13,SMB,South,Pro,Churned,pdaniel@example.net
CUST_08189,Madison Martinez,2021-06-08,Mid-Market,North,Pro,Churned,carsonkathy@example.org
CUST_08190,Tara Johnson,2021-03-16,Mid-Market,International,Enterprise,Active,ydiaz@example.org
CUST_08191,Melissa Mcmillan,2024-03-06,Mid-Market,West,Basic,Active,anna81@example.net
CUST_08192,Scott Merritt,2023-03-15,Enterprise,North,Basic,Active,nolansamuel@example.com
CUST_08193,Ethan Hurst,2022-09-29,SMB,South,Enterprise,Active,garystewart@example.net
CUST_08194,Ashley Andrade,2023-11-29,Mid-Market,East,Basic,Active,bryantjames@example.org
CUST_08195,Darrell Wilson,2023-10-03,SMB,West,Basic,Active,jarmstrong@example.com
CUST_08196,Dr. Melody Ewing,2021-01-09,SMB,North,Pro,Active,ohill@example.com
CUST_08197,Christine Johnson,2024-02-01,Mid-Market,North,Enterprise,Active,renee84@example.org
CUST_08198,Brittney Clark,2022-02-09,SMB,International,Pro,Churned,myersmary@example.com
CUST_08199,Deborah Perez,2023-03-24,SMB,North,Basic,Active,patrickhiggins@example.org
CUST_08200,Shannon Donovan,2021-04-04,SMB,International,Basic,Active,sarah89@example.org
CUST_08201,Jonathan Williams,2021-05-15,Enterprise,West,Pro,Active,duanehubbard@example.org
CUST_08202,Amanda Contreras,2022-06-02,SMB,West,Basic,Churned,robinsonwhitney@example.com
CUST_08203,Kathleen Harvey,2022-07-07,Enterprise,North,Basic,Active,austintaylor@example.com
CUST_08204,Donald Martinez,2022-06-11,SMB,International,Enterprise,Churned,margaret97@example.net
CUST_08205,Brianna Dennis,2023-04-28,SMB,West,Pro,Active,amy79@example.net
CUST_08206,James Golden,2021-05-05,SMB,International,Pro,Active,thomascoleman@example.net
CUST_08207,Kimberly Alexander,2022-06-24,SMB,International,Basic,Churned,xosborne@example.net
CUST_08208,Thomas Davis,2024-03-19,SMB,East,Basic,Active,gaysarah@example.net
CUST_08209,Hannah Stewart,2024-01-31,Mid-Market,International,Enterprise,Active,nicolegarcia@example.net
CUST_08210,Olivia Lewis,2024-02-23,SMB,East,Basic,Active,vgates@example.com
CUST_08211,Kaitlyn Spencer,2022-06-18,Mid-Market,North,Enterprise,Active,christina13@example.com
CUST_08212,Zachary Calderon,2023-12-21,SMB,North,Enterprise,Active,crystalcohen@example.net
CUST_08213,Devin Rosales,2021-07-22,SMB,North,Basic,Active,courtney47@example.net
CUST_08214,Michael Howard,2022-05-20,SMB,North,Pro,Active,bradley85@example.com
CUST_08215,Joseph Rogers,2022-07-26,SMB,East,Pro,Churned,hughesbrent@example.org
CUST_08216,Kimberly Robertson,2021-10-25,SMB,West,Basic,Active,christy84@example.com
CUST_08217,Jennifer Thomas,2023-10-19,Mid-Market,East,Pro,Active,criley@example.net
CUST_08218,Linda Williams,2023-08-26,SMB,North,Enterprise,Active,danielknight@example.net
CUST_08219,Chelsea Smith,2022-07-16,Enterprise,West,Pro,Active,mmarshall@example.org
CUST_08220,Stephanie Koch,2023-11-11,SMB,West,Enterprise,Churned,jerry29@example.org
CUST_08221,Troy Salinas,2023-04-20,SMB,West,Basic,Active,wcole@example.org
CUST_08222,Laura Gomez,2021-03-07,SMB,North,Pro,Active,craig27@example.net
CUST_08223,Rachel Thomas,2023-11-07,Mid-Market,International,Basic,Churned,samanthataylor@example.com
CUST_08224,Kristina Harrington,2021-09-26,SMB,East,Basic,Churned,torreschristian@example.org
CUST_08225,Mr. Brent Powers,2024-05-22,SMB,East,Pro,Active,davismary@example.com
CUST_08226,Devon Holland,2022-01-04,SMB,International,Enterprise,Churned,alexis46@example.net
CUST_08227,Michael Jones,2023-08-20,SMB,East,Basic,Active,beardtroy@example.org
CUST_08228,Kari Carpenter,2023-12-19,SMB,West,Basic,Active,nhall@example.net
CUST_08229,Teresa Thornton,2023-02-15,Mid-Market,South,Pro,Active,msmith@example.com
CUST_08230,Eric Sanchez,2022-08-11,Enterprise,West,Basic,Active,shelleykramer@example.org
CUST_08231,Tim Garcia,2021-02-24,Mid-Market,International,Basic,Active,wallacematthew@example.com
CUST_08232,Wendy Wilkerson,2022-05-06,Enterprise,North,Enterprise,Active,rachelavila@example.org
CUST_08233,Donald Diaz,2023-07-11,SMB,South,Basic,Active,millercarol@example.com
CUST_08234,Thomas Rice,2021-02-12,SMB,International,Enterprise,Active,bherrera@example.com
CUST_08235,Gregory Carter,2021-11-16,Mid-Market,West,Pro,Active,patrickclark@example.org
CUST_08236,Douglas Manning,2023-03-17,Enterprise,North,Basic,Active,wromero@example.org
CUST_08237,Kevin Lane,2022-10-17,Mid-Market,East,Enterprise,Active,wattsthomas@example.org
CUST_08238,Eric Rodriguez,2022-03-22,SMB,East,Enterprise,Active,dandrade@example.net
CUST_08239,Karen Underwood,2023-01-28,SMB,East,Pro,Active,josephprice@example.net
CUST_08240,Ann Costa,2021-02-10,Mid-Market,International,Pro,Active,vramirez@example.org
CUST_08241,Kelly Thompson,2023-06-28,SMB,North,Basic,Active,kimchen@example.net
CUST_08242,Kenneth York,2022-02-19,SMB,International,Pro,Churned,terri77@example.org
CUST_08243,Danielle Moore,2023-10-13,Mid-Market,International,Basic,Active,cassandrabanks@example.org
CUST_08244,Eric Smith,2023-11-18,Enterprise,North,Pro,Active,zjones@example.net
CUST_08245,Donna Smith,2024-05-22,SMB,North,Enterprise,Active,jchapman@example.com
CUST_08246,Jacob Bradshaw,2022-01-26,SMB,North,Pro,Active,qwilliamson@example.net
CUST_08247,Bradley Chase,2024-03-04,SMB,North,Enterprise,Active,gdoyle@example.org
CUST_08248,Daniel Malone,2021-08-09,SMB,South,Basic,Active,moorematthew@example.org
CUST_08249,Sean Jackson,2023-11-05,SMB,North,Pro,Active,bnelson@example.org
CUST_08250,Edward Evans,2023-12-16,SMB,East,Pro,Churned,daniel26@example.com
CUST_08251,Jay Pitts,2023-05-09,SMB,North,Pro,Active,scottkenneth@example.org
CUST_08252,Alyssa Martin,2022-10-05,Mid-Market,West,Basic,Churned,yyoder@example.net
CUST_08253,Thomas Rowe,2023-10-09,SMB,West,Pro,Active,charlesrobinson@example.net
CUST_08254,Mr. Joel Woods,2022-02-24,Mid-Market,North,Basic,Churned,mmcguire@example.org
CUST_08255,Nicholas Bartlett Jr.,2021-05-26,SMB,West,Pro,Active,patriciajackson@example.net
CUST_08256,Michael Thompson,2023-02-24,Mid-Market,East,Basic,Active,xbowman@example.org
CUST_08257,Noah Thomas,2023-08-10,SMB,North,Pro,Active,mooremary@example.net
CUST_08258,Sara Murray,2021-02-11,SMB,West,Basic,Active,donna81@example.net
CUST_08259,Scott Russell,2024-02-28,Mid-Market,South,Pro,Active,thompsonstephen@example.com
CUST_08260,Miranda Phillips,2023-08-09,SMB,International,Pro,Churned,hansenthomas@example.org
CUST_08261,Rick Zuniga,2022-10-29,Enterprise,North,Basic,Active,abigail06@example.org
CUST_08262,Benjamin Case,2023-05-14,SMB,East,Basic,Churned,sabrina93@example.net
CUST_08263,Melissa Patton,2023-10-13,SMB,International,Basic,Active,estafford@example.org
CUST_08264,Dennis Kelly,2024-02-14,Mid-Market,North,Pro,Active,waynedaniel@example.net
CUST_08265,Paul Marshall,2023-10-17,SMB,North,Enterprise,Churned,asmith@example.net
CUST_08266,Charles Smith,2023-03-21,SMB,North,Basic,Active,elizabethlee@example.org
CUST_08267,Andre Watson II,2021-06-07,SMB,North,Pro,Active,clarkthomas@example.net
CUST_08268,James Taylor,2022-02-27,Mid-Market,West,Pro,Active,markhuffman@example.com
CUST_08269,Andrea Chapman,2023-07-03,Enterprise,South,Pro,Active,collinsamy@example.net
CUST_08270,Colleen Arnold,2022-05-30,SMB,West,Basic,Active,devin05@example.org
CUST_08271,Ronald Mccormick,2024-03-02,Mid-Market,North,Enterprise,Active,oconnordawn@example.com
CUST_08272,Justin Williams,2023-02-27,Mid-Market,East,Enterprise,Churned,ashley43@example.net
CUST_08273,Marissa Miller,2024-03-22,Mid-Market,South,Basic,Active,frankarroyo@example.com
CUST_08274,Brian Jenkins,2021-06-02,SMB,East,Basic,Active,qpowell@example.org
CUST_08275,Joshua Contreras,2023-04-28,SMB,West,Enterprise,Active,aliciaphelps@example.com
CUST_08276,Lisa Barr,2021-08-13,Enterprise,South,Pro,Active,ldalton@example.net
CUST_08277,Samantha Olson,2021-03-04,Mid-Market,International,Basic,Active,blevinssavannah@example.com
CUST_08278,Megan Tran MD,2021-02-08,Enterprise,East,Pro,Active,vpratt@example.org
CUST_08279,Justin Walker,2023-02-04,SMB,West,Basic,Active,oprice@example.com
CUST_08280,Craig Owens,2023-04-05,SMB,South,Basic,Active,jeremy34@example.net
CUST_08281,Tommy Owens,2022-11-13,SMB,International,Enterprise,Churned,lisa66@example.net
CUST_08282,Amy Saunders,2021-06-16,Mid-Market,North,Basic,Churned,raymond16@example.org
CUST_08283,Janet Powers,2023-02-15,Mid-Market,South,Pro,Active,samuel76@example.com
CUST_08284,Raymond Stanton,2023-03-20,SMB,East,Pro,Active,kcantu@example.net
CUST_08285,Jane Davis,2023-09-04,SMB,North,Basic,Active,kaitlyn73@example.org
CUST_08286,Thomas Ball,2023-06-07,Mid-Market,South,Enterprise,Active,stephenjimenez@example.net
CUST_08287,Theresa Orr,2021-11-08,SMB,West,Enterprise,Churned,alexandercolon@example.net
CUST_08288,Richard Richards,2023-05-23,Enterprise,International,Enterprise,Active,ylarsen@example.org
CUST_08289,Edgar Watson,2021-02-17,Mid-Market,East,Basic,Active,ledwards@example.net
CUST_08290,Deborah Pratt,2022-11-16,SMB,International,Enterprise,Churned,thart@example.org
CUST_08291,Alison Myers,2021-01-26,SMB,West,Pro,Active,daniel45@example.com
CUST_08292,Heather Reed,2024-05-06,SMB,North,Enterprise,Churned,egonzalez@example.com
CUST_08293,Michelle Lane,2023-05-06,SMB,East,Pro,Churned,hday@example.org
CUST_08294,Jeff Lopez,2023-02-13,Mid-Market,West,Enterprise,Churned,martinezkristine@example.org
CUST_08295,Rachel Salas,2021-04-14,SMB,International,Pro,Active,flewis@example.com
CUST_08296,Paula Campbell,2023-07-31,Enterprise,North,Pro,Churned,xharris@example.net
CUST_08297,Joseph Frazier,2024-03-21,SMB,North,Basic,Active,arichardson@example.com
CUST_08298,Mrs. Kim Randall,2022-02-20,SMB,South,Pro,Churned,okelly@example.com
CUST_08299,Jeffrey Duke,2024-03-08,SMB,South,Basic,Active,wbarton@example.org
CUST_08300,John Barnes,2023-05-11,Mid-Market,East,Basic,Active,lydiacampbell@example.com
CUST_08301,Anthony Wilson,2023-11-14,SMB,International,Basic,Churned,mercadolisa@example.org
CUST_08302,Jason Ali,2022-09-29,SMB,East,Enterprise,Active,xmartin@example.com
CUST_08303,Kathy Flowers,2023-10-31,SMB,East,Pro,Churned,jasonpacheco@example.org
CUST_08304,Daniel Vasquez,2023-12-24,SMB,East,Pro,Active,cunninghamlaura@example.org
CUST_08305,Jason Porter,2022-06-04,SMB,North,Pro,Active,websterpaige@example.org
CUST_08306,Justin Gilbert,2021-03-15,Mid-Market,North,Pro,Active,robertmartinez@example.com
CUST_08307,Lauren Little,2022-11-13,Mid-Market,South,Enterprise,Active,ashaffer@example.org
CUST_08308,Ronald Daniels,2022-03-19,Mid-Market,International,Basic,Active,gina41@example.com
CUST_08309,Alexander Jennings,2022-11-02,SMB,North,Pro,Active,bobby66@example.com
CUST_08310,Kimberly Conway,2021-02-06,SMB,North,Pro,Active,johnsonmark@example.com
CUST_08311,Katrina Ross,2023-04-11,SMB,South,Basic,Active,christine22@example.org
CUST_08312,Vanessa Smith,2021-09-01,SMB,West,Enterprise,Active,wmcintosh@example.net
CUST_08313,Stephanie Lucas,2024-03-09,Mid-Market,South,Pro,Active,darlene44@example.org
CUST_08314,Angela Barrett,2021-08-05,SMB,West,Pro,Active,clarkjustin@example.org
CUST_08315,James Quinn,2024-01-09,SMB,East,Pro,Churned,lcharles@example.org
CUST_08316,Alyssa Davenport,2021-05-09,Mid-Market,West,Enterprise,Active,ebutler@example.net
CUST_08317,Tina Lara,2024-04-03,SMB,North,Basic,Active,lloydcheryl@example.org
CUST_08318,Tyler Webb,2022-09-15,Enterprise,East,Enterprise,Active,joebaker@example.net
CUST_08319,Darrell Khan,2022-12-12,Mid-Market,North,Pro,Active,cassandra80@example.net
CUST_08320,Lynn Davis,2022-04-02,SMB,East,Basic,Active,rhoward@example.org
CUST_08321,Jennifer Russell,2021-07-10,SMB,East,Pro,Active,garymoyer@example.org
CUST_08322,Sharon Cohen,2021-11-25,SMB,East,Enterprise,Active,craighodge@example.net
CUST_08323,Allison Duncan,2023-10-23,SMB,North,Pro,Active,mgreer@example.net
CUST_08324,Juan Orozco,2023-12-07,Mid-Market,East,Pro,Churned,nealrandy@example.net
CUST_08325,Ms. Debbie Wallace,2023-05-29,SMB,International,Basic,Active,rittertaylor@example.net
CUST_08326,Tammy Collins,2023-09-04,Mid-Market,North,Pro,Active,lauren75@example.com
CUST_08327,James Guerra,2021-01-05,SMB,South,Enterprise,Active,olopez@example.org
CUST_08328,Cynthia Boyle DDS,2022-12-03,SMB,International,Basic,Active,wilsonemma@example.net
CUST_08329,Mr. Andrew Lee,2021-01-24,SMB,North,Basic,Churned,myersmelissa@example.net
CUST_08330,Valerie Stevens,2022-10-23,SMB,West,Pro,Active,rcaldwell@example.org
CUST_08331,Evelyn Jones,2021-05-01,Mid-Market,North,Enterprise,Active,harveymegan@example.net
CUST_08332,Michael Morrison,2023-04-28,Mid-Market,East,Pro,Churned,matthew81@example.com
CUST_08333,Julie Lopez,2021-11-08,Mid-Market,South,Pro,Active,burkejohn@example.com
CUST_08334,William Miller,2022-06-25,SMB,East,Pro,Active,brenda52@example.com
CUST_08335,Blake Pierce,2022-12-11,Enterprise,International,Basic,Active,abell@example.com
CUST_08336,Charlene Rodriguez,2024-05-11,SMB,South,Basic,Active,ubradshaw@example.org
CUST_08337,Tonya Black,2023-04-07,Enterprise,International,Basic,Active,brownsheila@example.net
CUST_08338,Spencer Mooney,2021-10-24,Mid-Market,North,Pro,Active,erikbaker@example.org
CUST_08339,Denise Moody,2023-12-25,SMB,East,Pro,Active,anthony66@example.org
CUST_08340,Laura Thompson,2021-12-19,Mid-Market,South,Pro,Active,dennisliu@example.com
CUST_08341,Meredith Ramirez,2022-02-11,SMB,South,Basic,Active,mjones@example.net
CUST_08342,Carol Lara,2023-12-07,Mid-Market,North,Enterprise,Active,haley14@example.org
CUST_08343,Benjamin Wilson,2023-09-05,Enterprise,International,Basic,Active,wjackson@example.com
CUST_08344,Penny Jones,2021-07-30,Mid-Market,International,Basic,Active,brianlittle@example.net
CUST_08345,Robert Hayes,2022-05-24,SMB,International,Enterprise,Churned,foxsamantha@example.org
CUST_08346,Tyrone Higgins,2022-03-18,SMB,North,Pro,Active,jatkins@example.com
CUST_08347,Anthony Macdonald,2022-10-17,Mid-Market,International,Pro,Churned,steven36@example.com
CUST_08348,Jacqueline Lopez,2022-05-30,SMB,South,Basic,Active,ujohnson@example.org
CUST_08349,Karen Valdez,2023-09-16,Enterprise,South,Basic,Active,carolynlyons@example.net
CUST_08350,Kenneth Mcgee,2024-02-04,SMB,South,Basic,Churned,mosleypamela@example.org
CUST_08351,Briana Miller,2023-05-11,Mid-Market,North,Basic,Active,timothywhite@example.com
CUST_08352,Janet Davis,2023-12-08,SMB,South,Basic,Churned,fwhite@example.org
CUST_08353,Nicholas Miller,2022-08-23,SMB,North,Enterprise,Churned,robertdavis@example.net
CUST_08354,Joshua Flowers,2022-01-19,SMB,East,Pro,Active,durantamara@example.net
CUST_08355,Michael Walsh,2022-01-23,Mid-Market,North,Pro,Active,amandadecker@example.com
CUST_08356,Rachael Owen,2021-11-19,SMB,South,Basic,Active,veronicabyrd@example.net
CUST_08357,Linda Hall,2022-03-22,Mid-Market,East,Pro,Active,fshort@example.org
CUST_08358,Brenda Weaver,2021-10-06,SMB,East,Basic,Active,hvelasquez@example.com
CUST_08359,Angel Rocha,2023-04-18,SMB,West,Enterprise,Active,turnermelissa@example.net
CUST_08360,James Mosley,2022-02-10,Mid-Market,North,Basic,Active,smithsheena@example.net
CUST_08361,Lisa Campbell,2022-03-17,SMB,North,Pro,Active,vwalter@example.org
CUST_08362,Julia Logan,2023-06-28,SMB,International,Enterprise,Active,nathanwilkinson@example.net
CUST_08363,Ana Sexton,2023-11-10,Mid-Market,West,Basic,Active,melissa13@example.org
CUST_08364,Julia Wong,2023-06-20,Mid-Market,North,Pro,Active,amanda51@example.net
CUST_08365,Douglas Jackson,2022-11-13,SMB,East,Pro,Churned,jamiescott@example.org
CUST_08366,Justin Hunter,2021-06-04,Mid-Market,East,Enterprise,Active,laura10@example.net
CUST_08367,Brittany Ochoa,2023-03-11,SMB,West,Pro,Active,adavis@example.net
CUST_08368,Denise Nguyen,2022-02-04,Mid-Market,South,Pro,Active,morganmary@example.net
CUST_08369,Donna Holloway,2022-08-14,SMB,South,Enterprise,Active,hansenshane@example.org
CUST_08370,Gina Porter,2021-12-13,Mid-Market,South,Basic,Churned,vmcpherson@example.org
CUST_08371,Olivia Payne,2022-07-29,SMB,North,Enterprise,Active,ibauer@example.org
CUST_08372,Carl Ruiz,2021-09-27,SMB,West,Pro,Active,mortonjennifer@example.org
CUST_08373,Mary Wilson,2021-04-27,SMB,North,Basic,Active,mhernandez@example.net
CUST_08374,Rachel Scott,2023-06-05,SMB,South,Enterprise,Active,robert31@example.com
CUST_08375,Ann Novak,2022-11-28,SMB,East,Basic,Churned,erica16@example.com
CUST_08376,Michelle Smith,2023-11-29,SMB,East,Pro,Active,chenrebecca@example.com
CUST_08377,Michael Roberts,2024-04-07,SMB,North,Basic,Active,johnjohnson@example.net
CUST_08378,Ana Lang,2023-09-20,SMB,West,Basic,Active,wilsondenise@example.net
CUST_08379,Sharon Carter,2021-04-28,SMB,North,Enterprise,Churned,evan67@example.org
CUST_08380,Amy Espinoza,2024-05-10,SMB,South,Pro,Active,mallory73@example.net
CUST_08381,Patricia Mendoza,2022-10-10,SMB,International,Enterprise,Active,matthewvaldez@example.net
CUST_08382,Nicholas Stuart,2021-10-15,SMB,South,Basic,Churned,elizabeth51@example.org
CUST_08383,Benjamin Baldwin,2021-01-04,Mid-Market,East,Pro,Active,xnewton@example.com
CUST_08384,David Hill,2023-11-29,SMB,West,Enterprise,Active,michaelmartinez@example.net
CUST_08385,Jose Lee DVM,2021-01-08,SMB,North,Pro,Active,kolson@example.org
CUST_08386,Thomas Osborn,2022-02-23,Mid-Market,International,Pro,Active,shawana@example.com
CUST_08387,Ryan Mclaughlin,2021-03-02,Enterprise,South,Enterprise,Active,sstewart@example.com
CUST_08388,Daniel George,2022-06-19,Mid-Market,East,Pro,Active,abigailsmith@example.org
CUST_08389,Katelyn Walls,2021-08-20,Mid-Market,East,Enterprise,Active,xevans@example.net
CUST_08390,Ryan Smith,2023-10-10,Mid-Market,West,Enterprise,Active,mholmes@example.net
CUST_08391,Brittany Robinson,2022-04-04,SMB,East,Basic,Active,randyhall@example.net
CUST_08392,Amanda Garcia,2023-10-30,Enterprise,West,Pro,Churned,pthompson@example.org
CUST_08393,Monica Daniel,2022-05-08,Mid-Market,South,Pro,Churned,barryjohnson@example.com
CUST_08394,Lori Peterson,2022-11-06,SMB,International,Pro,Active,elizabethherrera@example.net
CUST_08395,Nicholas Jones,2021-08-29,Mid-Market,South,Pro,Active,gjones@example.org
CUST_08396,Patricia Mcintosh,2023-12-13,SMB,North,Enterprise,Active,dbyrd@example.net
CUST_08397,Gary Weaver,2022-04-13,SMB,East,Pro,Churned,julie18@example.com
CUST_08398,Mathew Odonnell,2023-06-22,Mid-Market,East,Basic,Active,michaelyoung@example.org
CUST_08399,Kendra Matthews,2021-08-07,Enterprise,West,Basic,Active,caleb32@example.org
CUST_08400,Mrs. Jennifer Leblanc,2021-02-04,SMB,West,Basic,Active,lorrainehall@example.com
CUST_08401,Stacy Smith,2022-10-07,SMB,East,Enterprise,Active,jeffreythomas@example.net
CUST_08402,Kathleen Berry,2021-12-08,SMB,East,Enterprise,Churned,yvonnegarcia@example.net
CUST_08403,Joseph Jones,2022-12-06,Mid-Market,North,Enterprise,Churned,hessmarcus@example.org
CUST_08404,Brady Smith,2024-03-06,SMB,North,Enterprise,Churned,bakeryesenia@example.net
CUST_08405,Mary Erickson,2021-02-08,SMB,International,Basic,Active,ntaylor@example.org
CUST_08406,Judy Yang,2022-01-06,SMB,West,Pro,Active,gpowell@example.net
CUST_08407,Derek Green,2021-11-16,Enterprise,East,Basic,Active,rlindsey@example.com
CUST_08408,Lisa Green,2021-03-07,SMB,West,Basic,Churned,tammyabbott@example.org
CUST_08409,Timothy Williams,2021-07-06,SMB,East,Pro,Active,nelsoncory@example.net
CUST_08410,Stanley Young,2022-07-22,Mid-Market,International,Basic,Active,michaelmcgee@example.org
CUST_08411,Dr. Madeline Aguirre,2023-04-06,Mid-Market,North,Enterprise,Churned,watkinsalexander@example.org
CUST_08412,Chad Cooper,2021-03-16,SMB,East,Basic,Active,freemanjennifer@example.org
CUST_08413,Morgan Carter,2024-02-04,Mid-Market,West,Basic,Churned,paul66@example.net
CUST_08414,Andrew Johnson,2022-12-20,SMB,West,Enterprise,Churned,katie37@example.org
CUST_08415,Joy Richardson,2023-04-04,SMB,North,Basic,Active,joel35@example.com
CUST_08416,Jessica Martin,2022-10-02,Mid-Market,North,Basic,Active,erinwilkerson@example.com
CUST_08417,Thomas Hughes,2022-05-16,SMB,North,Basic,Churned,carrkurt@example.net
CUST_08418,Travis Hardin,2022-11-24,SMB,West,Pro,Churned,oscarobrien@example.com
CUST_08419,Jackie Evans,2023-06-27,Mid-Market,East,Basic,Active,cindy40@example.org
CUST_08420,Jordan Jacobs,2021-11-03,SMB,West,Enterprise,Churned,arogers@example.net
CUST_08421,Justin Nelson,2022-02-17,Enterprise,East,Basic,Active,carla56@example.net
CUST_08422,Kylie Owens,2022-04-30,SMB,South,Pro,Active,bward@example.org
CUST_08423,Eddie Williams,2023-11-26,Mid-Market,West,Basic,Active,fischermark@example.org
CUST_08424,Sonya Johnson,2021-07-27,Mid-Market,North,Basic,Active,howardtimothy@example.org
CUST_08425,Rita Jackson,2024-02-06,SMB,North,Basic,Churned,hernandezdaniel@example.org
CUST_08426,Amanda Turner,2021-03-31,Mid-Market,East,Pro,Churned,grant08@example.org
CUST_08427,Sean Miller,2022-07-03,Mid-Market,East,Pro,Active,steven87@example.org
CUST_08428,Michael Allen,2024-03-28,Enterprise,North,Enterprise,Active,chernandez@example.net
CUST_08429,Courtney Snyder,2023-01-09,SMB,International,Enterprise,Active,peterjones@example.com
CUST_08430,Kenneth Palmer,2022-08-12,SMB,South,Pro,Active,jason52@example.com
CUST_08431,Sheena Stokes,2024-05-09,Enterprise,West,Pro,Churned,cynthia99@example.com
CUST_08432,Devin Montes,2022-12-14,Mid-Market,South,Basic,Churned,robertbrown@example.org
CUST_08433,Bethany Mitchell,2021-02-02,SMB,North,Enterprise,Active,rollinswilliam@example.net
CUST_08434,Monica Simmons,2023-07-24,Enterprise,South,Pro,Active,debra44@example.net
CUST_08435,Paul Blackwell,2021-11-27,Enterprise,East,Enterprise,Active,bradleyerica@example.net
CUST_08436,Richard Rivera,2021-02-12,SMB,South,Pro,Churned,dberry@example.org
CUST_08437,Henry Smith,2021-10-25,Enterprise,North,Basic,Active,parrishjames@example.com
CUST_08438,Evelyn Reed,2022-02-06,SMB,South,Pro,Active,penny29@example.com
CUST_08439,John Mathis,2024-02-17,SMB,East,Basic,Active,thomas80@example.net
CUST_08440,Theresa Sanders,2021-10-19,SMB,North,Enterprise,Active,reneebrown@example.org
CUST_08441,Cynthia Parker,2023-09-23,Mid-Market,East,Enterprise,Churned,whitemichael@example.com
CUST_08442,Megan Martinez,2022-11-27,Enterprise,West,Basic,Active,gregory95@example.org
CUST_08443,Dakota Johnston,2022-08-20,SMB,North,Enterprise,Active,tstephens@example.org
CUST_08444,Brian Johnson,2021-08-24,SMB,West,Pro,Active,kenneth98@example.org
CUST_08445,Sandra Maxwell,2022-03-23,SMB,South,Pro,Churned,paul65@example.org
CUST_08446,Madison Lewis,2024-02-21,Mid-Market,South,Pro,Active,bjenkins@example.org
CUST_08447,Caleb Bennett,2023-05-24,Enterprise,International,Pro,Active,brooksmarcus@example.com
CUST_08448,Sarah Andrews,2023-05-20,Mid-Market,International,Pro,Active,michael43@example.com
CUST_08449,Dr. Cheryl Burke DDS,2024-04-30,Mid-Market,West,Enterprise,Active,charlesmoore@example.org
CUST_08450,Kristi Wilson,2021-02-20,Mid-Market,International,Basic,Active,robinsontracy@example.org
CUST_08451,Tracy Sexton,2023-12-05,SMB,North,Basic,Churned,beasleystacey@example.net
CUST_08452,Dr. Kyle Underwood Jr.,2021-11-05,SMB,South,Pro,Active,carnold@example.org
CUST_08453,Jennifer Cruz,2021-05-02,Mid-Market,North,Pro,Active,ghicks@example.com
CUST_08454,Samantha Hurley,2022-10-24,Enterprise,North,Basic,Active,mflores@example.net
CUST_08455,Steven Jones,2021-07-11,Mid-Market,North,Pro,Active,tracykramer@example.net
CUST_08456,Ashley Durham,2024-03-25,Mid-Market,North,Basic,Active,wardjames@example.net
CUST_08457,James Howell,2021-03-06,SMB,South,Pro,Churned,timothy38@example.com
CUST_08458,Eugene Lewis,2022-12-20,Mid-Market,East,Enterprise,Active,xthompson@example.net
CUST_08459,Ann Sloan,2022-01-20,Mid-Market,North,Basic,Active,elizabethwood@example.com
CUST_08460,Brittany Smith,2021-07-31,Mid-Market,West,Enterprise,Churned,ianwalker@example.org
CUST_08461,Thomas Franklin,2021-12-02,SMB,International,Enterprise,Active,zdouglas@example.org
CUST_08462,Katherine Romero,2021-08-12,Mid-Market,South,Pro,Churned,hannah55@example.org
CUST_08463,Mark Davis,2023-03-03,Enterprise,South,Enterprise,Active,ycharles@example.org
CUST_08464,James Barnes,2022-06-16,Mid-Market,East,Enterprise,Active,kevin67@example.com
CUST_08465,April Scott,2021-04-08,SMB,South,Basic,Active,millerwalter@example.org
CUST_08466,Cassandra Camacho,2022-09-19,SMB,West,Basic,Churned,christine35@example.net
CUST_08467,Deanna Ashley,2021-11-14,SMB,East,Enterprise,Active,sherry42@example.com
CUST_08468,Gerald Lewis,2021-12-16,SMB,East,Enterprise,Active,lfreeman@example.org
CUST_08469,Ricardo Ramos,2022-11-17,Enterprise,South,Basic,Active,robert63@example.org
CUST_08470,Tyler Lee MD,2021-11-10,Enterprise,West,Basic,Active,williamsonanthony@example.org
CUST_08471,Caroline Thompson,2024-01-15,Mid-Market,North,Basic,Active,larashane@example.com
CUST_08472,Jasmine Sanders,2021-09-08,Mid-Market,East,Pro,Active,nathanielperkins@example.com
CUST_08473,Elizabeth Rodriguez,2022-12-16,SMB,North,Enterprise,Churned,jessicacollins@example.com
CUST_08474,John Navarro,2021-03-29,SMB,West,Enterprise,Active,oking@example.org
CUST_08475,Michael Scott,2022-03-26,Mid-Market,South,Basic,Active,toni78@example.net
CUST_08476,Tina Miller,2022-04-10,SMB,West,Pro,Active,bcastillo@example.org
CUST_08477,Kelly Phillips,2023-08-31,SMB,West,Basic,Active,chenpatrick@example.org
CUST_08478,Melissa Martinez,2021-05-14,Mid-Market,West,Basic,Active,christopher55@example.org
CUST_08479,Cynthia Hubbard,2023-09-30,SMB,South,Pro,Active,patriciamorrison@example.net
CUST_08480,Daniel Morse,2023-09-21,SMB,South,Basic,Churned,janetrandall@example.net
CUST_08481,Nicole Crawford,2022-07-23,SMB,International,Basic,Churned,christina34@example.com
CUST_08482,Terry Price,2022-09-26,Mid-Market,International,Enterprise,Active,lindaphillips@example.com
CUST_08483,Mr. Samuel Bradley,2022-09-18,SMB,North,Pro,Churned,coreysmith@example.com
CUST_08484,Christopher Jones,2023-02-03,SMB,South,Enterprise,Active,bellkarla@example.com
CUST_08485,Kim Martin,2021-12-01,Mid-Market,International,Basic,Active,usalinas@example.net
CUST_08486,Janet Romero,2023-09-02,Mid-Market,North,Pro,Active,jesseyoung@example.com
CUST_08487,David Richards,2021-03-29,SMB,East,Enterprise,Churned,geraldcortez@example.net
CUST_08488,Donna Cole,2021-03-24,SMB,East,Pro,Active,christophermorales@example.net
CUST_08489,Robert Wilkins,2021-08-12,Mid-Market,West,Basic,Active,mariaramirez@example.org
CUST_08490,Chelsea Dixon,2021-02-13,Mid-Market,South,Pro,Active,christian23@example.com
CUST_08491,Travis Erickson,2024-03-28,Mid-Market,North,Pro,Active,victoria51@example.com
CUST_08492,Crystal Davidson,2023-06-03,Mid-Market,East,Enterprise,Churned,jonesmatthew@example.com
CUST_08493,Joy Wood,2021-07-31,Mid-Market,North,Pro,Active,mullennathan@example.net
CUST_08494,James Compton,2022-05-02,Enterprise,North,Pro,Active,matthew17@example.org
CUST_08495,Jasmine Moore,2023-08-06,Mid-Market,West,Basic,Active,ryanmacdonald@example.com
CUST_08496,Elizabeth Webb,2022-06-23,Enterprise,North,Basic,Active,nicholethompson@example.net
CUST_08497,Victor Pope,2021-09-02,Enterprise,West,Basic,Active,mark19@example.com
CUST_08498,Emily Cruz,2021-08-11,SMB,North,Basic,Active,natasha18@example.net
CUST_08499,Gavin Foley,2021-02-21,Mid-Market,International,Basic,Active,stonejessica@example.net
CUST_08500,Regina Ortega,2022-04-14,Mid-Market,International,Pro,Active,kayla07@example.net
CUST_08501,Brian Austin,2022-12-16,Mid-Market,International,Basic,Active,valenciachristina@example.net
CUST_08502,Leslie Murphy,2022-02-02,Mid-Market,International,Basic,Churned,perezdaniel@example.com
CUST_08503,Ryan Leblanc,2024-04-28,Enterprise,East,Basic,Active,estone@example.com
CUST_08504,Dean Richards,2021-01-29,Mid-Market,West,Pro,Active,hendersontodd@example.com
CUST_08505,Jessica Williams,2024-01-29,SMB,South,Enterprise,Churned,zjordan@example.net
CUST_08506,Bailey Coleman,2023-11-05,Enterprise,South,Pro,Active,andrewsanford@example.com
CUST_08507,Jose Mcdonald,2021-01-21,SMB,International,Pro,Active,lindsey15@example.com
CUST_08508,Angela Richardson,2022-06-26,SMB,West,Enterprise,Active,rosskristen@example.net
CUST_08509,Brian Tran,2021-09-23,SMB,West,Pro,Churned,millererika@example.com
CUST_08510,Ms. Christina Dixon,2023-12-16,SMB,North,Enterprise,Active,hansenluke@example.net
CUST_08511,Steven Lin,2023-02-13,Mid-Market,South,Pro,Churned,qbrooks@example.org
CUST_08512,Jamie Stewart,2023-06-08,SMB,North,Pro,Active,taylorclifford@example.org
CUST_08513,Donna Lopez,2023-11-24,Enterprise,West,Pro,Active,ncastro@example.net
CUST_08514,Janet Montgomery,2022-02-17,SMB,North,Basic,Active,odavis@example.net
CUST_08515,Sabrina Marshall,2022-04-15,SMB,North,Basic,Churned,rodriguezamy@example.com
CUST_08516,Mario Jackson,2022-07-22,SMB,West,Pro,Active,nicole02@example.org
CUST_08517,Jill Villa,2022-06-07,SMB,East,Pro,Active,bradleymedina@example.com
CUST_08518,Jenna Summers,2023-04-14,SMB,West,Basic,Active,aaron62@example.net
CUST_08519,Brianna Elliott,2023-08-31,Enterprise,International,Enterprise,Active,edwardnorman@example.net
CUST_08520,Michelle Harris,2024-02-18,SMB,East,Basic,Churned,ajackson@example.net
CUST_08521,Selena Gonzalez,2024-04-02,Enterprise,North,Basic,Active,zanderson@example.org
CUST_08522,Amanda Sanders,2021-12-25,SMB,North,Pro,Churned,tara90@example.com
CUST_08523,Kathleen Richmond,2022-05-04,Mid-Market,North,Basic,Active,stephenwade@example.com
CUST_08524,Jade Kramer,2023-12-04,Mid-Market,East,Enterprise,Active,vaughankatrina@example.net
CUST_08525,Mitchell Castro,2021-01-30,Enterprise,South,Pro,Active,anneblack@example.com
CUST_08526,Amber Hahn,2023-11-09,Mid-Market,South,Pro,Churned,lfreeman@example.com
CUST_08527,Nathan Hubbard,2023-05-05,Mid-Market,East,Basic,Active,pattersonstacey@example.org
CUST_08528,Luis Norman,2023-06-29,Enterprise,West,Pro,Active,johnsonkari@example.com
CUST_08529,Christopher Daniel,2024-03-07,Mid-Market,South,Pro,Active,veronicalane@example.net
CUST_08530,Rebecca Smith,2021-11-14,SMB,East,Basic,Active,ealvarez@example.com
CUST_08531,Stephanie Evans,2023-11-25,SMB,East,Enterprise,Churned,traceycampbell@example.org
CUST_08532,Troy Oliver,2022-05-17,Mid-Market,East,Basic,Active,lisadavis@example.org
CUST_08533,Kaitlyn Castaneda PhD,2021-12-24,Mid-Market,North,Pro,Churned,chapmanyolanda@example.com
CUST_08534,Mary Baker,2021-07-23,Mid-Market,East,Basic,Active,ljohnson@example.net
CUST_08535,Michael Palmer,2021-11-23,Enterprise,International,Pro,Active,raymondbruce@example.com
CUST_08536,Thomas Garcia,2021-03-02,Enterprise,East,Pro,Churned,nicolerandolph@example.net
CUST_08537,Haley Clarke PhD,2021-06-23,SMB,North,Basic,Churned,sandrawalsh@example.net
CUST_08538,Kimberly Mckinney,2021-01-02,SMB,East,Enterprise,Churned,yvette19@example.com
CUST_08539,Juan Haynes,2021-11-21,Mid-Market,International,Enterprise,Churned,robert74@example.net
CUST_08540,Carolyn Jackson,2024-01-29,SMB,North,Enterprise,Active,qwaller@example.org
CUST_08541,Alejandra Russell,2023-07-08,SMB,North,Pro,Active,sdavis@example.net
CUST_08542,Karina Taylor,2022-03-30,SMB,North,Pro,Active,lisa88@example.com
CUST_08543,Tracy Russell,2021-02-21,Enterprise,International,Pro,Active,gainesjoseph@example.org
CUST_08544,Jeffrey Johnson,2022-11-11,SMB,International,Basic,Active,mooredana@example.net
CUST_08545,Ashley Spencer,2024-04-07,SMB,East,Pro,Churned,vazquezbrian@example.com
CUST_08546,Brian Silva,2023-04-26,Mid-Market,North,Pro,Active,ubishop@example.org
CUST_08547,Christopher Bennett,2023-04-09,Mid-Market,International,Basic,Active,taylor02@example.org
CUST_08548,Benjamin Collins,2023-01-31,Mid-Market,West,Basic,Active,hardindavid@example.com
CUST_08549,Kevin Burgess,2022-03-30,Enterprise,South,Enterprise,Active,adam56@example.net
CUST_08550,Donna Avery,2023-01-12,SMB,International,Pro,Active,tmcgee@example.com
CUST_08551,Donald Kidd,2022-04-24,SMB,South,Basic,Active,isolomon@example.com
CUST_08552,Andrea Hensley,2022-01-28,SMB,West,Pro,Active,djohnson@example.com
CUST_08553,Charles Clark,2022-01-25,Mid-Market,International,Enterprise,Active,sarah57@example.org
CUST_08554,Angela Graham,2022-07-05,SMB,South,Basic,Churned,sgonzalez@example.org
CUST_08555,Angela Thomas,2023-10-14,Enterprise,West,Basic,Active,garciaangel@example.net
CUST_08556,Angela Hall,2021-12-21,Mid-Market,West,Enterprise,Active,talvarado@example.net
CUST_08557,Kevin Simpson,2021-05-27,SMB,East,Pro,Active,zacharywalker@example.net
CUST_08558,Joel Jefferson,2023-06-17,SMB,International,Pro,Active,jessicathomas@example.com
CUST_08559,Michael Evans,2022-04-02,Mid-Market,South,Basic,Active,davidanderson@example.net
CUST_08560,Robert Davis,2022-09-15,SMB,International,Enterprise,Churned,brandon04@example.net
CUST_08561,Michele Ward,2024-01-30,Mid-Market,South,Pro,Active,josephadams@example.net
CUST_08562,Ronnie Warner,2021-09-04,SMB,South,Basic,Churned,roy66@example.org
CUST_08563,Angela Mason,2024-04-30,Mid-Market,East,Enterprise,Active,taylorsamantha@example.com
CUST_08564,Hector Fry,2023-10-26,SMB,West,Enterprise,Churned,dana97@example.net
CUST_08565,John Kline,2022-09-15,SMB,North,Pro,Churned,rkelly@example.com
CUST_08566,Kathleen Sanders,2022-01-07,SMB,East,Enterprise,Active,kbrock@example.net
CUST_08567,Eric Dixon,2023-07-08,Enterprise,South,Enterprise,Active,wstark@example.net
CUST_08568,Susan Lewis,2021-11-01,Mid-Market,South,Basic,Active,kimberly21@example.com
CUST_08569,Dawn Gomez DDS,2021-01-07,SMB,West,Pro,Active,jennifer42@example.org
CUST_08570,Brandon Smith,2022-10-07,Mid-Market,South,Enterprise,Active,leslieoliver@example.org
CUST_08571,Jonathan Duran,2022-08-05,SMB,International,Pro,Churned,robertojones@example.com
CUST_08572,Anthony Larson,2023-06-03,SMB,North,Basic,Active,herrerajeremy@example.com
CUST_08573,Manuel Ray,2021-05-17,SMB,International,Pro,Active,johnsonstephen@example.net
CUST_08574,David Smith,2021-02-12,Mid-Market,South,Basic,Active,jimenezbarry@example.net
CUST_08575,Matthew Rubio,2024-05-15,Mid-Market,South,Basic,Active,joseph51@example.org
CUST_08576,Vanessa Johnson,2022-04-17,SMB,South,Pro,Active,gregory20@example.net
CUST_08577,Faith Morris,2023-07-14,SMB,International,Enterprise,Active,vickigarcia@example.net
CUST_08578,Heather Lozano,2021-02-04,Mid-Market,South,Enterprise,Active,autumn59@example.org
CUST_08579,Andrea Neal,2021-02-13,Mid-Market,North,Enterprise,Active,hamiltonmatthew@example.org
CUST_08580,Angel Gardner,2022-09-28,Mid-Market,North,Pro,Active,brewerkatie@example.org
CUST_08581,Andrew Wright,2021-04-13,SMB,South,Pro,Active,james36@example.org
CUST_08582,Debra Serrano,2021-08-25,SMB,West,Enterprise,Active,harrisoneric@example.org
CUST_08583,Gail Collins,2021-08-10,SMB,North,Pro,Churned,baxtercory@example.com
CUST_08584,Jennifer Jimenez,2022-09-19,Enterprise,North,Pro,Active,nicolaswilson@example.org
CUST_08585,Christopher Brooks,2023-03-11,Mid-Market,West,Basic,Churned,michael35@example.com
CUST_08586,Linda Mcintosh,2021-04-26,SMB,East,Basic,Active,christopherbeck@example.org
CUST_08587,Robert Stokes,2021-02-15,Mid-Market,East,Pro,Active,cordovapriscilla@example.org
CUST_08588,David Estrada,2021-05-24,SMB,International,Basic,Active,iterry@example.net
CUST_08589,Dakota Benson,2022-10-25,Enterprise,International,Basic,Active,fdudley@example.com
CUST_08590,Donald Dalton,2021-03-25,Mid-Market,North,Pro,Active,hinesaaron@example.com
CUST_08591,Brian Anderson,2024-02-15,Mid-Market,International,Basic,Active,jennifer84@example.net
CUST_08592,Deanna Hayes,2023-05-09,SMB,East,Basic,Active,christinecoleman@example.org
CUST_08593,Edward Rodriguez,2021-05-31,SMB,South,Enterprise,Active,melissalopez@example.org
CUST_08594,Michael Farley,2021-07-22,Mid-Market,North,Enterprise,Active,bryan75@example.org
CUST_08595,Megan West,2023-09-24,SMB,South,Pro,Active,paul82@example.com
CUST_08596,Debbie Rojas,2021-09-21,SMB,East,Pro,Active,zhansen@example.com
CUST_08597,Cristian Murillo,2022-03-23,Enterprise,South,Enterprise,Active,katrina79@example.org
CUST_08598,Abigail Burnett,2023-07-14,SMB,South,Pro,Active,parkcandace@example.com
CUST_08599,Krystal Sosa,2022-09-19,Enterprise,West,Basic,Active,paul36@example.com
CUST_08600,Cory Durham,2022-07-23,SMB,East,Enterprise,Active,katherineyang@example.net
CUST_08601,Joseph Wright,2023-02-12,Mid-Market,East,Enterprise,Active,fcook@example.org
CUST_08602,Bobby Miller,2022-04-28,Mid-Market,International,Pro,Active,melaniehoward@example.net
CUST_08603,Luke Hudson,2023-05-24,Mid-Market,East,Basic,Active,rachelduke@example.net
CUST_08604,Patricia Bartlett,2021-01-17,SMB,East,Pro,Active,macknicole@example.com
CUST_08605,Olivia Reyes,2021-06-11,SMB,East,Pro,Active,brian87@example.com
CUST_08606,John Smith,2024-04-11,Mid-Market,North,Pro,Churned,amy33@example.com
CUST_08607,Dr. Christopher Bradford DDS,2022-07-31,SMB,East,Pro,Active,michelle42@example.org
CUST_08608,Patricia Sullivan,2023-07-17,Mid-Market,East,Basic,Churned,jason93@example.net
CUST_08609,Mary Velasquez,2024-02-23,Mid-Market,North,Basic,Active,sjohnson@example.org
CUST_08610,Christina Warner,2021-12-01,Enterprise,East,Basic,Active,christinegreene@example.net
CUST_08611,Thomas Mcgee,2021-07-05,Mid-Market,South,Basic,Active,yramirez@example.com
CUST_08612,Jennifer Frazier,2021-01-15,Mid-Market,South,Basic,Active,heathelizabeth@example.net
CUST_08613,Tammy Jenkins,2021-03-05,SMB,International,Enterprise,Churned,lward@example.com
CUST_08614,Linda Collins,2021-08-24,Mid-Market,East,Enterprise,Active,weissgregory@example.net
CUST_08615,Frank Blankenship,2023-10-11,Enterprise,South,Pro,Active,stevenmartinez@example.net
CUST_08616,Lindsey Lynn,2021-08-06,Enterprise,South,Pro,Active,hansonbrenda@example.org
CUST_08617,Crystal Evans,2024-05-15,SMB,West,Pro,Active,lruiz@example.org
CUST_08618,Jonathan Campbell,2023-09-07,SMB,International,Basic,Active,bradley14@example.com
CUST_08619,April Thompson,2022-05-17,Mid-Market,South,Pro,Churned,christophervargas@example.com
CUST_08620,Matthew Gomez,2023-04-06,SMB,North,Enterprise,Churned,feliciablack@example.net
CUST_08621,Nicholas Cisneros,2023-12-17,Mid-Market,West,Pro,Active,fowlerwilliam@example.org
CUST_08622,Gabriel Mcconnell,2024-02-25,Mid-Market,North,Basic,Active,saracamacho@example.net
CUST_08623,Audrey Rodriguez,2022-02-10,SMB,North,Basic,Churned,worr@example.net
CUST_08624,Rita Spears,2023-11-23,SMB,West,Basic,Active,vchristensen@example.org
CUST_08625,Caleb Gordon,2022-07-21,Enterprise,South,Basic,Active,djohnson@example.org
CUST_08626,Cheryl Chavez,2022-09-01,SMB,North,Enterprise,Churned,riosfrank@example.org
CUST_08627,Jordan Rodriguez,2024-02-28,SMB,South,Basic,Active,adrianhickman@example.com
CUST_08628,Phyllis Mcpherson,2023-02-18,Mid-Market,West,Basic,Churned,ndowns@example.net
CUST_08629,Marcus Mathews,2021-12-28,SMB,West,Pro,Active,swalters@example.com
CUST_08630,Dennis Diaz,2021-12-01,SMB,International,Enterprise,Active,wthompson@example.com
CUST_08631,Rachel Carroll,2021-02-08,SMB,East,Enterprise,Active,kimberly52@example.org
CUST_08632,Lisa Olson,2022-12-28,SMB,South,Basic,Active,whitecrystal@example.net
CUST_08633,Justin Flores,2021-06-13,Mid-Market,North,Pro,Active,megan22@example.org
CUST_08634,Nicholas Shaw,2022-10-10,SMB,West,Basic,Churned,ymahoney@example.net
CUST_08635,Kyle Sandoval,2021-09-09,Mid-Market,International,Enterprise,Active,pwest@example.net
CUST_08636,Sean Young,2021-10-25,SMB,West,Basic,Active,anthonyross@example.org
CUST_08637,Anthony Sims,2021-12-24,SMB,North,Enterprise,Active,vmiller@example.com
CUST_08638,Heather Gallegos,2022-02-09,SMB,West,Pro,Active,mlopez@example.com
CUST_08639,Barbara Nash,2022-09-29,Mid-Market,South,Enterprise,Active,chadbailey@example.com
CUST_08640,Sara Nelson,2022-10-19,Enterprise,South,Pro,Active,sharris@example.com
CUST_08641,Marvin Lewis,2021-12-25,SMB,International,Basic,Active,hsanchez@example.com
CUST_08642,Amy Cruz,2021-04-19,SMB,West,Enterprise,Active,rcarey@example.com
CUST_08643,Jonathan Velez,2022-09-21,Mid-Market,North,Basic,Churned,cooktammy@example.org
CUST_08644,Kristen Rivera,2022-05-19,SMB,East,Enterprise,Active,ian88@example.net
CUST_08645,Nicholas Griffin,2022-06-08,SMB,North,Basic,Active,anelson@example.org
CUST_08646,Shawn Davis,2022-07-31,Mid-Market,International,Pro,Active,michelle82@example.net
CUST_08647,Ryan Watson,2022-03-28,Enterprise,West,Enterprise,Active,lmiller@example.com
CUST_08648,Melissa Wallace,2021-12-22,SMB,South,Pro,Active,alexis09@example.com
CUST_08649,Derek Guerrero,2023-11-17,Mid-Market,International,Basic,Active,brent71@example.net
CUST_08650,Frank Marsh,2022-09-07,SMB,East,Pro,Active,urodriguez@example.com
CUST_08651,Catherine Hobbs,2022-06-21,SMB,South,Enterprise,Active,moodystacey@example.net
CUST_08652,Monica Brown,2021-09-14,Mid-Market,West,Pro,Active,andrea13@example.org
CUST_08653,Valerie Shannon,2021-01-05,SMB,West,Enterprise,Active,james16@example.net
CUST_08654,Madison Combs,2023-11-04,SMB,West,Basic,Churned,gomezdavid@example.org
CUST_08655,Ricky Brown,2022-05-17,SMB,West,Enterprise,Active,zjohnson@example.com
CUST_08656,Sue Trevino,2021-06-30,Mid-Market,West,Basic,Active,xhodge@example.com
CUST_08657,John Sandoval,2024-01-03,SMB,West,Basic,Active,cruzalejandro@example.org
CUST_08658,Michelle Brown,2022-10-08,Enterprise,West,Basic,Active,wroberts@example.org
CUST_08659,Daryl Arnold,2023-04-03,Mid-Market,North,Basic,Active,andrew14@example.net
CUST_08660,Jesse Smith,2022-12-16,SMB,North,Pro,Active,rhondariddle@example.org
CUST_08661,Brian Lee,2022-05-04,SMB,North,Pro,Active,michellehamilton@example.com
CUST_08662,Heather Moore,2022-09-26,Mid-Market,South,Basic,Active,jonessarah@example.org
CUST_08663,Juan Mahoney,2021-09-19,SMB,South,Enterprise,Active,robertdunn@example.org
CUST_08664,Janice Ryan,2024-04-11,SMB,North,Basic,Active,markfields@example.com
CUST_08665,Daniel Mccarty,2024-03-23,SMB,North,Pro,Active,ifrench@example.com
CUST_08666,Mike Ortiz,2022-05-13,SMB,East,Enterprise,Churned,mark68@example.net
CUST_08667,Jessica Yu,2021-03-19,SMB,East,Pro,Churned,natalieharvey@example.com
CUST_08668,Leah Rivera,2022-01-17,Mid-Market,East,Pro,Active,whitecrystal@example.net
CUST_08669,Sheila Cardenas,2022-11-09,Mid-Market,North,Basic,Active,christina07@example.net
CUST_08670,Ellen Gibson,2023-02-23,SMB,South,Basic,Active,john02@example.org
CUST_08671,Robert Wells,2023-02-27,SMB,East,Basic,Active,diana50@example.net
CUST_08672,Dr. Kristi Smith MD,2022-04-15,SMB,West,Pro,Active,romerosean@example.net
CUST_08673,Mrs. Angel Mccullough DDS,2021-03-02,SMB,North,Enterprise,Active,nealkatelyn@example.com
CUST_08674,Ashley Williams,2022-12-25,Mid-Market,East,Enterprise,Active,psmith@example.net
CUST_08675,Michael King,2023-12-21,SMB,North,Pro,Active,meredith32@example.com
CUST_08676,Cesar Mcpherson,2022-01-04,Enterprise,South,Enterprise,Active,hartkristen@example.org
CUST_08677,Angelica Carroll,2022-02-11,SMB,South,Basic,Churned,jessica26@example.com
CUST_08678,Kelly Boyle,2023-01-11,SMB,East,Pro,Active,russellmichael@example.com
CUST_08679,Carrie Humphrey,2023-04-08,SMB,East,Enterprise,Active,hornadam@example.net
CUST_08680,Kelly Dickson,2022-08-22,SMB,West,Pro,Active,tmay@example.net
CUST_08681,Elizabeth Ellis,2023-02-12,Mid-Market,West,Pro,Active,lmartin@example.net
CUST_08682,Tom Jordan,2021-07-23,Enterprise,North,Basic,Active,christiancampos@example.net
CUST_08683,Dustin Hansen,2023-07-15,SMB,South,Pro,Active,griffithtravis@example.org
CUST_08684,Scott Mcmahon,2021-09-28,Enterprise,International,Pro,Churned,garzatina@example.net
CUST_08685,Jermaine Ruiz,2021-04-04,Mid-Market,International,Enterprise,Active,christophersmith@example.org
CUST_08686,Emma Cochran,2023-08-06,SMB,North,Pro,Active,uterrell@example.net
CUST_08687,Gary Stephens,2022-06-16,Mid-Market,South,Basic,Active,nealmichael@example.org
CUST_08688,Laura Williams,2021-12-10,Mid-Market,North,Enterprise,Churned,simpsonsandra@example.com
CUST_08689,Kara Perez,2022-07-05,Mid-Market,West,Enterprise,Churned,hbarton@example.net
CUST_08690,Ashley Schmitt,2021-06-15,SMB,East,Pro,Active,colefrederick@example.org
CUST_08691,Scott Hines,2021-05-19,SMB,North,Pro,Churned,nguyentiffany@example.net
CUST_08692,Stephanie Nichols,2022-01-04,SMB,East,Enterprise,Active,cmcknight@example.com
CUST_08693,Daniel Kim,2022-06-02,SMB,South,Basic,Active,tsullivan@example.com
CUST_08694,David Larsen,2023-03-15,SMB,East,Basic,Active,briana60@example.com
CUST_08695,Casey Walters,2023-09-28,Mid-Market,International,Pro,Active,stephanieflynn@example.org
CUST_08696,Allen Bryant,2023-01-21,Mid-Market,South,Basic,Churned,darrellphelps@example.net
CUST_08697,Stephanie Graham,2022-01-30,SMB,North,Basic,Churned,ypowers@example.net
CUST_08698,Melissa Woods,2023-12-11,Enterprise,North,Pro,Active,gary90@example.net
CUST_08699,Carolyn Weaver,2021-04-06,Enterprise,East,Basic,Churned,kelly06@example.net
CUST_08700,Evelyn Hunter,2023-02-24,SMB,West,Basic,Active,traceyjones@example.org
CUST_08701,Robin Perez,2024-02-01,SMB,International,Basic,Active,morsekenneth@example.org
CUST_08702,Gabriel Clark,2022-04-27,SMB,International,Basic,Churned,robert50@example.com
CUST_08703,Christopher Johnson,2022-09-08,SMB,International,Basic,Active,gail41@example.com
CUST_08704,Anna Hardy,2021-03-20,SMB,East,Enterprise,Active,state@example.org
CUST_08705,Mr. Daniel Alexander,2022-05-01,SMB,East,Basic,Active,scottmary@example.com
CUST_08706,Calvin Anderson,2021-05-29,SMB,East,Pro,Churned,simmonsmorgan@example.com
CUST_08707,Shane Sherman,2024-05-30,SMB,East,Basic,Churned,steeleamanda@example.com
CUST_08708,Tim Goodwin,2023-12-28,SMB,West,Pro,Active,burtonbrett@example.net
CUST_08709,Jessica Taylor,2022-12-08,SMB,East,Pro,Active,stephaniewoods@example.org
CUST_08710,Paul Shepard,2022-11-09,Mid-Market,West,Pro,Active,jpitts@example.org
CUST_08711,Kyle Hampton,2021-02-13,Mid-Market,South,Enterprise,Active,ogalvan@example.com
CUST_08712,Stacy Boyd,2022-10-18,SMB,East,Basic,Active,fbeltran@example.net
CUST_08713,Andrew Moreno,2024-05-20,SMB,West,Enterprise,Active,katherine91@example.net
CUST_08714,James Jones,2024-04-10,SMB,East,Basic,Active,lfrench@example.org
CUST_08715,Brenda Brown,2022-08-02,Mid-Market,East,Enterprise,Active,donald17@example.org
CUST_08716,Julie Wade,2021-03-30,SMB,North,Basic,Active,swagner@example.net
CUST_08717,Karen Macias,2022-03-11,Mid-Market,North,Enterprise,Churned,ingramjonathan@example.net
CUST_08718,Teresa Ford,2023-08-07,SMB,North,Pro,Active,jefferywade@example.net
CUST_08719,Kevin Russell,2023-08-18,Enterprise,International,Basic,Active,angela13@example.org
CUST_08720,Elizabeth Donaldson,2023-06-09,Mid-Market,West,Basic,Active,nicolejohns@example.com
CUST_08721,Jeanne Wilson,2023-12-20,SMB,South,Basic,Churned,john93@example.org
CUST_08722,Richard Miller,2022-02-19,Enterprise,West,Pro,Churned,kschwartz@example.com
CUST_08723,Thomas Gray,2023-08-31,SMB,North,Basic,Active,francoaustin@example.net
CUST_08724,Michele Armstrong,2022-05-24,Mid-Market,North,Basic,Active,mcguirechristopher@example.net
CUST_08725,Charles Horton,2022-06-13,SMB,West,Enterprise,Active,bnguyen@example.com
CUST_08726,Elizabeth Smith,2021-01-27,SMB,International,Enterprise,Active,trananna@example.net
CUST_08727,Anthony Perez,2021-06-11,SMB,International,Pro,Churned,tturner@example.org
CUST_08728,Benjamin Morgan,2022-04-20,SMB,South,Pro,Churned,gabriel61@example.net
CUST_08729,Megan Anderson,2023-09-18,SMB,West,Pro,Churned,murphyjennifer@example.org
CUST_08730,Robert Tyler,2023-11-24,Enterprise,West,Pro,Active,krystallewis@example.com
CUST_08731,Andrew Hughes,2023-07-19,SMB,International,Enterprise,Active,debramontoya@example.net
CUST_08732,Lindsey Brandt,2021-09-21,SMB,International,Enterprise,Churned,stacey37@example.net
CUST_08733,Holly Dodson,2023-07-14,Mid-Market,North,Pro,Churned,dawn08@example.net
CUST_08734,Jacqueline Johnson,2023-12-30,Enterprise,International,Enterprise,Active,tanyarogers@example.com
CUST_08735,Cheryl Cruz,2022-09-22,SMB,International,Basic,Churned,heather33@example.org
CUST_08736,Kayla Blackwell,2022-09-29,SMB,International,Basic,Active,jessica52@example.net
CUST_08737,Samantha Morris,2022-01-16,SMB,East,Basic,Active,lisa28@example.com
CUST_08738,Dr. Deanna Orozco PhD,2024-04-08,Mid-Market,South,Pro,Active,dylanibarra@example.net
CUST_08739,Shannon Young,2022-03-29,SMB,East,Pro,Active,sarahlewis@example.com
CUST_08740,Robert Fuller,2023-03-02,SMB,East,Basic,Churned,danielmartinez@example.net
CUST_08741,Katherine Mcmahon,2023-09-11,SMB,West,Enterprise,Active,sharrison@example.net
CUST_08742,Christopher Bean,2022-12-24,Enterprise,West,Basic,Active,judithwood@example.net
CUST_08743,Thomas Jones,2021-06-07,SMB,West,Pro,Active,joneszachary@example.org
CUST_08744,Kirsten Bates,2023-02-18,SMB,East,Basic,Active,romerobrenda@example.org
CUST_08745,Christine Burke,2022-09-21,SMB,North,Basic,Active,lopezlinda@example.net
CUST_08746,Matthew Hart,2021-06-04,SMB,East,Basic,Active,bshort@example.org
CUST_08747,Peter Berger,2022-12-07,Mid-Market,East,Enterprise,Active,annarussell@example.net
CUST_08748,Madison Gardner,2023-11-01,SMB,West,Basic,Active,joel58@example.com
CUST_08749,Joshua Ware,2024-04-02,Enterprise,West,Basic,Active,william80@example.com
CUST_08750,Kelly Ayala,2024-01-27,SMB,South,Enterprise,Active,lhopkins@example.com
CUST_08751,Joyce Hawkins,2023-04-17,SMB,West,Basic,Active,whitejustin@example.com
CUST_08752,Timothy Douglas,2024-03-25,SMB,North,Enterprise,Active,rnelson@example.org
CUST_08753,Theresa Silva,2022-06-23,Mid-Market,East,Basic,Active,jjohnson@example.net
CUST_08754,John Watson,2022-10-21,Mid-Market,South,Pro,Active,lauramcfarland@example.net
CUST_08755,Kevin Johnson,2023-06-27,Enterprise,East,Enterprise,Active,steven89@example.net
CUST_08756,Robin Summers,2023-09-25,SMB,North,Enterprise,Churned,deborahlawson@example.org
CUST_08757,Marcus Kelly,2023-08-08,SMB,West,Basic,Active,hbutler@example.net
CUST_08758,Denise Deleon,2022-05-10,Enterprise,West,Pro,Churned,amber45@example.com
CUST_08759,Jason Knight,2022-02-16,Mid-Market,North,Pro,Churned,denisejackson@example.com
CUST_08760,David Fleming,2021-02-19,SMB,East,Pro,Active,hunterchad@example.com
CUST_08761,Ronnie Watkins,2021-08-02,SMB,West,Basic,Active,ttrujillo@example.com
CUST_08762,Jeff Brooks,2022-10-02,Mid-Market,North,Pro,Active,sarah08@example.net
CUST_08763,Tammy Bell,2023-09-04,SMB,North,Basic,Active,williamsbradley@example.org
CUST_08764,Sean Mcmillan,2023-12-04,Mid-Market,North,Enterprise,Churned,donnamckenzie@example.com
CUST_08765,Suzanne Butler,2023-08-11,SMB,East,Enterprise,Active,hdorsey@example.com
CUST_08766,Carrie Beasley,2021-08-02,Mid-Market,South,Basic,Active,andrew44@example.org
CUST_08767,Robert Nelson,2023-08-16,SMB,South,Pro,Active,amanda61@example.net
CUST_08768,Duane Gonzales,2023-04-02,SMB,North,Enterprise,Active,scott82@example.com
CUST_08769,Rebecca George,2021-08-24,Mid-Market,International,Enterprise,Active,reidrhonda@example.net
CUST_08770,Terri Crane,2021-08-02,Mid-Market,North,Pro,Active,walkermichael@example.net
CUST_08771,Pamela Marshall,2022-11-03,SMB,East,Basic,Churned,rodney43@example.org
CUST_08772,Aaron Mann,2021-01-15,SMB,West,Pro,Active,vbrown@example.com
CUST_08773,Ashley Villegas,2022-11-13,Mid-Market,South,Enterprise,Active,jamieochoa@example.com
CUST_08774,Yvonne Francis,2024-01-01,SMB,South,Pro,Active,rhardy@example.com
CUST_08775,Lisa Henderson,2021-09-01,Mid-Market,West,Basic,Churned,colinpetty@example.com
CUST_08776,David Hines,2022-02-07,Mid-Market,West,Pro,Active,rkline@example.org
CUST_08777,Patrick Richard,2021-09-19,Mid-Market,International,Basic,Active,patrickorr@example.org
CUST_08778,Amber Park,2024-01-14,Mid-Market,International,Basic,Active,terry88@example.com
CUST_08779,Vincent Watson,2023-01-17,Mid-Market,North,Basic,Active,dennis11@example.net
CUST_08780,Shaun Thompson,2022-12-24,Mid-Market,West,Pro,Active,reginaldpaul@example.org
CUST_08781,Jordan Davis,2024-03-31,Enterprise,North,Basic,Active,ccochran@example.net
CUST_08782,Joshua Jones,2023-08-06,Enterprise,West,Basic,Active,stevenlucas@example.net
CUST_08783,Patricia Brady,2021-12-13,SMB,International,Pro,Active,alicia88@example.org
CUST_08784,Michael Nelson,2022-10-04,SMB,International,Pro,Active,ryan57@example.net
CUST_08785,Robert Drake,2021-07-22,Mid-Market,West,Enterprise,Churned,wwalsh@example.org
CUST_08786,Douglas Sanford,2023-10-01,SMB,South,Basic,Active,dmitchell@example.org
CUST_08787,Michael Sparks,2022-11-24,SMB,East,Basic,Churned,shanebentley@example.net
CUST_08788,Thomas Martinez,2023-07-13,SMB,East,Basic,Churned,ramosdavid@example.org
CUST_08789,Jose Sutton,2023-12-14,SMB,South,Enterprise,Churned,riverajoseph@example.org
CUST_08790,Jessica Lawrence,2024-01-07,Mid-Market,International,Enterprise,Active,shayes@example.org
CUST_08791,Brian Collier,2023-04-05,Mid-Market,North,Pro,Active,samantha88@example.com
CUST_08792,James Lee,2024-02-13,Enterprise,South,Pro,Active,michealwalton@example.org
CUST_08793,Cameron Wagner,2023-05-12,Enterprise,North,Pro,Active,vflores@example.com
CUST_08794,Kathryn Johnson,2023-07-17,Enterprise,South,Pro,Active,campbellcarlos@example.org
CUST_08795,Rachel Carlson,2023-02-28,SMB,North,Enterprise,Active,hgarza@example.net
CUST_08796,Jason Smith,2024-02-10,Mid-Market,International,Pro,Churned,qmoran@example.com
CUST_08797,Laura Carson,2023-12-13,SMB,International,Basic,Active,trevormedina@example.org
CUST_08798,Miguel Parrish,2021-01-01,SMB,North,Basic,Active,mperkins@example.org
CUST_08799,Latasha Fitzgerald,2023-03-25,Mid-Market,East,Pro,Active,lisaporter@example.net
CUST_08800,Victoria Potts,2021-11-13,SMB,West,Pro,Churned,abigailhobbs@example.org
CUST_08801,Chelsea Suarez,2021-05-06,SMB,East,Basic,Active,adam31@example.net
CUST_08802,Michael Baldwin,2021-12-15,SMB,South,Enterprise,Active,zgreen@example.com
CUST_08803,David Morris,2023-03-13,Mid-Market,East,Pro,Churned,jessicafranco@example.org
CUST_08804,Suzanne Murphy,2021-05-19,Mid-Market,International,Basic,Active,kevin67@example.net
CUST_08805,Kelly Guerrero,2021-09-17,SMB,North,Basic,Active,waltonpatricia@example.net
CUST_08806,John White,2024-05-02,Enterprise,West,Pro,Active,andersonvirginia@example.net
CUST_08807,Eric Cowan,2022-03-20,SMB,East,Basic,Active,gglenn@example.com
CUST_08808,Sarah Mitchell,2023-03-11,SMB,East,Basic,Churned,mccormickjohn@example.net
CUST_08809,Thomas Keller,2023-09-26,SMB,West,Enterprise,Active,amandadelacruz@example.org
CUST_08810,Rebecca Powell,2021-04-19,Mid-Market,East,Basic,Active,ostewart@example.net
CUST_08811,Gabrielle Burton,2023-01-07,SMB,International,Pro,Active,mckenzie12@example.org
CUST_08812,Chad Holloway,2021-11-01,SMB,West,Basic,Active,laura80@example.com
CUST_08813,Christopher White,2023-11-23,SMB,West,Basic,Active,tyler03@example.org
CUST_08814,Yesenia Miller,2021-02-24,Enterprise,West,Pro,Active,stevenwalter@example.org
CUST_08815,Joshua Smith,2021-02-07,SMB,South,Pro,Active,jramirez@example.net
CUST_08816,Kristina Rosales,2024-04-13,Enterprise,South,Pro,Active,michael79@example.org
CUST_08817,Zachary Wolf,2022-09-02,SMB,International,Enterprise,Churned,barkerjessica@example.org
CUST_08818,Rebecca Evans,2021-03-28,SMB,West,Basic,Churned,robinsoncourtney@example.org
CUST_08819,Jacob Douglas,2021-07-16,SMB,East,Enterprise,Churned,hbrown@example.net
CUST_08820,David Pacheco,2021-05-26,SMB,North,Enterprise,Active,ghill@example.com
CUST_08821,Tracy Martinez,2023-11-18,SMB,East,Basic,Churned,hunterroberts@example.org
CUST_08822,Sheila Mcgee,2022-07-08,SMB,West,Basic,Active,bryan02@example.org
CUST_08823,Shawn Moore,2023-05-12,Enterprise,International,Basic,Active,robinsonbecky@example.net
CUST_08824,Mitchell Edwards,2024-01-12,SMB,South,Pro,Active,campbelljacob@example.org
CUST_08825,Christopher Garcia,2021-02-13,SMB,North,Pro,Active,kimberly91@example.com
CUST_08826,Amy Wolf,2021-02-12,SMB,South,Pro,Churned,jeffrey21@example.org
CUST_08827,John May,2022-10-22,SMB,North,Basic,Active,lisachase@example.net
CUST_08828,Rebecca Randolph,2022-11-08,SMB,East,Pro,Active,cynthiapittman@example.net
CUST_08829,Maria Watts,2023-05-14,SMB,South,Pro,Active,weberashley@example.net
CUST_08830,Sheila Washington,2024-05-13,SMB,South,Pro,Active,andrewrodriguez@example.net
CUST_08831,Sara Garcia,2021-08-16,Enterprise,West,Basic,Active,joshua31@example.com
CUST_08832,Yvonne Miller,2022-01-19,Mid-Market,South,Enterprise,Active,daniel04@example.net
CUST_08833,Robin Boyd,2021-03-18,SMB,West,Pro,Churned,russellelizabeth@example.com
CUST_08834,Maria Johnson,2021-03-23,SMB,East,Basic,Active,jensenjacob@example.org
CUST_08835,Cheryl Wang,2022-07-06,SMB,South,Enterprise,Active,deborahbarnett@example.org
CUST_08836,Bonnie Andersen,2023-08-27,Enterprise,West,Enterprise,Active,brettlutz@example.com
CUST_08837,Jason Cross,2023-09-20,SMB,East,Enterprise,Churned,beardronald@example.org
CUST_08838,Brenda Roth,2023-12-25,Mid-Market,International,Enterprise,Active,linda01@example.org
CUST_08839,William Hayes,2021-07-13,Mid-Market,East,Pro,Active,lauren32@example.com
CUST_08840,Lauren Shaffer,2023-05-06,SMB,West,Basic,Churned,bcontreras@example.com
CUST_08841,Sharon Hicks,2021-06-14,SMB,West,Basic,Active,kcarey@example.org
CUST_08842,Samantha Dawson,2021-11-12,SMB,North,Enterprise,Churned,lorithomas@example.net
CUST_08843,Andrew Smith,2022-12-07,Enterprise,East,Enterprise,Active,bchristensen@example.com
CUST_08844,Kelly Scott,2024-02-12,Mid-Market,South,Enterprise,Active,garcialaura@example.net
CUST_08845,Carol Salinas,2023-02-14,SMB,West,Enterprise,Active,april90@example.com
CUST_08846,Gary Newman,2022-11-11,Mid-Market,South,Pro,Active,jasminedunn@example.com
CUST_08847,Vanessa Peterson,2023-01-08,SMB,International,Enterprise,Churned,xturner@example.com
CUST_08848,Sarah Thomas,2023-10-23,SMB,South,Enterprise,Active,jacksonanna@example.org
CUST_08849,David Nelson,2023-11-11,Mid-Market,International,Pro,Active,jeremiah84@example.org
CUST_08850,Mark Butler,2022-12-23,Mid-Market,North,Basic,Active,pwagner@example.org
CUST_08851,Anthony Joseph,2022-08-09,SMB,North,Basic,Active,gordongrace@example.org
CUST_08852,Jennifer Morgan,2023-11-08,SMB,South,Basic,Churned,hendrixjonathan@example.org
CUST_08853,Robert Kim,2022-09-30,SMB,North,Basic,Active,christian74@example.net
CUST_08854,Larry Reed,2022-02-06,Mid-Market,North,Pro,Active,kingnancy@example.net
CUST_08855,Mallory Turner DVM,2021-05-15,Mid-Market,East,Enterprise,Active,karismith@example.com
CUST_08856,Jacob Shepard,2023-06-22,SMB,North,Pro,Active,whitealicia@example.org
CUST_08857,Renee Oneal,2022-07-27,Mid-Market,South,Pro,Churned,sarah94@example.com
CUST_08858,Catherine Palmer,2022-05-20,SMB,West,Enterprise,Active,claireberry@example.net
CUST_08859,Judy Marks,2023-08-01,SMB,East,Basic,Active,samuelnixon@example.net
CUST_08860,Jennifer Robinson,2021-01-12,SMB,North,Pro,Active,christina55@example.org
CUST_08861,Rachel Torres,2023-08-02,SMB,West,Basic,Churned,rschmidt@example.com
CUST_08862,Andrea Hamilton,2024-01-23,SMB,West,Basic,Active,williamhull@example.org
CUST_08863,Virginia Cortez DDS,2021-11-14,Enterprise,South,Pro,Active,michaelmartin@example.org
CUST_08864,Kathy Luna,2022-07-10,SMB,South,Basic,Active,patrick31@example.org
CUST_08865,Steven Wood,2023-09-10,SMB,East,Basic,Active,peter63@example.org
CUST_08866,Michael Hoover,2023-11-02,SMB,North,Pro,Active,jamescarpenter@example.org
CUST_08867,James Phillips,2023-12-15,Mid-Market,West,Pro,Active,oestrada@example.com
CUST_08868,Nicole Higgins,2022-10-10,SMB,International,Basic,Active,melinda46@example.net
CUST_08869,Yolanda Peterson,2023-04-29,Enterprise,North,Basic,Active,hannahlee@example.net
CUST_08870,Janet Hernandez,2024-03-01,Mid-Market,West,Basic,Active,qberg@example.net
CUST_08871,James Aguirre,2021-05-13,SMB,South,Basic,Churned,xknapp@example.com
CUST_08872,Nicole Winters,2023-10-01,Mid-Market,West,Basic,Active,zcollins@example.org
CUST_08873,Hunter Hicks,2022-09-11,Enterprise,West,Pro,Active,westchristopher@example.com
CUST_08874,Jennifer Duncan,2023-06-24,SMB,International,Pro,Active,christinacosta@example.com
CUST_08875,Maria Hickman,2021-12-16,Mid-Market,West,Pro,Active,larryharris@example.net
CUST_08876,Kathy Stewart,2023-07-13,Enterprise,East,Basic,Active,robert83@example.com
CUST_08877,Diane West,2022-12-15,Enterprise,West,Pro,Active,chad33@example.net
CUST_08878,Patrick Brown,2022-06-20,Mid-Market,North,Basic,Active,sosastacy@example.com
CUST_08879,Raymond Williams,2023-11-24,SMB,West,Basic,Churned,justinbolton@example.org
CUST_08880,Timothy Franco,2023-10-21,SMB,South,Basic,Churned,pattersonjodi@example.net
CUST_08881,Tammie Carr,2023-08-11,Enterprise,North,Basic,Active,burtonphilip@example.net
CUST_08882,Janet Spencer,2024-05-07,Mid-Market,West,Basic,Churned,hbennett@example.net
CUST_08883,Savannah Winters,2021-04-23,SMB,East,Basic,Churned,roy03@example.com
CUST_08884,Christina Jackson,2021-03-10,Enterprise,International,Basic,Active,david66@example.org
CUST_08885,Brett Howell,2023-09-20,SMB,South,Basic,Active,christopherwalker@example.com
CUST_08886,Gabrielle Graham,2023-05-01,SMB,North,Basic,Churned,mhall@example.org
CUST_08887,Michael Randall,2022-03-03,SMB,West,Enterprise,Churned,fleach@example.net
CUST_08888,Christopher Cobb Jr.,2022-01-03,Mid-Market,West,Basic,Active,jennifer61@example.com
CUST_08889,Jeffrey Gomez,2021-12-17,SMB,North,Enterprise,Active,afuller@example.com
CUST_08890,Christopher Foster,2022-07-05,Enterprise,International,Pro,Active,lisascott@example.net
CUST_08891,Robin Morgan,2021-07-15,SMB,South,Basic,Active,sthompson@example.com
CUST_08892,Anita Jordan,2023-01-20,SMB,International,Pro,Churned,robertoturner@example.net
CUST_08893,Allison Larson,2023-01-15,SMB,South,Enterprise,Churned,samantha78@example.org
CUST_08894,Dana Stone,2022-05-19,Enterprise,North,Enterprise,Active,henryalexander@example.net
CUST_08895,Brian Long,2021-03-14,SMB,North,Basic,Active,amontes@example.com
CUST_08896,David Holden,2022-05-01,SMB,West,Enterprise,Churned,patelmark@example.net
CUST_08897,Kimberly Cruz,2022-04-08,Mid-Market,North,Basic,Active,scarroll@example.org
CUST_08898,Luke Clements,2024-05-22,Enterprise,East,Basic,Active,robert91@example.org
CUST_08899,Cory Acevedo,2021-04-16,Mid-Market,North,Pro,Active,hbaxter@example.com
CUST_08900,Michael Gallagher,2022-04-07,Enterprise,East,Basic,Active,brian44@example.org
CUST_08901,Angela Sullivan,2023-01-30,Mid-Market,North,Basic,Active,harrisadam@example.org
CUST_08902,Joseph Lee,2022-03-06,Enterprise,East,Enterprise,Active,zdavis@example.org
CUST_08903,Jose Smith,2024-04-02,SMB,West,Basic,Active,edwardsdenise@example.com
CUST_08904,Melanie Mills DDS,2022-03-04,Enterprise,South,Basic,Active,alyssa40@example.org
CUST_08905,Kevin Shaw,2021-09-15,SMB,North,Enterprise,Active,serranoamanda@example.net
CUST_08906,Judy Barker,2022-09-15,Mid-Market,South,Pro,Active,elizabeth44@example.com
CUST_08907,Kimberly Goodman,2022-10-07,SMB,North,Basic,Churned,petersonjessica@example.org
CUST_08908,Tonya Vargas,2022-10-24,Mid-Market,South,Enterprise,Active,david14@example.net
CUST_08909,Michael Bowman,2023-03-26,SMB,West,Pro,Active,mariarichardson@example.net
CUST_08910,Darryl Lewis,2021-09-30,SMB,East,Enterprise,Churned,daniel81@example.com
CUST_08911,Jeffrey Richards,2021-02-07,Mid-Market,South,Basic,Churned,natashamcpherson@example.org
CUST_08912,Timothy Mcknight,2021-03-18,Mid-Market,North,Basic,Active,randy36@example.net
CUST_08913,Felicia Williams,2022-05-20,SMB,West,Pro,Active,leonmark@example.org
CUST_08914,Dana Harris,2021-07-06,Mid-Market,West,Pro,Active,lhernandez@example.org
CUST_08915,Jennifer Martinez,2021-11-12,SMB,North,Basic,Active,joselee@example.com
CUST_08916,Ann Hogan,2024-02-09,Enterprise,North,Enterprise,Active,prestonmarcus@example.com
CUST_08917,Samantha Robinson,2021-01-05,SMB,North,Enterprise,Active,gsmith@example.org
CUST_08918,Joanne Anderson,2021-10-07,Enterprise,South,Basic,Active,qjohnson@example.com
CUST_08919,Robert Murphy,2021-02-15,SMB,South,Basic,Churned,pamelalowe@example.org
CUST_08920,Mark Miles,2021-02-25,SMB,North,Enterprise,Churned,xjohnson@example.net
CUST_08921,Amanda Andrews,2024-01-21,Enterprise,East,Pro,Active,otorres@example.net
CUST_08922,Victoria Willis,2024-04-15,Mid-Market,South,Pro,Active,joshuabenton@example.com
CUST_08923,Jennifer Chambers,2022-04-17,SMB,North,Pro,Active,natasha63@example.org
CUST_08924,Jason Rosario,2023-09-20,SMB,North,Enterprise,Active,christensenemily@example.org
CUST_08925,Christy White,2023-11-30,Mid-Market,West,Basic,Active,perezraymond@example.org
CUST_08926,Douglas Perez,2024-01-06,SMB,South,Enterprise,Active,danielsrobert@example.org
CUST_08927,Allen Hardy,2024-04-02,SMB,East,Pro,Active,tara06@example.org
CUST_08928,Lisa Cross,2024-02-05,Mid-Market,South,Basic,Active,hillkelly@example.net
CUST_08929,William Garcia,2022-05-19,SMB,North,Basic,Active,hopkinsalicia@example.net
CUST_08930,Lauren Jones,2022-01-20,Mid-Market,East,Basic,Active,wileykristine@example.net
CUST_08931,Joshua Rice,2021-12-02,SMB,East,Basic,Active,jameslang@example.net
CUST_08932,Jasmine Zuniga,2023-05-30,SMB,West,Enterprise,Churned,vpatterson@example.com
CUST_08933,Lisa Brown,2024-01-22,Enterprise,East,Basic,Active,singhjason@example.org
CUST_08934,Jonathan Chavez,2022-01-09,SMB,North,Enterprise,Active,broberts@example.com
CUST_08935,Matthew Smith,2023-06-05,Mid-Market,North,Pro,Churned,nathanhayes@example.com
CUST_08936,Nicholas Rogers,2023-12-22,Mid-Market,North,Basic,Active,jon83@example.com
CUST_08937,Kimberly Mendoza,2023-10-22,Mid-Market,North,Pro,Active,george09@example.com
CUST_08938,Joshua Bailey,2024-05-16,Mid-Market,North,Pro,Active,gina79@example.net
CUST_08939,Natasha Lawrence,2024-04-04,Mid-Market,North,Pro,Active,adamwilson@example.com
CUST_08940,Susan Johnson,2021-07-16,Mid-Market,International,Enterprise,Active,trichardson@example.org
CUST_08941,Mrs. Michele Lawrence DVM,2021-11-25,Mid-Market,South,Basic,Active,whayes@example.com
CUST_08942,Tina Hensley,2023-06-26,SMB,South,Basic,Active,howard09@example.net
CUST_08943,William Christensen,2024-03-24,SMB,East,Enterprise,Active,kelly89@example.com
CUST_08944,Melanie Robinson,2022-07-27,SMB,South,Pro,Active,melendezmichael@example.com
CUST_08945,Jeremy Herman,2022-02-07,Mid-Market,West,Enterprise,Active,boylehaley@example.com
CUST_08946,Deanna Briggs,2022-12-02,SMB,International,Basic,Active,zpearson@example.net
CUST_08947,Mark Lang,2022-03-01,SMB,International,Enterprise,Active,john29@example.org
CUST_08948,Cody Baker,2021-06-13,Mid-Market,East,Pro,Active,mitchelladam@example.com
CUST_08949,Kenneth Davis,2021-03-08,SMB,South,Pro,Active,connorjoseph@example.com
CUST_08950,Karen Miranda,2024-03-14,SMB,East,Basic,Active,uaguirre@example.com
CUST_08951,Ana Mahoney,2023-09-04,SMB,South,Enterprise,Churned,cruzjessica@example.org
CUST_08952,Matthew Mccullough,2021-01-12,Mid-Market,North,Pro,Active,xhines@example.net
CUST_08953,Amanda Morales,2023-06-12,SMB,North,Enterprise,Active,nicholejenkins@example.org
CUST_08954,Jenny Frederick,2023-07-24,Mid-Market,South,Enterprise,Active,whitekatrina@example.net
CUST_08955,Teresa Daniels,2021-07-20,SMB,North,Enterprise,Churned,orogers@example.com
CUST_08956,Mr. James Valenzuela,2023-01-14,Mid-Market,East,Basic,Churned,broberson@example.org
CUST_08957,Sharon Rodriguez,2021-10-13,SMB,North,Basic,Active,joshuahoffman@example.org
CUST_08958,Donald Carr,2021-12-20,SMB,North,Enterprise,Active,rachel18@example.net
CUST_08959,Kyle Jenkins,2022-06-26,Enterprise,West,Pro,Active,hannahcastillo@example.com
CUST_08960,Rachel Hardin,2023-01-24,Enterprise,West,Basic,Active,dixonruth@example.com
CUST_08961,James Barnes,2021-10-20,Mid-Market,International,Pro,Active,jamesvaughn@example.net
CUST_08962,Jeremy Holder,2021-02-23,Mid-Market,East,Pro,Active,sandrabuchanan@example.org
CUST_08963,Connor Browning,2022-10-04,SMB,International,Enterprise,Active,ileblanc@example.net
CUST_08964,Annette Simmons,2022-07-01,Mid-Market,North,Basic,Churned,ashley97@example.org
CUST_08965,Andrea Adams,2021-11-16,Mid-Market,West,Enterprise,Churned,halexander@example.com
CUST_08966,Michael Gilbert,2021-10-15,Mid-Market,West,Enterprise,Active,alexandrawheeler@example.com
CUST_08967,Noah Marshall,2021-05-01,SMB,North,Basic,Active,hgilmore@example.org
CUST_08968,Laura Knight,2022-03-02,SMB,International,Enterprise,Active,ginaramirez@example.net
CUST_08969,Amanda Anderson,2022-01-25,Mid-Market,West,Enterprise,Active,barnettolivia@example.org
CUST_08970,Justin Oconnor,2023-04-23,Enterprise,West,Basic,Active,ocampbell@example.org
CUST_08971,Eric York,2023-01-18,SMB,International,Basic,Churned,kimberly84@example.org
CUST_08972,Elizabeth Juarez,2021-12-01,SMB,International,Basic,Active,sandra28@example.com
CUST_08973,John Morgan,2024-04-16,Mid-Market,South,Enterprise,Active,wstewart@example.net
CUST_08974,Justin Jones,2023-02-20,Mid-Market,South,Pro,Active,yvette39@example.org
CUST_08975,Rose Mercer,2022-04-22,Mid-Market,International,Pro,Churned,juliaharris@example.org
CUST_08976,Christopher Foster,2021-06-12,SMB,East,Pro,Active,mary81@example.net
CUST_08977,Emily Hart,2022-08-26,SMB,North,Pro,Active,tatedustin@example.net
CUST_08978,Robert Hall,2023-03-14,SMB,North,Pro,Active,armstrongdavid@example.com
CUST_08979,Michael Patterson,2023-11-09,Mid-Market,North,Basic,Active,janet82@example.net
CUST_08980,Angela Jackson,2022-06-09,SMB,North,Pro,Active,eddie87@example.org
CUST_08981,Kenneth Bennett,2021-05-07,SMB,West,Pro,Active,ronald52@example.org
CUST_08982,Rachel Savage,2022-08-24,SMB,West,Pro,Active,richard44@example.org
CUST_08983,Robert Roberson,2022-03-02,Mid-Market,East,Basic,Churned,jenniferhardin@example.com
CUST_08984,Gregory Richardson,2021-06-25,SMB,International,Basic,Churned,okeith@example.com
CUST_08985,Amy Lopez,2022-02-28,Enterprise,West,Basic,Churned,gonzalescarlos@example.org
CUST_08986,Suzanne Sampson,2021-06-30,SMB,North,Basic,Active,teresa57@example.com
CUST_08987,Jordan Rice,2023-03-04,SMB,South,Pro,Active,tonyarowe@example.com
CUST_08988,Melissa Stevens,2021-08-26,SMB,West,Pro,Churned,alvarezkaylee@example.net
CUST_08989,Tiffany Bell,2022-11-12,Mid-Market,International,Basic,Active,swilliamson@example.org
CUST_08990,Kaitlyn Hoover,2023-07-27,SMB,West,Basic,Active,masontony@example.com
CUST_08991,Kathy Davis,2024-01-11,SMB,West,Basic,Active,ricerebecca@example.org
CUST_08992,Daniel Holmes,2023-06-09,Enterprise,North,Basic,Active,gordonsteven@example.net
CUST_08993,Bob Hodge,2023-01-28,SMB,South,Enterprise,Active,kathleensmith@example.org
CUST_08994,Deanna Freeman,2023-05-14,Mid-Market,North,Basic,Active,mccormickkari@example.org
CUST_08995,Gary Hamilton,2023-10-19,Enterprise,West,Basic,Active,linda00@example.org
CUST_08996,Tammy Oneal,2021-03-15,Mid-Market,West,Basic,Active,egamble@example.com
CUST_08997,Daniel Miller,2023-06-18,SMB,North,Basic,Churned,kristystevens@example.com
CUST_08998,John Hanna,2022-10-20,SMB,International,Pro,Active,seanbanks@example.org
CUST_08999,Ashley Dillon,2023-11-26,SMB,North,Basic,Active,thomas12@example.com
CUST_09000,Nicole Ware,2024-04-29,SMB,South,Pro,Churned,whitneyanderson@example.com
CUST_09001,Stephanie Hughes,2021-03-21,SMB,North,Basic,Churned,dukevictoria@example.org
CUST_09002,Sean King,2024-03-23,Enterprise,West,Enterprise,Active,bkim@example.org
CUST_09003,Kathryn Key,2022-07-05,Enterprise,International,Enterprise,Active,millerandrew@example.org
CUST_09004,Melissa Daniels,2021-08-23,Enterprise,West,Pro,Active,michaeljones@example.net
CUST_09005,Jonathan Nunez,2021-08-15,SMB,International,Pro,Active,tylertanner@example.com
CUST_09006,Thomas Hensley,2022-01-14,SMB,West,Pro,Active,kennethjennings@example.org
CUST_09007,Kathleen Rodriguez,2022-11-18,Mid-Market,West,Enterprise,Active,jasonmartinez@example.com
CUST_09008,Philip Spencer,2022-12-30,SMB,North,Basic,Churned,dawnwalker@example.org
CUST_09009,Sarah Flores,2021-11-01,Mid-Market,West,Pro,Active,franknicole@example.com
CUST_09010,Thomas Mitchell,2023-06-07,Mid-Market,North,Basic,Active,anthony54@example.com
CUST_09011,Corey Phillips,2024-01-29,SMB,International,Enterprise,Churned,mccallrobert@example.net
CUST_09012,John Hogan,2021-12-17,Enterprise,International,Basic,Active,jennyevans@example.net
CUST_09013,Destiny Garcia,2022-07-10,SMB,East,Pro,Churned,ehancock@example.net
CUST_09014,Karl Simpson,2023-11-25,SMB,East,Pro,Churned,jodi60@example.org
CUST_09015,Reginald Edwards,2023-10-08,Mid-Market,North,Pro,Churned,matthew94@example.org
CUST_09016,Jacob Owens MD,2023-10-28,SMB,International,Basic,Active,ravensweeney@example.net
CUST_09017,Haley Hayes,2022-03-25,Mid-Market,West,Basic,Active,larry97@example.net
CUST_09018,Carla Moore,2022-01-01,SMB,East,Enterprise,Churned,shari43@example.com
CUST_09019,Tammy Williams,2021-06-21,Mid-Market,South,Basic,Active,frankvickie@example.net
CUST_09020,Jacqueline Boyer,2021-11-06,Mid-Market,North,Basic,Active,taylortodd@example.org
CUST_09021,Laura Young,2023-02-21,SMB,West,Pro,Active,bjohnson@example.net
CUST_09022,Billy Branch,2023-05-08,SMB,West,Basic,Active,kadams@example.com
CUST_09023,Kristin Anderson,2021-02-10,Mid-Market,North,Basic,Active,rebeccajames@example.org
CUST_09024,Benjamin Rivera,2024-03-09,Enterprise,North,Basic,Active,danielvelez@example.com
CUST_09025,Paula Lynch,2023-09-18,SMB,East,Enterprise,Churned,murphylaura@example.net
CUST_09026,Brian Richards,2022-02-28,Mid-Market,South,Enterprise,Active,ortizbruce@example.com
CUST_09027,Richard Martin,2023-03-13,SMB,South,Pro,Active,macdonaldcharles@example.net
CUST_09028,Anthony Townsend,2022-11-29,Mid-Market,South,Enterprise,Active,washingtondaniel@example.net
CUST_09029,Dana Hernandez,2021-04-10,SMB,North,Basic,Active,murraywendy@example.com
CUST_09030,Luis Warren,2022-01-18,Enterprise,South,Basic,Active,xray@example.net
CUST_09031,Richard Ball,2021-03-15,SMB,East,Pro,Active,joan45@example.net
CUST_09032,Edwin Mcgee,2022-08-28,SMB,South,Basic,Active,aprilyoung@example.com
CUST_09033,Amanda Gibson,2021-05-19,Enterprise,South,Pro,Active,hornandrea@example.com
CUST_09034,Brenda Arnold,2023-02-01,Mid-Market,South,Pro,Churned,fcross@example.org
CUST_09035,Yvonne Payne,2021-03-28,Mid-Market,International,Pro,Active,cynthiajennings@example.org
CUST_09036,Glenda Middleton,2021-08-13,Enterprise,East,Basic,Active,apoole@example.net
CUST_09037,Eugene Spencer,2023-04-26,SMB,East,Pro,Active,pauljames@example.org
CUST_09038,Ryan Harris,2021-07-11,Mid-Market,North,Basic,Active,frankrussell@example.com
CUST_09039,Jason Patterson,2021-09-01,Mid-Market,West,Enterprise,Active,christinamason@example.com
CUST_09040,Leslie Torres,2021-03-25,Mid-Market,North,Basic,Active,cummingsanthony@example.net
CUST_09041,Melissa Thompson,2021-08-04,SMB,International,Basic,Active,wharris@example.net
CUST_09042,Cassandra Collins,2021-09-28,Mid-Market,West,Pro,Active,marthacannon@example.org
CUST_09043,Gregory Fuller,2024-02-19,SMB,East,Basic,Active,geoffreyjordan@example.net
CUST_09044,Angela Bowers,2023-05-20,SMB,North,Enterprise,Active,pthompson@example.net
CUST_09045,John Gonzalez,2023-03-22,SMB,South,Pro,Active,tiffanyschmidt@example.org
CUST_09046,Gabriel Robinson,2021-06-03,Mid-Market,West,Basic,Active,devon00@example.org
CUST_09047,Kimberly Rodriguez,2023-10-09,Mid-Market,International,Pro,Active,samanthasanchez@example.org
CUST_09048,Joseph Mays,2021-08-03,SMB,North,Basic,Churned,michaelcharles@example.org
CUST_09049,Chad Garrett,2021-02-22,SMB,West,Basic,Churned,ibell@example.org
CUST_09050,Andres Lang,2022-05-26,SMB,North,Enterprise,Active,marvin05@example.net
CUST_09051,Kevin Ray,2022-05-06,SMB,North,Basic,Churned,franklinjennifer@example.org
CUST_09052,Alfred Lara,2021-02-20,Enterprise,North,Enterprise,Active,millerheather@example.com
CUST_09053,Michael Rodriguez,2022-12-26,Mid-Market,East,Pro,Churned,jessicacooper@example.org
CUST_09054,Christopher Gordon,2023-03-23,Mid-Market,North,Basic,Active,brian82@example.com
CUST_09055,Andrew Knight,2024-04-23,Mid-Market,South,Pro,Active,asanchez@example.com
CUST_09056,Anna Jacobs,2021-06-03,SMB,South,Enterprise,Active,trevorbarry@example.org
CUST_09057,Amanda Wood,2023-08-13,SMB,North,Basic,Active,david68@example.net
CUST_09058,Barbara Simpson,2022-11-29,SMB,North,Basic,Churned,kbrown@example.com
CUST_09059,Rebecca Phillips,2023-02-21,SMB,North,Enterprise,Churned,matthewcarlson@example.org
CUST_09060,Shawn Yu,2023-04-25,SMB,South,Pro,Active,kevindillon@example.net
CUST_09061,Dr. Heather Hubbard,2023-12-23,Mid-Market,North,Basic,Active,shellyguerrero@example.com
CUST_09062,Adam Ayala,2022-05-28,Mid-Market,South,Pro,Active,englishandrea@example.com
CUST_09063,Cheryl Lucas,2024-04-13,SMB,West,Enterprise,Active,megan58@example.com
CUST_09064,Angel Gardner,2021-05-10,Mid-Market,East,Basic,Active,shannon17@example.org
CUST_09065,Jerry Kennedy,2023-04-21,Mid-Market,East,Pro,Churned,dblankenship@example.org
CUST_09066,Robert Price,2022-04-05,SMB,North,Basic,Active,mitchellkimberly@example.org
CUST_09067,John Mccall,2021-03-17,SMB,South,Enterprise,Active,jim68@example.org
CUST_09068,Ana Dean,2022-04-02,SMB,South,Pro,Active,aherrera@example.net
CUST_09069,Scott Phelps,2022-03-19,SMB,South,Basic,Churned,bwu@example.net
CUST_09070,Roberto Stewart,2024-03-18,SMB,North,Pro,Churned,jennifer55@example.org
CUST_09071,Elizabeth Warren,2023-09-25,Mid-Market,North,Enterprise,Active,kevin43@example.net
CUST_09072,Jason Guzman,2023-03-30,SMB,North,Basic,Active,aross@example.org
CUST_09073,Hailey Richards,2021-11-23,SMB,West,Basic,Churned,kleinjeremy@example.org
CUST_09074,Thomas Marks,2023-12-08,SMB,West,Pro,Active,stacy55@example.org
CUST_09075,Sarah Williamson,2023-05-25,Mid-Market,South,Basic,Active,rmurray@example.com
CUST_09076,Jacob Williamson,2021-11-24,SMB,East,Pro,Active,zwilson@example.com
CUST_09077,Brad Garcia,2024-02-06,Enterprise,South,Basic,Active,lynnbenitez@example.net
CUST_09078,Kathryn Jones,2021-03-27,SMB,South,Pro,Active,ybarrett@example.com
CUST_09079,Kelly Boone,2022-04-22,Mid-Market,South,Basic,Active,ashleyallen@example.net
CUST_09080,Richard Lynn,2022-02-11,SMB,International,Basic,Active,lorispencer@example.org
CUST_09081,Amber Davidson,2021-02-16,Mid-Market,South,Enterprise,Active,oraymond@example.com
CUST_09082,Zachary Nelson,2021-03-31,SMB,East,Basic,Churned,aestrada@example.com
CUST_09083,Sharon Butler,2022-01-11,SMB,International,Enterprise,Active,mayerrachael@example.com
CUST_09084,Morgan Hensley,2022-02-17,SMB,North,Basic,Churned,ogonzalez@example.net
CUST_09085,Jeremy Smith,2021-08-02,Enterprise,West,Enterprise,Active,perkinsglenn@example.com
CUST_09086,Jennifer Shelton,2023-11-24,SMB,West,Pro,Active,simpsonyolanda@example.org
CUST_09087,Laura Alexander,2022-04-08,Enterprise,East,Basic,Active,antoniosingleton@example.com
CUST_09088,Rhonda Lee,2021-05-25,Mid-Market,West,Enterprise,Churned,wilsonbrittany@example.com
CUST_09089,Ryan Mcgrath,2022-05-31,SMB,East,Pro,Active,shane48@example.com
CUST_09090,Emily Jackson,2023-10-14,SMB,North,Pro,Active,wrightshannon@example.net
CUST_09091,Devin Freeman,2022-09-22,Enterprise,West,Pro,Active,robin50@example.org
CUST_09092,Annette Burch,2022-04-01,Mid-Market,International,Pro,Active,smithjonathan@example.net
CUST_09093,Jordan Graham,2021-05-02,Enterprise,East,Enterprise,Active,margaretmiller@example.org
CUST_09094,William Roach,2023-07-04,SMB,South,Pro,Active,lindsay62@example.org
CUST_09095,Dr. Richard Jennings,2022-10-15,Mid-Market,South,Basic,Active,jennifer75@example.net
CUST_09096,Nicholas Wagner,2023-02-25,SMB,International,Pro,Active,btaylor@example.org
CUST_09097,Kurt Sanchez,2022-03-21,SMB,East,Basic,Active,sharon87@example.net
CUST_09098,Lauren Lawrence,2022-07-30,Enterprise,South,Basic,Active,melissahopkins@example.org
CUST_09099,Ashley Smith,2022-04-04,Mid-Market,West,Enterprise,Churned,drakewilliam@example.org
CUST_09100,Erin Ellis DVM,2022-07-18,Mid-Market,North,Pro,Active,garzajames@example.com
CUST_09101,Brian Mercer,2022-06-26,SMB,North,Enterprise,Active,william81@example.net
CUST_09102,Stacey Wilkins,2023-12-17,Mid-Market,North,Pro,Churned,bflowers@example.com
CUST_09103,Michael Jones,2022-02-20,Mid-Market,East,Basic,Churned,matthew07@example.com
CUST_09104,Laura Lynch,2021-03-02,Mid-Market,International,Basic,Churned,kfrye@example.com
CUST_09105,Anthony Payne,2022-09-20,SMB,East,Enterprise,Churned,josephstanley@example.com
CUST_09106,Antonio Tanner,2021-11-14,SMB,West,Basic,Active,gwendolyn59@example.net
CUST_09107,Amy Bryant,2022-11-07,SMB,International,Enterprise,Active,freemanmaria@example.com
CUST_09108,Danielle Burns,2023-12-02,SMB,North,Pro,Churned,cameronmaria@example.net
CUST_09109,Jeff Meyer,2023-02-23,SMB,East,Pro,Active,brucemcdonald@example.net
CUST_09110,Nicholas Long,2023-08-23,Enterprise,International,Basic,Active,jesus01@example.org
CUST_09111,James Larson,2022-07-13,Mid-Market,North,Basic,Active,aliciastevens@example.org
CUST_09112,Kenneth Wallace,2021-12-01,Enterprise,East,Basic,Active,ashleykimberly@example.org
CUST_09113,Joseph Wells,2022-12-02,Mid-Market,West,Enterprise,Active,owilliams@example.org
CUST_09114,Mario Livingston,2023-03-07,Mid-Market,East,Pro,Churned,josegonzalez@example.org
CUST_09115,Nicole Rodriguez,2022-06-14,Mid-Market,West,Basic,Churned,kelseyrogers@example.org
CUST_09116,Audrey Smith,2024-03-18,SMB,International,Pro,Churned,robert65@example.com
CUST_09117,David Campbell,2023-03-29,Mid-Market,South,Pro,Active,newmanjason@example.com
CUST_09118,Todd Lee,2024-03-30,SMB,West,Basic,Churned,michael71@example.org
CUST_09119,Michele Evans,2023-03-26,Enterprise,South,Basic,Active,treynolds@example.org
CUST_09120,John Camacho,2021-01-23,SMB,East,Pro,Churned,davidwright@example.org
CUST_09121,Lisa Wright,2024-05-27,SMB,South,Pro,Churned,pfox@example.net
CUST_09122,Stacey Jackson,2024-01-12,Mid-Market,North,Basic,Active,barbarahamilton@example.net
CUST_09123,Raymond Simpson,2021-05-09,SMB,East,Enterprise,Active,carrillodawn@example.org
CUST_09124,Alyssa May,2022-06-30,Mid-Market,North,Pro,Active,jacobgutierrez@example.net
CUST_09125,Lee Jacobs,2023-08-13,Enterprise,West,Pro,Active,bcastro@example.com
CUST_09126,Mr. Cody Bernard,2021-12-28,Mid-Market,South,Basic,Active,shannon95@example.com
CUST_09127,Philip Graham,2022-06-16,Enterprise,International,Pro,Active,thomas76@example.org
CUST_09128,Thomas Thompson,2023-11-22,SMB,West,Basic,Active,mendozadaniel@example.org
CUST_09129,Kevin Dudley,2024-02-17,SMB,East,Enterprise,Active,joseph28@example.org
CUST_09130,Cindy Guerra,2022-06-07,Enterprise,South,Pro,Active,trevor04@example.org
CUST_09131,Mary Watson,2023-08-12,Mid-Market,South,Basic,Churned,sheila47@example.org
CUST_09132,Andrew Hall,2024-01-05,Mid-Market,North,Pro,Churned,reyesbrad@example.org
CUST_09133,Justin Nelson,2021-11-18,SMB,International,Basic,Churned,christineburke@example.net
CUST_09134,Michael Ponce,2021-06-25,SMB,East,Basic,Churned,davidhanson@example.net
CUST_09135,Laura Pierce,2021-02-11,SMB,North,Pro,Active,catherine05@example.net
CUST_09136,Teresa Silva,2021-08-29,SMB,East,Enterprise,Active,william46@example.com
CUST_09137,Stacey Wilson,2021-12-14,Mid-Market,North,Enterprise,Active,randalljessica@example.com
CUST_09138,Michael Henderson,2023-12-07,SMB,West,Basic,Active,iguzman@example.com
CUST_09139,Jorge Johnson DDS,2023-03-17,SMB,International,Pro,Churned,tyronesmith@example.net
CUST_09140,Benjamin Watson,2023-08-10,SMB,North,Pro,Active,derrickbrown@example.org
CUST_09141,Greg Price,2023-04-10,SMB,South,Basic,Active,veronica90@example.org
CUST_09142,William Hoover,2023-07-23,SMB,South,Pro,Churned,halealan@example.com
CUST_09143,Alexander Vargas,2024-03-14,SMB,South,Basic,Active,markkelley@example.com
CUST_09144,Tyler Mcmahon,2021-12-20,SMB,East,Basic,Churned,joneslaura@example.com
CUST_09145,Tyler Meyer,2021-02-23,Mid-Market,East,Basic,Active,dorothyallen@example.net
CUST_09146,Caleb Moore,2023-06-24,Mid-Market,North,Enterprise,Active,waynemartinez@example.org
CUST_09147,Tina Ramirez,2021-07-16,Mid-Market,South,Basic,Active,browntyler@example.org
CUST_09148,Jasmine Herrera,2022-01-06,Mid-Market,International,Basic,Active,jason37@example.com
CUST_09149,Nicholas Jefferson,2023-06-30,SMB,South,Enterprise,Churned,nicholas29@example.com
CUST_09150,Charles Fuentes,2023-06-10,SMB,West,Basic,Active,michaelamoore@example.com
CUST_09151,John Mason,2021-08-28,SMB,East,Enterprise,Churned,darlenerobinson@example.net
CUST_09152,Mark Williams,2022-10-03,SMB,International,Basic,Churned,henryhernandez@example.com
CUST_09153,Brett Santos,2022-12-16,Mid-Market,South,Pro,Active,allison44@example.net
CUST_09154,Sally Robinson,2022-05-13,Enterprise,South,Basic,Active,simonzachary@example.org
CUST_09155,Laura Barajas,2021-07-01,SMB,North,Pro,Churned,keithkent@example.net
CUST_09156,Brian Atkinson,2023-07-13,Mid-Market,West,Enterprise,Active,wzavala@example.net
CUST_09157,Christopher Hunt MD,2024-05-24,SMB,East,Basic,Active,anthonyharvey@example.net
CUST_09158,Dennis Payne PhD,2021-03-28,SMB,South,Enterprise,Churned,cherylrussell@example.com
CUST_09159,Sandra Hill,2023-12-28,SMB,South,Pro,Active,matthew94@example.com
CUST_09160,Eric Glover,2021-05-18,Enterprise,North,Pro,Active,fmorse@example.org
CUST_09161,Cole Conner,2023-03-07,SMB,South,Basic,Active,theresaking@example.org
CUST_09162,Michael Watson,2023-11-12,SMB,International,Enterprise,Active,olittle@example.com
CUST_09163,Anna Costa,2023-06-07,SMB,South,Enterprise,Churned,tiffanyjones@example.com
CUST_09164,Brian Heath,2022-10-01,SMB,International,Enterprise,Active,yking@example.net
CUST_09165,Jamie Lozano,2023-04-07,SMB,North,Pro,Active,ejohnson@example.org
CUST_09166,Karen Ward,2023-07-08,Mid-Market,South,Basic,Active,pearsonjeffrey@example.org
CUST_09167,Courtney Diaz,2021-02-17,SMB,South,Pro,Churned,kelseyvaldez@example.com
CUST_09168,Bryan Rogers,2021-10-15,SMB,North,Pro,Active,daniel03@example.net
CUST_09169,Blake Hall,2022-06-22,Enterprise,South,Enterprise,Active,lydiataylor@example.net
CUST_09170,Bethany Johnson,2023-06-02,SMB,South,Enterprise,Active,iperez@example.org
CUST_09171,Lydia Hampton,2024-03-31,SMB,North,Enterprise,Active,nixonrandy@example.com
CUST_09172,Shelby Hawkins,2021-10-11,SMB,North,Basic,Active,afisher@example.com
CUST_09173,Marcus Gutierrez,2023-11-01,Mid-Market,East,Basic,Active,amy86@example.org
CUST_09174,Nicole Hicks,2021-03-25,SMB,International,Enterprise,Churned,bedwards@example.net
CUST_09175,Laura Weber,2023-01-23,SMB,International,Enterprise,Active,audrey11@example.org
CUST_09176,Timothy Torres,2023-06-10,SMB,South,Pro,Active,alicialee@example.org
CUST_09177,Danielle Peck,2023-11-17,SMB,International,Pro,Churned,james96@example.net
CUST_09178,Jonathan Foster,2021-03-05,Mid-Market,International,Basic,Churned,brianhowe@example.org
CUST_09179,Nicole Abbott,2023-05-11,SMB,West,Pro,Active,kimberly32@example.org
CUST_09180,Tiffany Mcintyre,2022-07-16,Enterprise,North,Pro,Active,petersendoris@example.com
CUST_09181,Stephen Duran,2022-06-21,Mid-Market,South,Basic,Active,morganvirginia@example.com
CUST_09182,Michael Barnett,2022-12-06,Enterprise,North,Enterprise,Active,sandra59@example.org
CUST_09183,Jason Brooks,2021-09-24,Mid-Market,West,Pro,Active,bhoffman@example.net
CUST_09184,Joseph Smith,2021-08-09,SMB,West,Pro,Active,lsmith@example.org
CUST_09185,Patrick Wilcox,2021-04-07,SMB,East,Enterprise,Active,michele39@example.org
CUST_09186,William Harvey,2023-05-03,Enterprise,North,Basic,Active,davidblackwell@example.org
CUST_09187,Christy Holmes,2023-01-25,SMB,International,Basic,Active,craigmartin@example.net
CUST_09188,Shane Fitzgerald,2021-02-21,Mid-Market,West,Pro,Active,wesleywhitaker@example.org
CUST_09189,Jason Reynolds,2023-05-12,SMB,International,Enterprise,Active,smithtara@example.com
CUST_09190,William Hansen,2022-03-20,Enterprise,South,Enterprise,Active,jenniferjackson@example.org
CUST_09191,Ruth Davis,2024-05-31,Mid-Market,South,Pro,Active,rasmussenkatherine@example.org
CUST_09192,Valerie York,2024-05-29,SMB,West,Enterprise,Active,tmorton@example.net
CUST_09193,Mr. Todd Bowman,2021-03-10,Enterprise,East,Basic,Active,perkinsemily@example.com
CUST_09194,Jennifer Kerr,2021-03-01,Mid-Market,West,Basic,Active,curtisjohnson@example.net
CUST_09195,Felicia Jones,2021-12-20,Mid-Market,International,Enterprise,Active,donald36@example.com
CUST_09196,Cynthia Kennedy,2024-02-25,SMB,East,Enterprise,Active,pamela72@example.net
CUST_09197,Alexandria Acevedo,2022-09-08,SMB,North,Enterprise,Active,jamesweiss@example.com
CUST_09198,Jacqueline Perkins,2022-11-08,SMB,South,Basic,Active,rebecca48@example.org
CUST_09199,Timothy Chan,2022-03-07,SMB,South,Basic,Churned,julie36@example.org
CUST_09200,Angel Miller,2023-07-12,Mid-Market,International,Enterprise,Active,yshah@example.net
CUST_09201,Noah House,2024-03-04,SMB,North,Enterprise,Churned,stevenhernandez@example.net
CUST_09202,Jacob Green,2023-11-17,Mid-Market,North,Basic,Active,richardgreene@example.com
CUST_09203,Ashley Lewis,2023-03-31,SMB,West,Pro,Active,smithashley@example.com
CUST_09204,Beth Hays,2023-01-08,SMB,West,Pro,Churned,sarahhall@example.com
CUST_09205,Brandy Hill,2023-10-30,SMB,South,Enterprise,Active,dianeperez@example.com
CUST_09206,Bonnie Butler,2022-01-23,Mid-Market,North,Enterprise,Active,smithjonathan@example.com
CUST_09207,Brenda Shannon,2023-11-21,Enterprise,International,Basic,Active,parker65@example.com
CUST_09208,Adam Hubbard,2024-01-11,SMB,South,Enterprise,Active,chenedward@example.org
CUST_09209,Mr. Christopher Johnson,2024-01-20,Mid-Market,North,Pro,Churned,jimmy98@example.net
CUST_09210,Sophia Wolfe,2021-06-19,SMB,East,Basic,Churned,wrightcraig@example.net
CUST_09211,James Arroyo,2024-03-06,Mid-Market,East,Pro,Active,cannonedward@example.com
CUST_09212,Monique Alvarez,2023-07-25,Mid-Market,West,Basic,Active,daniel17@example.com
CUST_09213,Wendy Haynes,2022-06-09,SMB,West,Pro,Active,hernandeztravis@example.net
CUST_09214,Martin Arnold,2022-07-15,SMB,West,Basic,Churned,tgray@example.com
CUST_09215,Tamara Richardson,2023-03-03,Enterprise,North,Basic,Churned,whitestephanie@example.com
CUST_09216,Jordan Evans,2023-11-21,SMB,International,Basic,Active,victoria82@example.com
CUST_09217,Regina Mcdonald,2021-10-04,Mid-Market,West,Pro,Active,kellyshepherd@example.net
CUST_09218,Carolyn Williams,2024-04-08,SMB,North,Pro,Churned,tracyhughes@example.org
CUST_09219,Steven Moore,2024-03-17,Mid-Market,International,Basic,Active,youngdavid@example.com
CUST_09220,Paul Fry,2022-07-05,Mid-Market,North,Basic,Churned,oadkins@example.com
CUST_09221,Matthew Fields,2024-03-01,Mid-Market,West,Enterprise,Active,lisa72@example.com
CUST_09222,Jordan Pierce,2022-01-26,Enterprise,North,Enterprise,Active,romanbrandon@example.net
CUST_09223,Cheryl Adams,2023-10-14,Enterprise,South,Basic,Active,brandongibbs@example.com
CUST_09224,Alicia Johnson,2023-11-21,Enterprise,International,Basic,Active,andersonchristopher@example.com
CUST_09225,Catherine Shaw,2023-04-12,Mid-Market,North,Enterprise,Active,bryan99@example.com
CUST_09226,Adam Solis,2021-06-06,SMB,West,Basic,Churned,toddgrant@example.org
CUST_09227,Benjamin Ferguson,2024-02-29,Mid-Market,International,Enterprise,Active,joshua80@example.com
CUST_09228,Steven James,2021-01-04,Enterprise,East,Pro,Churned,ntaylor@example.net
CUST_09229,Mary Cherry,2021-02-16,Mid-Market,International,Basic,Churned,zmorris@example.com
CUST_09230,Zachary Flores,2023-01-26,SMB,South,Enterprise,Active,robin37@example.org
CUST_09231,Richard Brown,2022-03-30,Mid-Market,North,Pro,Active,david23@example.net
CUST_09232,Tommy Potter,2023-11-01,SMB,North,Enterprise,Active,xsalinas@example.org
CUST_09233,Joseph Nelson,2021-12-14,Mid-Market,South,Basic,Churned,brian93@example.com
CUST_09234,Jennifer Barnett,2024-05-19,SMB,South,Pro,Active,lopezpaige@example.com
CUST_09235,Theresa Montes,2024-03-16,Mid-Market,West,Basic,Active,russellstuart@example.org
CUST_09236,Johnny Gutierrez,2022-07-08,Enterprise,South,Pro,Active,danawilliams@example.com
CUST_09237,David Young,2021-11-09,SMB,North,Pro,Active,ibarnes@example.org
CUST_09238,Jeffrey Lynch,2023-10-25,Mid-Market,North,Basic,Active,cgraham@example.net
CUST_09239,Debra Cruz,2021-04-14,SMB,North,Enterprise,Active,vjohnson@example.com
CUST_09240,Cynthia Brown,2022-12-18,Mid-Market,International,Basic,Active,ashley34@example.com
CUST_09241,Lisa Delgado,2021-06-22,SMB,West,Pro,Active,nmiller@example.org
CUST_09242,Justin Lynch,2023-01-24,Mid-Market,East,Pro,Churned,robertthompson@example.com
CUST_09243,Gary Beasley,2021-10-10,Mid-Market,South,Basic,Churned,harveyjose@example.com
CUST_09244,Tina Williams DDS,2023-12-11,Mid-Market,North,Pro,Active,hamiltonangel@example.com
CUST_09245,Adam Brewer,2021-11-28,SMB,East,Basic,Churned,fwiley@example.com
CUST_09246,Barbara Hickman,2021-12-19,Mid-Market,International,Basic,Active,johngonzalez@example.com
CUST_09247,Carrie Johnson,2022-06-23,SMB,North,Pro,Churned,jacobyang@example.com
CUST_09248,Derek Brooks,2021-08-16,Mid-Market,East,Basic,Active,sullivanbrenda@example.com
CUST_09249,Brendan Murphy,2023-02-17,Mid-Market,International,Basic,Churned,cynthiaortiz@example.org
CUST_09250,Timothy Rodriguez,2021-10-11,Mid-Market,North,Basic,Active,powens@example.org
CUST_09251,Melissa Matthews,2022-03-08,Enterprise,North,Basic,Churned,gonzalesheather@example.net
CUST_09252,Alyssa Smith,2022-08-01,Mid-Market,North,Enterprise,Active,taylorscott@example.org
CUST_09253,Christopher Jensen,2021-02-26,SMB,International,Pro,Active,stephaniebaker@example.net
CUST_09254,Melissa Jones,2021-09-30,Mid-Market,East,Pro,Active,awilliams@example.com
CUST_09255,James Murphy,2023-05-26,SMB,West,Basic,Churned,rowedonna@example.org
CUST_09256,Meghan Mcgee,2023-08-27,Mid-Market,East,Pro,Active,whull@example.net
CUST_09257,Robert Wallace,2022-01-12,SMB,South,Pro,Active,hannah60@example.org
CUST_09258,James Thomas,2021-06-09,SMB,West,Pro,Churned,vjenkins@example.com
CUST_09259,Mrs. Brenda Watson MD,2022-08-17,Mid-Market,West,Enterprise,Active,warrensoto@example.org
CUST_09260,Brian Brock,2023-04-06,Mid-Market,South,Basic,Active,harold28@example.net
CUST_09261,Dustin Willis,2023-06-27,SMB,International,Pro,Churned,olivia36@example.net
CUST_09262,Donald Rowe,2021-04-08,Enterprise,East,Enterprise,Active,davidsonjoseph@example.com
CUST_09263,George Pierce,2021-07-14,SMB,North,Pro,Churned,cardenasjulie@example.net
CUST_09264,Richard Blevins,2021-01-17,SMB,East,Enterprise,Active,cherylgriffin@example.com
CUST_09265,Cesar Waller,2024-03-13,Enterprise,South,Enterprise,Active,spencemichael@example.net
CUST_09266,Kathy Jones,2024-02-05,Mid-Market,North,Pro,Churned,stephanieschultz@example.net
CUST_09267,Jaime Wyatt,2021-06-02,Mid-Market,South,Basic,Active,christopherwalker@example.net
CUST_09268,David Johnson,2023-08-24,Mid-Market,International,Enterprise,Active,ballernest@example.com
CUST_09269,Tara Rodriguez,2021-03-23,Mid-Market,East,Enterprise,Active,amycooper@example.org
CUST_09270,Luis Martinez,2024-04-02,Enterprise,West,Enterprise,Active,collinsjacob@example.org
CUST_09271,Jack Mcgrath,2024-01-22,Enterprise,South,Basic,Active,lroth@example.net
CUST_09272,Nicholas Summers,2023-10-11,Enterprise,International,Pro,Active,monica98@example.net
CUST_09273,Mary Perez,2021-01-22,SMB,East,Enterprise,Churned,andreguerrero@example.com
CUST_09274,Lauren Wiggins,2022-09-12,Mid-Market,International,Basic,Active,john28@example.com
CUST_09275,Matthew Noble,2023-02-10,SMB,South,Pro,Active,amandahorton@example.net
CUST_09276,Billy Kim,2023-08-04,SMB,West,Pro,Active,bakervictoria@example.com
CUST_09277,Douglas Ramos,2021-02-17,SMB,East,Enterprise,Active,wileybrenda@example.org
CUST_09278,Ashley Hoffman,2023-10-17,SMB,North,Pro,Active,xbrown@example.com
CUST_09279,Linda Sims,2023-09-26,SMB,North,Basic,Active,dylanduncan@example.com
CUST_09280,Brian Thompson,2022-09-21,SMB,North,Pro,Active,millerrobert@example.org
CUST_09281,Julie Estes,2023-05-27,Mid-Market,South,Enterprise,Active,briggssteven@example.com
CUST_09282,Margaret Johnson,2023-07-29,Mid-Market,South,Pro,Churned,ghernandez@example.net
CUST_09283,Alicia Barnes,2021-12-12,SMB,North,Basic,Active,dawn56@example.com
CUST_09284,Cynthia Hester,2023-07-02,SMB,South,Pro,Active,williamsedward@example.net
CUST_09285,Angela Jones,2022-08-21,SMB,East,Pro,Active,laurenwallace@example.org
CUST_09286,Savannah Noble,2022-05-12,Enterprise,West,Enterprise,Active,natalie16@example.org
CUST_09287,Kimberly Garza,2023-12-01,SMB,West,Pro,Churned,stephensonkimberly@example.org
CUST_09288,Ashley Wood,2022-03-14,Mid-Market,South,Basic,Active,ashleyallen@example.org
CUST_09289,Megan Hill,2022-12-05,Mid-Market,East,Enterprise,Active,ericperkins@example.com
CUST_09290,Kristen Mcdonald,2023-08-01,SMB,North,Pro,Active,russellrobert@example.org
CUST_09291,Jacob Johnson,2021-04-24,SMB,South,Pro,Active,davisandrew@example.net
CUST_09292,Timothy Salinas,2021-02-24,SMB,International,Basic,Active,scottsloan@example.com
CUST_09293,Ian Lam,2022-06-21,Enterprise,West,Basic,Active,mvance@example.com
CUST_09294,Mrs. Carmen Williams,2021-08-11,SMB,East,Enterprise,Active,chad38@example.com
CUST_09295,Andrea Cruz,2021-09-18,SMB,South,Pro,Churned,qdavila@example.net
CUST_09296,Martha Hall,2021-11-29,Mid-Market,East,Basic,Active,fhernandez@example.org
CUST_09297,Kevin Klein,2023-12-26,SMB,South,Pro,Active,wdunlap@example.net
CUST_09298,Barbara Ingram,2021-11-15,Mid-Market,South,Enterprise,Active,charles00@example.net
CUST_09299,Lindsey Thompson,2023-11-01,SMB,South,Basic,Active,tonyabriggs@example.net
CUST_09300,Jessica Robinson,2022-07-18,SMB,North,Basic,Churned,davisjames@example.com
CUST_09301,Allison Marshall,2023-07-27,Mid-Market,South,Enterprise,Churned,brownbrittany@example.org
CUST_09302,Michael Robbins,2021-08-07,Mid-Market,International,Pro,Active,williamfranklin@example.net
CUST_09303,Jamie Boyd,2023-07-14,SMB,East,Pro,Active,marco54@example.com
CUST_09304,Ashley Butler,2022-05-04,Mid-Market,North,Basic,Active,margaretsnow@example.net
CUST_09305,Alexa Dillon,2022-02-04,SMB,South,Pro,Active,peterowens@example.net
CUST_09306,Hailey Randolph,2022-12-13,Enterprise,South,Pro,Churned,holmesmark@example.net
CUST_09307,Vanessa Smith,2022-11-19,SMB,East,Basic,Active,isimpson@example.org
CUST_09308,Jeffery Lopez,2022-03-22,SMB,South,Basic,Active,robertsmary@example.com
CUST_09309,Steven Davenport,2021-02-25,SMB,North,Basic,Active,shane31@example.org
CUST_09310,Taylor Esparza,2024-03-12,SMB,North,Pro,Active,mfriedman@example.net
CUST_09311,Ryan White,2023-04-24,Mid-Market,North,Basic,Churned,sean14@example.net
CUST_09312,Amy Kidd,2023-08-13,SMB,South,Basic,Active,david16@example.com
CUST_09313,Lee Simpson,2024-03-26,SMB,West,Pro,Active,joshua40@example.org
CUST_09314,Michelle Cook,2022-07-09,Mid-Market,North,Pro,Active,afuentes@example.net
CUST_09315,Diane Lane,2023-10-12,Mid-Market,North,Enterprise,Active,seanmoore@example.com
CUST_09316,Ricardo Wiggins,2021-04-03,SMB,West,Basic,Active,marycummings@example.org
CUST_09317,Robert Taylor,2022-06-04,SMB,East,Basic,Active,cherryjessica@example.net
CUST_09318,Christopher Novak,2024-03-06,SMB,International,Enterprise,Churned,james71@example.net
CUST_09319,Victoria Rodriguez MD,2023-03-26,Mid-Market,North,Enterprise,Churned,ashleywilson@example.net
CUST_09320,Michael Brown,2023-08-23,SMB,International,Basic,Active,billy77@example.net
CUST_09321,Mark Davis,2023-11-23,SMB,International,Enterprise,Churned,saraharris@example.com
CUST_09322,Sabrina Rodriguez,2022-12-18,Enterprise,North,Enterprise,Active,ttanner@example.com
CUST_09323,Robert Eaton,2022-04-01,SMB,North,Basic,Active,jonesrobert@example.net
CUST_09324,Edwin Bryant,2022-11-18,SMB,East,Basic,Churned,jford@example.net
CUST_09325,Denise Herman,2022-05-11,Mid-Market,North,Pro,Active,alawson@example.net
CUST_09326,Bridget Donovan,2024-01-30,Mid-Market,East,Pro,Active,lbridges@example.org
CUST_09327,Mercedes Hahn,2021-12-13,Enterprise,International,Enterprise,Active,bmunoz@example.net
CUST_09328,Jennifer Palmer,2022-09-29,Mid-Market,South,Pro,Churned,stephanie64@example.org
CUST_09329,Tiffany Turner,2023-08-19,SMB,East,Basic,Churned,mcantu@example.net
CUST_09330,Ms. Monica Lee,2021-06-08,Enterprise,West,Enterprise,Active,millerjason@example.com
CUST_09331,Catherine Hoffman,2023-08-28,SMB,North,Pro,Active,ahill@example.com
CUST_09332,Danny Harris,2023-05-26,Enterprise,East,Basic,Active,marksnathaniel@example.com
CUST_09333,Jason Lopez,2021-06-19,SMB,South,Enterprise,Active,tiffanyhardy@example.net
CUST_09334,Michelle Pollard,2023-08-11,Enterprise,North,Enterprise,Active,bondtasha@example.com
CUST_09335,Megan Proctor,2021-03-09,Mid-Market,East,Pro,Active,harrisonkeith@example.net
CUST_09336,Samantha Chang,2021-12-11,Mid-Market,West,Pro,Active,palmerclaire@example.net
CUST_09337,Dr. John Jacobs,2023-03-25,SMB,West,Basic,Active,fernandezjonathan@example.org
CUST_09338,Michael Moore,2021-01-20,SMB,West,Enterprise,Churned,ehorton@example.com
CUST_09339,Carla Morris,2021-06-24,SMB,International,Enterprise,Active,owensjessica@example.org
CUST_09340,Jessica York,2022-04-27,Enterprise,West,Pro,Active,jacobtorres@example.com
CUST_09341,Patricia Franco,2021-08-25,Mid-Market,East,Pro,Churned,paulday@example.org
CUST_09342,Michelle Mays,2024-05-19,SMB,North,Basic,Active,fhart@example.org
CUST_09343,Christy Wells,2021-06-08,SMB,International,Basic,Active,zhughes@example.net
CUST_09344,Judith Rodriguez,2024-05-27,Mid-Market,North,Basic,Churned,blawrence@example.net
CUST_09345,Austin Thompson,2023-06-27,Mid-Market,North,Pro,Active,wburns@example.com
CUST_09346,Robert Thompson,2023-10-01,SMB,South,Enterprise,Active,beverly00@example.com
CUST_09347,Christopher Downs,2023-01-16,SMB,West,Basic,Active,lutzdevin@example.org
CUST_09348,Tammy Miller,2022-04-28,SMB,International,Pro,Active,david97@example.net
CUST_09349,Lisa Powell,2022-08-02,Enterprise,North,Pro,Churned,stephenrodriguez@example.com
CUST_09350,Ronald Stuart,2023-11-14,Mid-Market,North,Enterprise,Active,angelagreen@example.com
CUST_09351,Jason Davis MD,2024-03-26,SMB,West,Basic,Churned,albert48@example.com
CUST_09352,Marie Anderson,2023-11-27,Mid-Market,South,Pro,Churned,vrodriguez@example.com
CUST_09353,Karen Wright,2022-11-19,SMB,South,Pro,Churned,rodriguezjoseph@example.net
CUST_09354,Sara Bryant,2023-01-17,Enterprise,North,Basic,Churned,velezhannah@example.net
CUST_09355,Toni Mcgee,2022-07-30,Mid-Market,West,Pro,Active,katherinekent@example.com
CUST_09356,Annette Daniel,2022-03-31,Enterprise,North,Basic,Active,caitlin33@example.net
CUST_09357,Miss Angela Henry,2023-08-26,Enterprise,North,Basic,Active,robertfisher@example.com
CUST_09358,Eugene Miller,2024-03-31,SMB,East,Pro,Churned,jasminemyers@example.org
CUST_09359,Andrea Taylor,2023-10-28,Enterprise,West,Pro,Active,timothystewart@example.net
CUST_09360,Cheryl Knight,2023-05-04,SMB,North,Basic,Active,tiffanypatterson@example.net
CUST_09361,Crystal Solis,2022-05-20,Enterprise,West,Basic,Active,twebster@example.org
CUST_09362,Jason Cole,2021-10-17,SMB,East,Enterprise,Active,anthonybaker@example.org
CUST_09363,Gina Taylor,2023-11-21,Enterprise,West,Pro,Active,john07@example.org
CUST_09364,Stephanie Sullivan,2021-08-03,SMB,East,Enterprise,Active,qmorales@example.com
CUST_09365,Shannon Parker,2021-02-22,SMB,West,Enterprise,Active,ujohnson@example.com
CUST_09366,Wayne Perez,2024-02-24,SMB,East,Enterprise,Active,moralesphillip@example.org
CUST_09367,Lisa Valencia,2021-12-29,Mid-Market,North,Pro,Active,christinacook@example.org
CUST_09368,Mrs. Jennifer Burke,2021-09-18,SMB,South,Enterprise,Churned,jonesjorge@example.net
CUST_09369,Julian Brown,2022-04-22,Mid-Market,South,Basic,Active,lsims@example.net
CUST_09370,Aaron Harris,2022-01-15,SMB,East,Pro,Active,rmonroe@example.org
CUST_09371,William Wells,2021-10-27,Enterprise,South,Basic,Active,rogersjoanna@example.net
CUST_09372,Christian Lopez,2022-01-20,SMB,International,Basic,Active,ksmith@example.com
CUST_09373,Stephanie Raymond,2023-01-11,Mid-Market,South,Enterprise,Churned,justinbrown@example.net
CUST_09374,Tiffany Cervantes,2021-05-21,SMB,West,Basic,Active,jennifer87@example.net
CUST_09375,Charles Walton,2024-04-29,SMB,International,Basic,Active,elittle@example.org
CUST_09376,Jamie Williams,2023-05-23,SMB,East,Basic,Active,gutierrezshelly@example.org
CUST_09377,James Bishop,2023-08-09,Enterprise,South,Pro,Active,justinjohnson@example.net
CUST_09378,Donald Garcia DDS,2022-09-17,Enterprise,South,Pro,Active,vanessa07@example.com
CUST_09379,Jason Torres MD,2021-06-25,SMB,North,Enterprise,Churned,michellearmstrong@example.org
CUST_09380,Robert Hudson,2022-01-31,SMB,East,Pro,Active,gabriel40@example.com
CUST_09381,Jennifer Carter,2023-03-30,Enterprise,East,Pro,Active,christian16@example.org
CUST_09382,Christopher Taylor,2022-03-22,Mid-Market,South,Basic,Active,vmaldonado@example.net
CUST_09383,Shawn Montgomery,2021-05-10,SMB,South,Enterprise,Active,tbennett@example.org
CUST_09384,Stephanie Daniel,2023-01-09,SMB,South,Pro,Active,wukristin@example.net
CUST_09385,Eric Byrd,2024-05-07,SMB,North,Enterprise,Active,medinajanet@example.com
CUST_09386,Nicholas Mcintosh,2022-01-12,SMB,South,Pro,Churned,agarcia@example.net
CUST_09387,Tyrone Summers,2024-03-20,Mid-Market,East,Enterprise,Active,holtmelanie@example.org
CUST_09388,Jane Marshall,2023-07-12,Mid-Market,South,Basic,Active,timothy12@example.org
CUST_09389,Kara Tucker,2021-11-14,SMB,West,Basic,Churned,joseph71@example.net
CUST_09390,Edward Brown,2021-09-03,Enterprise,South,Pro,Active,kingamber@example.net
CUST_09391,Brenda Oconnor,2021-10-30,SMB,International,Basic,Churned,logangraves@example.net
CUST_09392,Mr. John Willis,2021-08-09,Enterprise,South,Basic,Active,larsonjessica@example.net
CUST_09393,George Rios,2023-11-18,SMB,North,Enterprise,Churned,jermaine53@example.net
CUST_09394,William Wilson,2022-04-22,SMB,East,Enterprise,Churned,sperry@example.org
CUST_09395,Amber Hoffman,2021-12-28,Mid-Market,North,Pro,Active,philip09@example.org
CUST_09396,Kayla Rivera,2021-01-31,Mid-Market,East,Basic,Active,casey11@example.net
CUST_09397,Brandon Johnson,2022-09-04,Mid-Market,North,Basic,Active,vrich@example.com
CUST_09398,Dawn Hernandez,2022-10-13,SMB,International,Basic,Active,flambert@example.net
CUST_09399,Steven Collins,2022-04-07,SMB,West,Enterprise,Churned,derek88@example.com
CUST_09400,Nicholas Hunter,2021-05-13,Mid-Market,West,Basic,Active,drakemichelle@example.org
CUST_09401,Darlene Hanson,2022-12-15,Mid-Market,North,Enterprise,Active,eric05@example.net
CUST_09402,Tracy Figueroa,2022-03-09,SMB,International,Pro,Churned,marie64@example.org
CUST_09403,Katelyn Briggs,2022-10-25,SMB,International,Pro,Active,garciagary@example.org
CUST_09404,Justin Sullivan,2021-10-16,SMB,East,Pro,Active,robertgordon@example.org
CUST_09405,Holly Mccall,2024-03-12,Enterprise,East,Basic,Active,karina99@example.com
CUST_09406,Robert Lopez,2024-02-03,SMB,South,Pro,Active,zreed@example.com
CUST_09407,Anthony Jenkins,2023-08-02,Mid-Market,South,Pro,Churned,justin32@example.net
CUST_09408,Michelle Nolan,2021-07-24,SMB,West,Pro,Active,mccarthyronald@example.net
CUST_09409,Tracy Thompson,2021-12-27,SMB,North,Pro,Active,annettenguyen@example.net
CUST_09410,Anna Reyes,2022-09-12,Mid-Market,North,Pro,Active,laura00@example.org
CUST_09411,Mark Rosales DDS,2023-11-26,SMB,North,Basic,Active,yateswanda@example.net
CUST_09412,Lucas Hunt,2022-08-19,Enterprise,East,Basic,Active,sjohnson@example.net
CUST_09413,Ryan Murphy DVM,2022-10-15,Enterprise,West,Basic,Active,michael56@example.org
CUST_09414,Chelsea Sutton DDS,2022-05-01,Mid-Market,East,Pro,Active,patricia91@example.net
CUST_09415,George Dixon,2021-01-09,Enterprise,South,Pro,Active,christine09@example.com
CUST_09416,Nicholas Mclean,2021-06-09,SMB,International,Enterprise,Churned,williscandace@example.org
CUST_09417,Alan Lewis,2022-09-12,SMB,West,Pro,Active,peterglenn@example.com
CUST_09418,Brandi Benson,2021-10-15,SMB,West,Basic,Active,browncollin@example.org
CUST_09419,John Johnson,2022-07-13,Mid-Market,International,Enterprise,Churned,aaronrush@example.com
CUST_09420,Tim Barnes,2021-08-05,Mid-Market,North,Pro,Active,jspencer@example.com
CUST_09421,Jessica Carter,2023-07-16,SMB,International,Pro,Active,romerotonya@example.net
CUST_09422,Andrea Harrison,2023-10-04,SMB,West,Pro,Active,pennymendez@example.com
CUST_09423,Christopher Carrillo MD,2021-10-22,Enterprise,North,Enterprise,Active,darrell70@example.org
CUST_09424,William Mcguire,2022-11-17,Mid-Market,East,Enterprise,Active,gonzalesnicole@example.net
CUST_09425,David Sims,2021-08-18,Enterprise,North,Basic,Active,lisa05@example.net
CUST_09426,Daniel Fitzpatrick,2022-07-11,Mid-Market,International,Enterprise,Churned,mary43@example.net
CUST_09427,John Brown II,2023-09-04,SMB,West,Pro,Active,jason92@example.net
CUST_09428,Daniel Donovan,2021-04-28,Mid-Market,East,Pro,Active,johnathancraig@example.org
CUST_09429,Breanna Barnes,2021-05-07,Enterprise,International,Basic,Active,santosmichael@example.org
CUST_09430,Ryan Lewis,2022-03-23,Mid-Market,West,Pro,Active,marilynjohnson@example.com
CUST_09431,Nathaniel Hudson,2022-01-17,SMB,West,Basic,Churned,cory82@example.com
CUST_09432,Kristin Bryant,2023-05-26,SMB,East,Basic,Active,richard39@example.org
CUST_09433,Kevin Walters,2023-01-06,Mid-Market,South,Enterprise,Active,joshuaschroeder@example.org
CUST_09434,Bryan Bell,2024-05-27,SMB,East,Basic,Active,royhenry@example.org
CUST_09435,Rebecca Bautista,2023-11-15,SMB,East,Pro,Active,garciadavid@example.net
CUST_09436,Lauren Sims,2022-11-16,SMB,North,Pro,Active,preese@example.com
CUST_09437,Kevin Williams,2023-04-14,SMB,East,Basic,Churned,michelleharvey@example.com
CUST_09438,Brandon Salinas,2023-08-04,Mid-Market,North,Pro,Active,hcarrillo@example.com
CUST_09439,Kurt Garcia,2022-12-03,SMB,International,Pro,Active,albertflynn@example.com
CUST_09440,Jerry Edwards,2023-01-27,Mid-Market,East,Enterprise,Active,ffry@example.org
CUST_09441,Dawn Moore,2023-10-27,Mid-Market,East,Pro,Active,robert85@example.org
CUST_09442,Troy Rodriguez,2021-05-06,Enterprise,South,Basic,Active,parsonsyolanda@example.com
CUST_09443,Oscar Weaver,2022-10-29,SMB,East,Pro,Active,collinsmary@example.org
CUST_09444,John Nelson,2022-09-05,Mid-Market,North,Pro,Active,jonathan42@example.org
CUST_09445,Keith Savage,2022-06-24,Enterprise,West,Enterprise,Active,njones@example.org
CUST_09446,Alexandra Turner,2021-03-09,Enterprise,West,Basic,Active,lambertkelly@example.net
CUST_09447,Lee Caldwell,2021-10-20,SMB,South,Basic,Active,mromero@example.org
CUST_09448,Stacie Morris,2021-02-16,SMB,North,Pro,Active,toddkathryn@example.net
CUST_09449,Mark Hamilton,2023-08-11,Mid-Market,West,Pro,Active,hodgeheather@example.net
CUST_09450,Renee Johnson,2023-08-04,SMB,South,Basic,Active,jessicaweaver@example.com
CUST_09451,John Jones,2023-07-17,SMB,North,Enterprise,Active,heather84@example.net
CUST_09452,Stephanie Owens,2023-09-28,SMB,West,Pro,Active,jonathon00@example.org
CUST_09453,Michael Wright,2022-12-26,SMB,North,Basic,Active,mccannemily@example.org
CUST_09454,Ronald Evans,2021-02-17,SMB,International,Basic,Active,jeffreyramos@example.com
CUST_09455,Paula Schultz,2023-04-16,SMB,South,Enterprise,Churned,morgan38@example.net
CUST_09456,Elizabeth Coleman,2021-05-09,SMB,West,Basic,Active,susan95@example.org
CUST_09457,Chelsea Allison,2024-04-18,SMB,North,Pro,Churned,jessicaalvarez@example.com
CUST_09458,Brooke Jenkins,2021-02-28,Mid-Market,North,Enterprise,Churned,sbrown@example.net
CUST_09459,Peter Martinez,2021-07-11,SMB,North,Basic,Active,renee62@example.com
CUST_09460,Grant Gordon,2021-12-28,Mid-Market,West,Pro,Active,patricia58@example.net
CUST_09461,Kenneth Garcia,2021-09-17,Enterprise,South,Basic,Active,robinsonjoseph@example.com
CUST_09462,Darlene Mcgee,2023-10-10,SMB,North,Pro,Active,kristen85@example.org
CUST_09463,Olivia Ochoa,2024-01-20,SMB,South,Basic,Churned,molinalaura@example.org
CUST_09464,Anthony Patel,2022-05-19,Enterprise,North,Basic,Active,dustinhuff@example.org
CUST_09465,Ashley Conley,2023-04-29,SMB,International,Pro,Active,wgarcia@example.net
CUST_09466,Jennifer Kelly,2024-02-24,SMB,West,Basic,Churned,wolfautumn@example.org
CUST_09467,Ariel Johnson,2021-03-26,Enterprise,North,Basic,Active,jefferydavis@example.com
CUST_09468,Robert Delgado,2022-06-06,SMB,West,Pro,Active,smithbrian@example.com
CUST_09469,Samuel Baxter,2023-01-20,SMB,North,Enterprise,Active,ajones@example.com
CUST_09470,Eddie Hill,2021-09-01,SMB,South,Enterprise,Active,moniquestokes@example.org
CUST_09471,Timothy Ortiz,2022-02-03,SMB,East,Pro,Churned,april15@example.org
CUST_09472,Tiffany Gray,2021-03-28,SMB,International,Pro,Active,nancyallen@example.org
CUST_09473,Vanessa Cruz,2024-01-26,SMB,East,Enterprise,Active,rberry@example.net
CUST_09474,Jessica Ward,2023-12-25,Mid-Market,East,Enterprise,Churned,alexisturner@example.net
CUST_09475,Amber Winters,2022-01-21,SMB,International,Pro,Active,michealburke@example.com
CUST_09476,Mason Fleming,2023-08-03,SMB,International,Basic,Active,klam@example.com
CUST_09477,Holly Clark,2021-02-25,SMB,North,Basic,Active,billaustin@example.com
CUST_09478,Jesse Stafford,2022-04-28,SMB,International,Basic,Active,matthewjohnson@example.org
CUST_09479,Raymond Smith,2023-09-10,SMB,International,Enterprise,Active,brandon58@example.net
CUST_09480,Charles Martinez,2022-12-30,SMB,West,Basic,Active,william99@example.org
CUST_09481,Kathleen Rich,2022-09-27,SMB,South,Basic,Churned,qwagner@example.com
CUST_09482,Anthony Bell,2022-01-23,Enterprise,West,Basic,Active,slozano@example.com
CUST_09483,Terry Lowe,2023-03-12,SMB,North,Pro,Churned,mpreston@example.com
CUST_09484,Jennifer Alvarez,2021-02-04,SMB,North,Pro,Active,angelawilliams@example.com
CUST_09485,Bryan Pace,2021-10-22,Mid-Market,International,Pro,Churned,gabrielle50@example.org
CUST_09486,William Webb,2022-06-20,Enterprise,East,Pro,Active,susangonzalez@example.net
CUST_09487,Steven Stevenson,2022-01-27,SMB,North,Pro,Active,middletonjeffrey@example.org
CUST_09488,James Weber,2023-02-10,Mid-Market,East,Pro,Active,randyparker@example.com
CUST_09489,Kara Burns,2021-07-03,SMB,International,Basic,Churned,matthew94@example.org
CUST_09490,Crystal Robertson,2023-12-01,SMB,North,Pro,Churned,weaverlynn@example.net
CUST_09491,Nicole Willis,2022-08-29,Mid-Market,West,Enterprise,Active,gabrielgonzales@example.com
CUST_09492,Nathaniel Cannon,2023-03-09,Enterprise,South,Basic,Active,alvarezmichael@example.com
CUST_09493,Robin Conley,2024-02-16,SMB,North,Pro,Active,carolinejones@example.org
CUST_09494,Terri Morris,2021-05-31,Mid-Market,North,Basic,Churned,anthony03@example.org
CUST_09495,Melissa Owens,2023-01-16,SMB,West,Enterprise,Active,tammyalvarez@example.com
CUST_09496,Christopher Mccarty,2023-10-04,Mid-Market,West,Basic,Active,mbrown@example.org
CUST_09497,Rick Massey,2024-01-31,Enterprise,South,Basic,Active,nancy83@example.net
CUST_09498,Andrew Mccarthy,2021-12-15,SMB,West,Enterprise,Churned,williamcooper@example.net
CUST_09499,Julie Nelson,2021-04-22,SMB,East,Pro,Churned,gjohnson@example.net
CUST_09500,Kelly Allen,2023-12-21,SMB,East,Pro,Churned,jillparks@example.org
CUST_09501,Jessica Pruitt,2021-01-13,Enterprise,North,Enterprise,Active,hamiltonmelissa@example.net
CUST_09502,Michelle Marshall,2021-09-26,Enterprise,East,Basic,Active,fergusonwilliam@example.org
CUST_09503,Jean Weber,2024-05-08,Enterprise,International,Enterprise,Active,charles31@example.net
CUST_09504,Randy Martin,2023-01-02,SMB,South,Enterprise,Active,mwest@example.org
CUST_09505,James Aguirre,2021-04-25,Enterprise,East,Pro,Active,isingh@example.com
CUST_09506,Ryan Brown,2022-03-10,SMB,International,Enterprise,Churned,wdunn@example.org
CUST_09507,Jesus Guzman,2023-08-15,Enterprise,South,Basic,Active,ruizmark@example.com
CUST_09508,Stephanie Tran,2021-08-30,Mid-Market,East,Pro,Active,jeffreygreene@example.com
CUST_09509,Karen Carter,2022-03-02,SMB,North,Pro,Churned,mitchelldanielle@example.net
CUST_09510,Regina Butler,2021-12-29,Mid-Market,South,Enterprise,Active,johnorr@example.net
CUST_09511,Megan Rodriguez,2023-03-26,SMB,International,Enterprise,Churned,dwhite@example.org
CUST_09512,Charles Wilkins,2022-10-30,SMB,International,Basic,Active,darlene09@example.net
CUST_09513,Nicholas Mcgrath,2022-09-01,Enterprise,East,Enterprise,Churned,gonzaleztracy@example.com
CUST_09514,Todd Johnson,2023-06-19,Mid-Market,North,Basic,Active,gonzalezchristina@example.org
CUST_09515,Tina Kerr,2021-12-26,Mid-Market,East,Pro,Active,castanedajames@example.net
CUST_09516,Matthew Perry,2024-01-18,Mid-Market,East,Basic,Active,bentleyjamie@example.com
CUST_09517,Nicole Sims,2023-01-04,Mid-Market,South,Pro,Active,pittmanrobert@example.com
CUST_09518,Lawrence Maxwell,2022-10-21,Mid-Market,West,Pro,Churned,ogarcia@example.com
CUST_09519,Katherine Humphrey,2023-03-23,Mid-Market,West,Basic,Active,richardgabriel@example.org
CUST_09520,Autumn Fisher,2022-11-22,SMB,International,Pro,Churned,mckenziebrett@example.net
CUST_09521,Cathy Webster,2021-10-09,Mid-Market,South,Pro,Active,richard11@example.com
CUST_09522,Shannon Acosta,2022-09-28,SMB,East,Pro,Active,jason08@example.org
CUST_09523,Amy Stevens,2023-01-02,Mid-Market,East,Basic,Churned,fjones@example.net
CUST_09524,Caroline Vazquez,2023-03-25,SMB,West,Basic,Active,johnrobinson@example.com
CUST_09525,Matthew Chang,2023-11-05,Enterprise,South,Enterprise,Active,elizabethmiller@example.com
CUST_09526,Kelly Frost,2022-08-29,SMB,South,Basic,Churned,laurendaniel@example.org
CUST_09527,Jack Reynolds,2021-11-30,Enterprise,North,Pro,Churned,eguerra@example.com
CUST_09528,Michael Macias,2022-01-13,SMB,North,Basic,Active,urobinson@example.org
CUST_09529,Amy Lopez,2022-07-31,SMB,North,Pro,Churned,bennettdavid@example.com
CUST_09530,Veronica Adkins,2021-10-03,SMB,International,Enterprise,Active,umullen@example.com
CUST_09531,Charlotte Johnson,2022-08-25,Mid-Market,West,Basic,Active,katherine24@example.com
CUST_09532,James Archer,2022-10-08,Mid-Market,East,Enterprise,Active,lisa53@example.com
CUST_09533,Christian Mcgee,2023-01-28,Enterprise,South,Pro,Active,hfranklin@example.org
CUST_09534,Catherine Walker,2022-10-04,SMB,International,Basic,Churned,jenniferproctor@example.com
CUST_09535,Linda Carroll,2022-08-24,SMB,South,Enterprise,Active,james42@example.com
CUST_09536,Andrea Brown,2021-05-17,SMB,East,Pro,Active,lisastewart@example.net
CUST_09537,Meghan Martinez,2024-05-13,Mid-Market,International,Enterprise,Active,sandra52@example.com
CUST_09538,Lisa Callahan,2022-10-21,Enterprise,East,Pro,Churned,amartinez@example.org
CUST_09539,Shannon Mills,2024-01-28,SMB,North,Pro,Churned,parkersherri@example.org
CUST_09540,Zachary Eaton,2021-05-10,SMB,East,Enterprise,Churned,guerreropaul@example.org
CUST_09541,Melissa Smith,2023-05-18,Mid-Market,North,Pro,Active,williamskristin@example.net
CUST_09542,Susan Ruiz,2021-04-21,SMB,North,Pro,Active,mdalton@example.com
CUST_09543,Alexander Mitchell,2024-05-24,Enterprise,West,Pro,Active,daniellindsey@example.net
CUST_09544,Cindy Combs,2022-07-06,SMB,West,Basic,Churned,michaelalexander@example.net
CUST_09545,Glenn Evans,2023-12-01,SMB,East,Basic,Churned,cmiller@example.org
CUST_09546,Jason Boyd,2022-07-13,SMB,South,Enterprise,Churned,jking@example.org
CUST_09547,Peggy Matthews,2023-11-09,Enterprise,North,Basic,Active,danielferguson@example.net
CUST_09548,Thomas Larson,2023-04-14,SMB,North,Enterprise,Active,nsmith@example.org
CUST_09549,Maria Moore,2021-12-23,SMB,East,Enterprise,Active,johnwilliams@example.org
CUST_09550,Alec Campbell,2021-09-05,Enterprise,North,Basic,Active,johnathanrodriguez@example.com
CUST_09551,Jerry Clark,2023-08-13,SMB,West,Pro,Active,williamsdonna@example.net
CUST_09552,Cynthia Harris,2024-04-01,SMB,West,Enterprise,Active,justinwoods@example.com
CUST_09553,Gloria Fry,2023-04-04,SMB,International,Basic,Churned,osaunders@example.net
CUST_09554,Brian Hughes,2023-01-18,SMB,North,Pro,Active,hstrickland@example.org
CUST_09555,Patricia Hicks,2024-02-14,Mid-Market,West,Pro,Active,benjamin34@example.org
CUST_09556,Alex Velazquez,2023-01-08,SMB,West,Basic,Active,courtney34@example.com
CUST_09557,Tina Mayer,2021-05-07,Mid-Market,East,Enterprise,Active,vzimmerman@example.net
CUST_09558,Linda Brown,2023-05-02,SMB,International,Enterprise,Active,jennifer42@example.net
CUST_09559,Matthew Snyder,2022-05-31,SMB,South,Enterprise,Active,nicholas72@example.org
CUST_09560,Sheryl Cortez,2021-12-31,Mid-Market,East,Basic,Active,robertdunn@example.net
CUST_09561,Linda Spencer,2022-12-27,Enterprise,West,Basic,Active,uhill@example.net
CUST_09562,Danielle Gardner,2022-06-15,SMB,East,Basic,Active,garciataylor@example.com
CUST_09563,Bob Baxter,2022-11-16,SMB,East,Enterprise,Active,sandra41@example.org
CUST_09564,Mark Coffey,2022-02-03,SMB,East,Pro,Active,hernandeztristan@example.org
CUST_09565,Cheryl Cruz,2023-09-04,SMB,North,Pro,Active,brettchurch@example.net
CUST_09566,Stacie Crawford,2021-06-24,SMB,South,Pro,Churned,susan47@example.org
CUST_09567,Lauren Hines,2023-10-17,SMB,West,Pro,Active,xruiz@example.org
CUST_09568,Jeffrey Hall,2021-06-29,Enterprise,East,Pro,Active,patriciakelly@example.com
CUST_09569,Megan Diaz,2021-11-24,Mid-Market,East,Enterprise,Active,cbautista@example.com
CUST_09570,Kayla Rodriguez,2023-06-25,Enterprise,South,Basic,Churned,johnsonmichael@example.com
CUST_09571,Hannah Sanchez,2023-09-30,SMB,North,Enterprise,Active,andrew43@example.net
CUST_09572,Christina Ellis,2023-11-11,SMB,North,Pro,Active,ehodge@example.net
CUST_09573,Lisa Lewis,2021-05-21,SMB,West,Pro,Churned,christine24@example.org
CUST_09574,Elijah Spencer,2023-11-06,SMB,North,Basic,Active,johnhernandez@example.net
CUST_09575,Patrick Brown,2022-08-25,Mid-Market,South,Basic,Active,hharris@example.org
CUST_09576,Tiffany Gardner,2023-10-03,SMB,North,Enterprise,Active,amysilva@example.net
CUST_09577,Monica Hammond,2022-06-08,SMB,South,Pro,Active,joshuacook@example.com
CUST_09578,Angela Davenport,2022-08-19,SMB,North,Enterprise,Active,brian38@example.com
CUST_09579,Sheila Tran,2021-02-04,SMB,East,Basic,Churned,qlogan@example.net
CUST_09580,Sherri Bradley,2021-12-03,SMB,East,Pro,Churned,paynesteven@example.org
CUST_09581,Corey Garcia,2024-01-10,SMB,West,Pro,Active,brett62@example.org
CUST_09582,Elizabeth Johnson,2021-07-15,SMB,North,Enterprise,Churned,tammy93@example.net
CUST_09583,Kimberly Sanchez,2022-04-05,SMB,South,Basic,Active,jasonfrazier@example.com
CUST_09584,Matthew Nguyen,2023-08-27,SMB,West,Enterprise,Active,nguyenrebecca@example.org
CUST_09585,Sandra Willis,2022-04-03,Mid-Market,North,Enterprise,Active,ashley81@example.com
CUST_09586,Kimberly Morris,2023-10-23,SMB,North,Pro,Churned,carl56@example.com
CUST_09587,Eric Singleton,2021-11-16,Mid-Market,International,Basic,Active,stevenwilliams@example.com
CUST_09588,Edward Johnson,2023-01-24,SMB,South,Pro,Active,ibrown@example.net
CUST_09589,Amanda Nelson,2023-07-15,Mid-Market,South,Basic,Churned,munozchristine@example.net
CUST_09590,Javier Gonzalez,2021-08-05,Enterprise,East,Basic,Active,mburns@example.net
CUST_09591,Katrina Spears,2023-02-13,Mid-Market,West,Pro,Active,hmueller@example.org
CUST_09592,Christina Chavez,2022-03-13,SMB,West,Pro,Active,hendricksbrittany@example.net
CUST_09593,Nancy Larson,2022-05-18,SMB,West,Basic,Active,vsmith@example.com
CUST_09594,Sarah West,2022-05-07,Mid-Market,North,Pro,Active,smithbrett@example.org
CUST_09595,Benjamin Perez MD,2024-04-02,SMB,International,Basic,Active,rebeccarichardson@example.net
CUST_09596,Zachary Smith,2023-12-15,SMB,North,Enterprise,Churned,davidjones@example.org
CUST_09597,Katie Simmons,2022-07-11,SMB,South,Enterprise,Active,petersryan@example.org
CUST_09598,Alexis Norton,2021-10-16,SMB,East,Basic,Active,vazquezbonnie@example.com
CUST_09599,David Bradshaw,2021-04-23,SMB,International,Basic,Churned,judy45@example.net
CUST_09600,Molly Knight,2021-08-09,Mid-Market,International,Enterprise,Active,garrettteresa@example.com
CUST_09601,Shane Smith,2021-01-04,Mid-Market,South,Basic,Active,kellyskinner@example.net
CUST_09602,Rodney Bryan,2022-09-09,SMB,International,Basic,Churned,bobfernandez@example.org
CUST_09603,Marcus Winters,2023-11-25,Mid-Market,East,Enterprise,Churned,josephsullivan@example.org
CUST_09604,Leah Johnson,2023-11-14,Mid-Market,South,Basic,Active,kbrandt@example.com
CUST_09605,Eric Beck,2022-10-14,SMB,South,Enterprise,Active,megan39@example.com
CUST_09606,Nicholas Watkins,2022-05-28,SMB,International,Pro,Churned,alexanderandrea@example.org
CUST_09607,Stephanie Castillo,2021-06-06,Enterprise,South,Enterprise,Active,jacob27@example.org
CUST_09608,Dr. Christopher Taylor,2024-06-01,SMB,South,Basic,Active,wgonzalez@example.net
CUST_09609,Ashley Key,2022-03-16,SMB,North,Basic,Active,jamesbryan@example.net
CUST_09610,Gina Garcia,2023-06-23,SMB,West,Enterprise,Active,bhunter@example.com
CUST_09611,Mathew Flores,2022-06-12,SMB,North,Basic,Churned,leecase@example.net
CUST_09612,Eric Jones,2021-01-04,SMB,International,Enterprise,Active,donovannancy@example.net
CUST_09613,Gina Montgomery,2021-07-20,SMB,South,Pro,Churned,qdavis@example.com
CUST_09614,Gary Silva,2023-07-22,SMB,International,Basic,Active,tmunoz@example.org
CUST_09615,Glen Martin,2023-09-17,Enterprise,North,Basic,Active,rodriguezerika@example.com
CUST_09616,Glen Williams,2023-05-30,SMB,West,Basic,Churned,kathryn30@example.org
CUST_09617,Sharon Johnson,2024-02-12,Mid-Market,East,Enterprise,Active,pgibbs@example.org
CUST_09618,Anthony Taylor,2021-11-23,SMB,International,Basic,Churned,mayerik@example.com
CUST_09619,Roger Green,2023-08-01,Enterprise,East,Basic,Active,walter50@example.org
CUST_09620,John Phillips,2022-01-03,SMB,West,Pro,Active,castrojoel@example.net
CUST_09621,Alex Stewart,2024-05-21,SMB,North,Basic,Churned,emorris@example.net
CUST_09622,James Evans,2021-05-05,SMB,International,Enterprise,Active,gtorres@example.org
CUST_09623,Brian Khan,2024-03-30,Mid-Market,West,Pro,Active,anthonyburns@example.net
CUST_09624,Joseph Mccoy,2021-07-24,SMB,North,Basic,Active,swilson@example.com
CUST_09625,Pamela Taylor,2023-10-15,SMB,East,Basic,Active,stephenray@example.net
CUST_09626,Justin Thompson,2021-01-05,SMB,North,Basic,Active,april74@example.org
CUST_09627,Marcus Wilson,2022-10-16,Mid-Market,East,Pro,Active,bruce77@example.com
CUST_09628,Ryan Johnson,2023-07-19,SMB,South,Basic,Active,ferrellnicole@example.net
CUST_09629,Kaylee Howard,2022-07-08,SMB,East,Pro,Churned,ronaldcollins@example.org
CUST_09630,Lisa Butler,2022-01-15,SMB,International,Pro,Churned,wilsonanthony@example.org
CUST_09631,Tonya Moreno,2021-03-07,Mid-Market,East,Basic,Active,milessteven@example.org
CUST_09632,Jessica Morgan,2023-07-31,SMB,West,Basic,Churned,kenneth40@example.net
CUST_09633,Kathryn Stephenson,2022-04-11,Mid-Market,South,Basic,Churned,leahmartin@example.net
CUST_09634,Eric Davis,2021-12-16,SMB,East,Enterprise,Active,meyerkenneth@example.org
CUST_09635,Jennifer Marquez,2021-02-28,SMB,East,Basic,Active,robert08@example.com
CUST_09636,Joshua Walker,2021-12-09,Enterprise,International,Basic,Active,coryduran@example.org
CUST_09637,Elizabeth Gonzalez,2024-05-14,SMB,East,Pro,Active,gfisher@example.org
CUST_09638,Betty Sanchez,2023-10-28,Enterprise,North,Basic,Active,cooperjuan@example.com
CUST_09639,Michele Clarke,2022-07-30,SMB,North,Pro,Churned,susan75@example.com
CUST_09640,Ryan Perez,2023-02-26,SMB,North,Basic,Active,grahammaxwell@example.com
CUST_09641,Ricky Briggs,2024-01-12,SMB,North,Basic,Churned,rbowman@example.com
CUST_09642,Kenneth Carroll,2023-11-04,Enterprise,East,Enterprise,Active,lopezkaren@example.org
CUST_09643,Becky Thomas,2021-04-26,Enterprise,International,Pro,Active,astafford@example.net
CUST_09644,Mark Santos,2022-08-31,SMB,South,Basic,Active,aliciabeltran@example.net
CUST_09645,Rebecca Gregory,2021-08-28,SMB,South,Pro,Active,ojohnson@example.com
CUST_09646,Jay Hodges,2023-08-24,Enterprise,North,Basic,Active,fischeralexandria@example.org
CUST_09647,Rhonda Cruz,2023-04-22,Enterprise,North,Basic,Active,pwells@example.com
CUST_09648,Steven Allen,2023-08-31,Mid-Market,North,Enterprise,Active,olee@example.com
CUST_09649,Thomas Simon,2021-07-06,Mid-Market,West,Basic,Active,darrenpayne@example.net
CUST_09650,Sarah Ruiz DVM,2021-06-02,SMB,South,Enterprise,Active,lijoseph@example.net
CUST_09651,Lance Gonzales,2021-12-23,Mid-Market,North,Basic,Active,stephanie23@example.net
CUST_09652,Olivia Banks,2023-08-30,Enterprise,South,Basic,Active,fmorrison@example.net
CUST_09653,Kelly Berry DDS,2023-12-04,Mid-Market,North,Basic,Active,vevans@example.net
CUST_09654,Jerry Flores,2021-06-27,SMB,West,Basic,Churned,tylersmith@example.org
CUST_09655,Brian Johnson,2021-03-17,Mid-Market,North,Basic,Active,jeffreyhughes@example.org
CUST_09656,Donna Miller,2021-12-24,SMB,West,Basic,Active,iibarra@example.com
CUST_09657,Anthony Shah,2022-10-30,Mid-Market,East,Enterprise,Active,ericajones@example.org
CUST_09658,Mary Faulkner,2022-07-25,SMB,International,Basic,Active,bonnie36@example.net
CUST_09659,Bernard Rose,2022-09-01,Mid-Market,East,Basic,Active,phernandez@example.org
CUST_09660,Alvin Williams,2023-02-28,SMB,North,Enterprise,Active,danielssusan@example.com
CUST_09661,Peter Molina,2022-08-01,Mid-Market,International,Pro,Churned,zachary03@example.net
CUST_09662,Steven Davis,2022-06-08,SMB,International,Pro,Active,timothy90@example.com
CUST_09663,Dana Fox,2021-12-09,SMB,West,Basic,Active,jimmywebb@example.com
CUST_09664,Alexander Rivera,2023-06-21,SMB,East,Basic,Active,zmorales@example.net
CUST_09665,Ryan Jackson,2021-12-07,Mid-Market,West,Basic,Active,mcardenas@example.org
CUST_09666,Joseph Diaz,2023-01-08,Mid-Market,West,Enterprise,Active,glen18@example.com
CUST_09667,Daniel Howard,2022-08-15,Mid-Market,North,Enterprise,Active,qlewis@example.net
CUST_09668,Diane Anderson,2021-06-20,SMB,North,Basic,Active,jessicarichards@example.net
CUST_09669,Shannon Lindsey,2022-01-23,SMB,South,Pro,Churned,paulsaunders@example.org
CUST_09670,Shawn Parker,2022-03-31,SMB,East,Pro,Churned,ann04@example.org
CUST_09671,Sarah Davies,2022-12-04,Mid-Market,South,Basic,Active,diana89@example.com
CUST_09672,Kyle Walsh,2021-07-08,SMB,North,Pro,Churned,kglover@example.net
CUST_09673,Jonathan May,2022-07-28,SMB,West,Pro,Active,ipowell@example.org
CUST_09674,Chloe Morgan,2022-06-19,Mid-Market,North,Basic,Active,bcollier@example.com
CUST_09675,Jose Russell,2023-12-11,SMB,West,Pro,Active,mario02@example.com
CUST_09676,Chad Harris,2022-11-25,SMB,East,Pro,Active,olivia42@example.org
CUST_09677,Thomas Foster,2022-04-05,SMB,International,Enterprise,Active,zberry@example.com
CUST_09678,Bobby Clark,2023-07-09,Mid-Market,South,Pro,Active,katiesteele@example.com
CUST_09679,Jessica Yang,2022-12-17,SMB,South,Pro,Active,jessemccarthy@example.net
CUST_09680,Michael Griffin,2021-04-29,SMB,East,Pro,Active,awilson@example.com
CUST_09681,Victoria Snyder,2023-09-05,SMB,East,Basic,Active,uolson@example.net
CUST_09682,Dawn King,2023-12-18,SMB,East,Pro,Active,robyn06@example.net
CUST_09683,Hannah Miller,2023-06-02,SMB,East,Enterprise,Active,millerdonna@example.com
CUST_09684,Robert Woodward,2021-04-27,SMB,South,Basic,Active,spencerpeters@example.net
CUST_09685,Charles Maldonado,2023-04-08,Enterprise,East,Pro,Active,ingramjoseph@example.com
CUST_09686,Lee Santana,2022-06-20,SMB,International,Enterprise,Active,brandyfrench@example.org
CUST_09687,Travis Castro,2022-04-01,Enterprise,East,Enterprise,Active,emmacruz@example.net
CUST_09688,Deborah Davis,2021-05-26,SMB,South,Enterprise,Active,julia03@example.net
CUST_09689,Joanne Mcpherson,2022-11-20,SMB,North,Pro,Churned,christopher12@example.org
CUST_09690,Andrea Cannon,2021-10-28,Mid-Market,International,Basic,Active,cruzstacy@example.org
CUST_09691,Kimberly Thompson,2023-03-01,SMB,International,Enterprise,Churned,shawnhammond@example.com
CUST_09692,Julie Martinez,2022-12-20,Enterprise,West,Enterprise,Active,matthew49@example.net
CUST_09693,Patricia Hunter,2022-05-19,Mid-Market,North,Enterprise,Active,alec81@example.org
CUST_09694,Heather Thomas,2022-10-01,Mid-Market,North,Pro,Active,josephestrada@example.com
CUST_09695,Jason Mills,2023-09-15,Mid-Market,East,Enterprise,Churned,austinpaul@example.com
CUST_09696,Dakota Black,2021-04-28,SMB,South,Enterprise,Churned,hperez@example.org
CUST_09697,Samantha Wilcox,2024-03-09,SMB,North,Pro,Active,mross@example.org
CUST_09698,Jeremy Lee,2023-12-10,Mid-Market,West,Pro,Active,john96@example.com
CUST_09699,Steven Davis,2021-06-08,Mid-Market,North,Basic,Active,xgibbs@example.com
CUST_09700,Laura Arnold,2023-09-20,SMB,International,Enterprise,Churned,stephentaylor@example.net
CUST_09701,Melinda Rivera,2023-07-29,SMB,South,Pro,Active,charles09@example.net
CUST_09702,Ronald Peterson,2023-09-02,SMB,West,Pro,Churned,tjimenez@example.org
CUST_09703,John Vega,2021-10-21,SMB,West,Enterprise,Active,gwilliams@example.org
CUST_09704,Kelly Joyce,2021-04-07,SMB,South,Pro,Churned,rjohnson@example.org
CUST_09705,Sheryl Myers,2023-06-26,Enterprise,East,Basic,Active,fjones@example.org
CUST_09706,Amy Watson,2021-05-10,Enterprise,East,Pro,Active,karen27@example.net
CUST_09707,Robert Murphy,2023-03-27,Enterprise,West,Pro,Active,hicksricky@example.net
CUST_09708,Rebecca Miller,2021-01-07,SMB,South,Pro,Active,itaylor@example.com
CUST_09709,Rhonda Green,2021-01-14,Mid-Market,East,Basic,Active,ncampbell@example.org
CUST_09710,Kathleen Jackson,2021-10-15,SMB,International,Basic,Churned,elainebrown@example.net
CUST_09711,Frank Perry,2022-03-23,Enterprise,East,Pro,Active,james93@example.org
CUST_09712,Cameron Adams,2021-03-15,SMB,North,Basic,Churned,christopher86@example.org
CUST_09713,Matthew Livingston,2024-01-24,SMB,International,Basic,Active,nholmes@example.net
CUST_09714,Jennifer Harrison,2024-04-19,SMB,West,Pro,Churned,dtanner@example.net
CUST_09715,Michael Chandler,2023-11-28,SMB,South,Enterprise,Active,patrick80@example.net
CUST_09716,Erica Watts,2022-07-31,SMB,International,Basic,Active,jkim@example.org
CUST_09717,Sarah Robinson,2023-05-22,Enterprise,International,Enterprise,Active,alicia86@example.net
CUST_09718,Sean Baxter,2021-08-18,Mid-Market,North,Basic,Active,martinezmark@example.org
CUST_09719,Kathy Mcbride,2024-04-23,Mid-Market,International,Basic,Active,dorisbrock@example.com
CUST_09720,Aaron Thomas,2021-10-26,SMB,South,Basic,Churned,diazjohn@example.net
CUST_09721,Erica Alvarez,2021-11-16,SMB,International,Pro,Active,dominguezjeffrey@example.org
CUST_09722,Christopher Villegas,2023-03-11,Mid-Market,West,Basic,Active,stephaniebeck@example.net
CUST_09723,James Serrano,2021-11-17,Enterprise,South,Basic,Active,dmckinney@example.org
CUST_09724,Jacob Smith,2021-10-18,Enterprise,International,Pro,Active,goldenthomas@example.net
CUST_09725,Shelby Bonilla,2022-11-10,SMB,East,Basic,Active,montgomeryjasmine@example.net
CUST_09726,Lisa Nguyen,2021-01-05,SMB,International,Pro,Active,ywarner@example.com
CUST_09727,Lisa Hardy,2021-10-11,Mid-Market,South,Basic,Active,dillonlee@example.com
CUST_09728,Cynthia Horton,2023-08-07,Mid-Market,North,Basic,Active,jennifer01@example.net
CUST_09729,Karen Wilson MD,2022-02-02,Mid-Market,International,Pro,Churned,andrewdennis@example.com
CUST_09730,Brian Allen,2021-09-24,Mid-Market,West,Pro,Churned,freemanelizabeth@example.net
CUST_09731,Kristopher Walker,2023-08-05,Enterprise,South,Pro,Active,donnasanchez@example.com
CUST_09732,Alexis Joseph,2023-09-29,SMB,East,Basic,Active,ssanchez@example.com
CUST_09733,Danielle Taylor,2022-09-05,SMB,North,Basic,Active,jtaylor@example.net
CUST_09734,Wanda Newton,2023-05-05,Mid-Market,International,Pro,Active,lweiss@example.org
CUST_09735,Joan Anderson,2023-02-14,Mid-Market,North,Enterprise,Churned,nhenderson@example.net
CUST_09736,Lori Thompson,2023-06-09,Mid-Market,East,Enterprise,Active,smithmadison@example.net
CUST_09737,Mark Wilcox,2021-03-27,Mid-Market,North,Pro,Active,zsmith@example.net
CUST_09738,Dustin Ellis,2024-05-04,SMB,South,Basic,Active,hannahwright@example.org
CUST_09739,Kevin Harris,2023-10-26,Mid-Market,South,Enterprise,Active,kelleyjonathan@example.net
CUST_09740,Matthew Aguilar,2023-08-04,SMB,South,Enterprise,Active,fbell@example.net
CUST_09741,Sherry Moore,2023-07-12,Enterprise,International,Pro,Active,ann72@example.com
CUST_09742,Rick Zamora,2024-04-06,Mid-Market,East,Basic,Active,odawson@example.org
CUST_09743,Michael Robinson,2022-03-17,SMB,West,Pro,Churned,rileynicole@example.org
CUST_09744,Timothy Collins,2023-02-13,SMB,East,Basic,Active,cassandrapark@example.com
CUST_09745,Cristina Lane,2022-08-16,Mid-Market,East,Enterprise,Churned,ann32@example.net
CUST_09746,Andrew Austin,2022-08-17,SMB,West,Enterprise,Active,thompsonallison@example.net
CUST_09747,Richard Salazar,2021-05-01,SMB,South,Basic,Churned,mevans@example.org
CUST_09748,Samuel Williams,2021-07-25,SMB,North,Pro,Active,hughessarah@example.net
CUST_09749,Marissa Suarez,2024-02-28,Mid-Market,West,Pro,Active,ricky06@example.net
CUST_09750,Janet Foster,2021-12-19,SMB,International,Basic,Active,daniellozano@example.com
CUST_09751,Zachary Washington,2022-11-13,Mid-Market,South,Enterprise,Active,kevinjohnson@example.com
CUST_09752,Tamara Gonzales,2021-11-28,Mid-Market,East,Basic,Active,timothywalter@example.net
CUST_09753,Jason Dunn,2023-05-01,SMB,International,Pro,Active,czimmerman@example.org
CUST_09754,Elizabeth Barajas,2021-11-01,SMB,South,Pro,Active,medinawanda@example.net
CUST_09755,Lisa Andrade,2024-01-26,SMB,West,Enterprise,Churned,sanderssamantha@example.net
CUST_09756,Shawn Patton,2023-03-24,Mid-Market,East,Enterprise,Churned,xray@example.net
CUST_09757,Dana Espinoza,2023-09-14,SMB,West,Enterprise,Active,erindorsey@example.com
CUST_09758,Jonathan Rivers,2021-06-11,Enterprise,North,Basic,Active,robertacain@example.org
CUST_09759,Evan Price,2021-11-11,SMB,South,Basic,Churned,christinepugh@example.net
CUST_09760,Tara Brooks,2021-05-31,Mid-Market,North,Pro,Churned,lindseyray@example.org
CUST_09761,Stephanie Sims,2022-11-23,SMB,International,Enterprise,Churned,petersenmartin@example.org
CUST_09762,Anne Elliott,2023-07-08,SMB,International,Basic,Active,aaron98@example.net
CUST_09763,James Wiggins,2024-05-25,Mid-Market,South,Basic,Active,shannonbutler@example.com
CUST_09764,Carlos Smith,2021-05-12,SMB,West,Basic,Churned,sandramurillo@example.com
CUST_09765,Angela Kirby,2021-03-04,SMB,North,Pro,Active,jimmysimpson@example.org
CUST_09766,John Campbell,2021-10-12,SMB,North,Basic,Active,amber19@example.net
CUST_09767,Lisa Macias,2022-11-19,Mid-Market,West,Enterprise,Active,roy51@example.net
CUST_09768,Jessica Colon,2022-01-22,Mid-Market,South,Pro,Active,vlewis@example.org
CUST_09769,Alyssa Harris,2022-02-09,SMB,South,Pro,Active,emily97@example.net
CUST_09770,Lisa Garcia,2022-04-09,SMB,South,Enterprise,Active,wmartinez@example.org
CUST_09771,Heather Stone,2021-05-06,Enterprise,North,Basic,Active,nancyshaw@example.net
CUST_09772,Caitlyn Lewis,2023-09-02,Mid-Market,International,Pro,Active,james02@example.com
CUST_09773,Adam Martinez,2022-01-16,Mid-Market,International,Basic,Active,robertsellen@example.net
CUST_09774,Amber Mendoza,2023-02-10,SMB,North,Basic,Active,nicoleyoung@example.com
CUST_09775,Aaron Willis MD,2022-07-31,SMB,International,Pro,Active,debra61@example.com
CUST_09776,Bruce Hernandez,2023-11-03,SMB,International,Basic,Active,stevensallison@example.net
CUST_09777,Kimberly Meyer,2021-10-03,Enterprise,West,Pro,Active,hamiltonivan@example.com
CUST_09778,Lisa Alvarez,2021-04-15,SMB,International,Enterprise,Active,ethanyoung@example.org
CUST_09779,Kerri Patrick,2024-04-10,Mid-Market,North,Pro,Active,kevin46@example.org
CUST_09780,Keith Chang,2024-04-22,SMB,East,Basic,Active,kevin57@example.org
CUST_09781,Samantha Alexander,2024-05-28,SMB,South,Pro,Active,phillipsstacey@example.net
CUST_09782,Marie Jones,2022-01-19,SMB,East,Enterprise,Active,paulmartinez@example.com
CUST_09783,Melissa May,2022-07-27,Mid-Market,South,Basic,Churned,charlesclayton@example.org
CUST_09784,Michael Rodriguez,2023-03-30,Enterprise,East,Basic,Active,zpratt@example.org
CUST_09785,Kevin Melendez,2022-10-21,SMB,South,Enterprise,Active,aconley@example.org
CUST_09786,Bethany Brown,2021-03-06,Mid-Market,West,Pro,Active,whunt@example.org
CUST_09787,Tony Forbes,2021-09-20,Mid-Market,South,Pro,Active,davidsonroger@example.org
CUST_09788,Mrs. Kristen Mccall DVM,2022-05-01,Mid-Market,West,Basic,Active,stephanie51@example.net
CUST_09789,Kathryn Jackson,2021-01-18,SMB,West,Enterprise,Churned,iharrington@example.net
CUST_09790,Christopher Nichols,2022-12-21,SMB,West,Enterprise,Active,rodriguezroberto@example.com
CUST_09791,Diane Brennan,2023-01-27,SMB,North,Enterprise,Active,rmartin@example.net
CUST_09792,Rebecca Stewart,2022-03-23,Mid-Market,East,Enterprise,Churned,tyler85@example.net
CUST_09793,Vincent Robinson,2023-09-30,SMB,South,Basic,Active,lbell@example.org
CUST_09794,Jacob Arnold,2021-08-28,Enterprise,West,Enterprise,Churned,amydavis@example.com
CUST_09795,Kevin Reyes,2023-01-18,Mid-Market,West,Pro,Active,bmiranda@example.net
CUST_09796,Lisa Walton,2021-12-28,Mid-Market,West,Enterprise,Churned,kylelindsey@example.com
CUST_09797,Kaitlyn Rivera,2022-03-28,Enterprise,South,Pro,Active,okelly@example.org
CUST_09798,Franklin Ramirez,2021-05-21,SMB,East,Pro,Churned,rodneyrios@example.org
CUST_09799,Michael Velasquez,2023-11-18,SMB,North,Enterprise,Active,shernandez@example.net
CUST_09800,Taylor Marshall,2022-07-25,Enterprise,South,Basic,Active,kristintaylor@example.com
CUST_09801,John Greene,2021-11-22,SMB,South,Enterprise,Active,gedwards@example.net
CUST_09802,Kevin Wright,2022-02-12,SMB,West,Pro,Active,jennifersanders@example.org
CUST_09803,Ruth Reynolds,2021-11-12,Mid-Market,North,Basic,Churned,mcgrathlarry@example.com
CUST_09804,Jacob Cohen MD,2023-12-29,SMB,East,Basic,Active,esimpson@example.net
CUST_09805,Mark Murphy,2023-08-25,SMB,North,Pro,Active,wendy96@example.org
CUST_09806,Shawn Orozco,2021-10-08,Enterprise,West,Basic,Churned,tchavez@example.org
CUST_09807,Diane Calderon,2022-12-26,SMB,West,Enterprise,Churned,samanthaking@example.org
CUST_09808,Steven Stuart,2021-09-21,Mid-Market,North,Pro,Active,tiffanywalker@example.org
CUST_09809,Joel Matthews,2023-11-27,SMB,West,Enterprise,Active,qlee@example.org
CUST_09810,Jesse Wilson,2024-03-17,SMB,South,Basic,Churned,rramirez@example.org
CUST_09811,Jeffrey Wilcox,2023-02-21,Enterprise,North,Enterprise,Active,harrisonlisa@example.net
CUST_09812,Margaret Bishop,2021-12-15,SMB,International,Basic,Active,dawn27@example.net
CUST_09813,Rebecca Holmes,2021-01-21,SMB,North,Basic,Active,gomezkristi@example.com
CUST_09814,Michael Perry,2023-01-27,SMB,North,Pro,Active,zhayden@example.net
CUST_09815,Charles Hart,2021-07-02,SMB,North,Enterprise,Active,angelreed@example.com
CUST_09816,Crystal Myers,2021-05-07,Mid-Market,West,Basic,Active,brandon97@example.com
CUST_09817,Joshua Martin,2023-06-16,SMB,East,Basic,Churned,howeerik@example.net
CUST_09818,Tammy Carey,2022-07-09,SMB,West,Pro,Active,bsanchez@example.net
CUST_09819,Nicole Bryant,2022-08-22,SMB,East,Basic,Active,nathanielcooley@example.org
CUST_09820,Randy King,2023-09-28,SMB,International,Enterprise,Active,woodwardpatricia@example.com
CUST_09821,Brittany Smith,2023-05-11,Mid-Market,South,Pro,Active,frankstone@example.org
CUST_09822,Mrs. Ashley Gibson DDS,2023-10-24,SMB,International,Enterprise,Churned,ericaherrera@example.net
CUST_09823,Chelsea Stephens,2023-01-22,Mid-Market,North,Basic,Active,imoore@example.com
CUST_09824,Richard Nelson,2022-02-08,SMB,West,Enterprise,Churned,dmurphy@example.net
CUST_09825,Adam Le,2023-02-17,SMB,West,Basic,Active,jason64@example.com
CUST_09826,Levi Schultz,2022-11-21,Enterprise,North,Enterprise,Churned,smorgan@example.com
CUST_09827,Matthew Weber,2023-03-03,SMB,South,Basic,Active,hectorreid@example.com
CUST_09828,Joshua Craig,2021-10-31,SMB,International,Basic,Active,douglaskirby@example.net
CUST_09829,Terry Miller,2023-02-02,SMB,East,Pro,Active,dunndouglas@example.net
CUST_09830,Derek Lewis,2022-06-06,SMB,South,Basic,Active,ashley77@example.com
CUST_09831,Miss Rebecca Wright,2022-01-05,SMB,South,Pro,Active,iramos@example.org
CUST_09832,Juan Campbell,2024-03-10,Enterprise,South,Enterprise,Active,bianca86@example.com
CUST_09833,Kelly Clark,2023-03-06,Mid-Market,South,Enterprise,Churned,karenvaughn@example.org
CUST_09834,Monica Salazar,2021-11-15,Enterprise,West,Basic,Churned,zfrank@example.net
CUST_09835,Ethan Meyer,2023-12-24,SMB,East,Basic,Active,pamelakelly@example.com
CUST_09836,Jose Lam,2021-10-25,Enterprise,West,Basic,Active,rebeccamartin@example.com
CUST_09837,James Gregory,2022-03-28,SMB,East,Pro,Active,fporter@example.org
CUST_09838,Robert Levine,2024-05-21,SMB,East,Enterprise,Churned,rebecca77@example.org
CUST_09839,Christy Ryan,2021-06-01,Mid-Market,West,Basic,Active,cortezjonathon@example.com
CUST_09840,Jasmine Sanchez,2023-11-14,Mid-Market,North,Pro,Churned,millerselena@example.com
CUST_09841,Carlos Scott,2022-10-17,SMB,West,Pro,Active,grossdanielle@example.net
CUST_09842,Miss Megan Lopez DDS,2021-06-27,Enterprise,East,Basic,Active,jessica94@example.net
CUST_09843,Maria Mccall,2021-08-08,SMB,North,Pro,Active,erin18@example.com
CUST_09844,Tina Brown,2021-06-14,SMB,South,Pro,Active,adambanks@example.org
CUST_09845,Richard Jackson,2023-08-02,SMB,North,Basic,Active,hudsonrobert@example.org
CUST_09846,Logan Brown,2023-09-29,SMB,South,Basic,Active,dunnlisa@example.com
CUST_09847,Erika Cortez,2022-12-03,Mid-Market,West,Basic,Active,abowers@example.net
CUST_09848,Jennifer Ruiz,2021-07-10,SMB,South,Pro,Active,hibarra@example.org
CUST_09849,Michael Tran,2023-05-19,SMB,West,Basic,Active,robert24@example.com
CUST_09850,Adam Ward,2023-07-23,Mid-Market,East,Basic,Churned,usmith@example.com
CUST_09851,Nicole Green,2022-02-02,Enterprise,East,Basic,Active,rivasabigail@example.com
CUST_09852,Anne Warner,2022-02-04,SMB,International,Enterprise,Churned,cynthiaknight@example.org
CUST_09853,Laura Perez,2022-08-04,Mid-Market,North,Basic,Active,julie67@example.org
CUST_09854,Denise Jones,2023-11-01,SMB,East,Basic,Active,clopez@example.com
CUST_09855,Matthew Foster,2022-10-08,Mid-Market,South,Pro,Active,pgriffin@example.com
CUST_09856,Teresa Garcia,2023-09-28,Mid-Market,East,Basic,Active,steven66@example.net
CUST_09857,Nichole Lee,2021-09-18,SMB,North,Pro,Active,fjohnson@example.org
CUST_09858,Timothy Singleton,2023-08-23,SMB,International,Pro,Churned,emily65@example.net
CUST_09859,Allen Lowe,2021-05-14,Enterprise,North,Enterprise,Active,rthompson@example.com
CUST_09860,Beth Brown,2021-04-21,Mid-Market,South,Enterprise,Active,drakemary@example.net
CUST_09861,Joy Brown,2024-02-27,SMB,South,Basic,Active,jennifer58@example.org
CUST_09862,Kevin Garner,2022-06-30,SMB,East,Basic,Churned,lunaleslie@example.com
CUST_09863,Laura Rogers,2021-12-05,SMB,South,Basic,Active,eugenejones@example.net
CUST_09864,Jason Wallace,2022-05-25,Mid-Market,West,Enterprise,Active,melissa18@example.net
CUST_09865,Alexandra Sims,2023-07-29,SMB,South,Basic,Active,qharris@example.com
CUST_09866,Tiffany Martinez,2023-07-02,Enterprise,International,Pro,Active,psuarez@example.org
CUST_09867,Joshua Willis,2021-03-29,Mid-Market,North,Pro,Active,levimosley@example.net
CUST_09868,Jim Marshall,2024-05-27,SMB,International,Pro,Churned,hclayton@example.net
CUST_09869,Rachel Scott,2023-07-20,SMB,West,Pro,Churned,cummingsmelissa@example.com
CUST_09870,Richard Young,2024-02-19,SMB,West,Basic,Churned,moorelisa@example.com
CUST_09871,Samuel Roberts,2021-08-18,SMB,West,Enterprise,Active,grantsteven@example.com
CUST_09872,Patrick Ibarra,2022-07-18,SMB,North,Basic,Churned,charles14@example.com
CUST_09873,Stephen Nunez,2022-01-11,SMB,West,Basic,Active,hernandezdonna@example.org
CUST_09874,Curtis Thomas,2021-10-04,SMB,East,Enterprise,Active,villanuevadoris@example.net
CUST_09875,Robert Smith,2023-06-15,SMB,West,Basic,Active,lewiskenneth@example.org
CUST_09876,Amanda Cunningham,2023-10-25,Mid-Market,South,Pro,Active,iodonnell@example.net
CUST_09877,Jasmine Cooper,2023-08-15,SMB,East,Enterprise,Active,cbrooks@example.com
CUST_09878,Wendy Allen DDS,2023-10-04,SMB,International,Basic,Active,timothyoliver@example.net
CUST_09879,David Stephens,2021-06-24,SMB,East,Pro,Churned,acraig@example.com
CUST_09880,Alexis Glass,2024-05-17,SMB,International,Basic,Active,jasonbennett@example.org
CUST_09881,Eileen Bird,2023-02-09,Mid-Market,East,Pro,Active,whull@example.org
CUST_09882,Mark Rhodes,2024-03-15,SMB,North,Basic,Active,nataliewilliams@example.org
CUST_09883,Carolyn Bowen,2022-02-23,Enterprise,East,Pro,Active,youngbenjamin@example.org
CUST_09884,Gregory Cole,2023-03-15,SMB,International,Pro,Active,ugraham@example.org
CUST_09885,Elizabeth Herrera,2024-03-16,Mid-Market,International,Enterprise,Active,tylerarcher@example.com
CUST_09886,Sydney Burns,2023-03-01,Enterprise,North,Basic,Active,brittany79@example.org
CUST_09887,Julie Henson,2022-10-11,Mid-Market,International,Pro,Active,millerbrittany@example.com
CUST_09888,Julie Salazar,2021-03-22,Mid-Market,West,Basic,Active,oconley@example.com
CUST_09889,John Good,2022-04-02,SMB,North,Basic,Churned,burkeluis@example.com
CUST_09890,Juan Blankenship,2023-09-03,Mid-Market,East,Pro,Active,hedwards@example.org
CUST_09891,Damon Becker,2023-05-06,Mid-Market,West,Enterprise,Active,nfoster@example.com
CUST_09892,Christian Donaldson,2024-03-07,Enterprise,South,Basic,Active,rcarpenter@example.com
CUST_09893,Michael Stephens,2022-10-12,SMB,South,Pro,Churned,matthew27@example.org
CUST_09894,Mark Kim,2021-10-21,SMB,South,Pro,Active,latoyahuff@example.net
CUST_09895,Matthew Barker,2021-08-21,SMB,South,Pro,Active,donnadavis@example.net
CUST_09896,Steven Jackson,2022-10-20,SMB,South,Basic,Active,ybishop@example.org
CUST_09897,Kenneth Hutchinson,2021-09-04,Enterprise,North,Basic,Active,qferguson@example.com
CUST_09898,Jason Martinez,2022-01-27,Mid-Market,East,Pro,Active,moralesmatthew@example.com
CUST_09899,Brad Hester,2024-04-15,Mid-Market,East,Enterprise,Active,youngmichael@example.net
CUST_09900,Samuel Byrd,2021-04-14,Mid-Market,North,Enterprise,Churned,perrydestiny@example.com
CUST_09901,Michael Gill,2021-04-08,SMB,North,Pro,Active,lbarrett@example.net
CUST_09902,Victor Smith,2023-07-13,Enterprise,North,Basic,Churned,jessica38@example.org
CUST_09903,Sue Coleman,2023-10-03,Mid-Market,International,Basic,Active,jennifermorrison@example.org
CUST_09904,Chad Potts II,2021-11-02,Mid-Market,West,Basic,Active,smitherin@example.net
CUST_09905,Mary Chavez,2023-11-16,Mid-Market,North,Pro,Active,raylisa@example.org
CUST_09906,Melissa Wolf,2021-06-03,SMB,North,Enterprise,Active,reynoldschristopher@example.net
CUST_09907,Derrick Olson,2022-08-26,SMB,International,Pro,Active,nguyenmark@example.net
CUST_09908,Louis Rivera,2021-03-13,SMB,North,Pro,Active,fwalter@example.org
CUST_09909,Alexandra Keller,2021-10-01,SMB,South,Pro,Churned,sheena50@example.net
CUST_09910,Nicole Hayes,2022-11-22,Mid-Market,East,Basic,Active,solomonbrian@example.com
CUST_09911,Leah Cannon,2022-04-29,SMB,East,Pro,Churned,jeffreykelly@example.net
CUST_09912,Robert Lucas,2022-07-17,Enterprise,West,Pro,Active,chelsea32@example.net
CUST_09913,Tammy Byrd,2022-10-16,SMB,South,Pro,Churned,laurathomas@example.net
CUST_09914,Susan Sanchez,2022-12-20,Mid-Market,North,Basic,Active,robinsoncristina@example.org
CUST_09915,William English,2023-06-07,SMB,West,Basic,Active,macdonaldlynn@example.net
CUST_09916,Theresa Baker,2022-03-15,Mid-Market,International,Enterprise,Active,omccullough@example.org
CUST_09917,Michelle Garcia,2023-08-07,Mid-Market,East,Enterprise,Churned,francosean@example.net
CUST_09918,Alexis Chandler,2024-05-24,Enterprise,International,Pro,Active,ybarnes@example.com
CUST_09919,Gina Benitez,2023-09-30,SMB,East,Pro,Active,kellycurtis@example.net
CUST_09920,Michael Stevens,2023-05-19,Enterprise,South,Basic,Active,jeffery01@example.net
CUST_09921,Peter Vega,2023-11-02,SMB,North,Basic,Active,jameslucero@example.org
CUST_09922,Daniel Thornton,2021-01-22,Mid-Market,West,Basic,Active,andrew05@example.org
CUST_09923,Tyler Noble,2023-05-11,SMB,West,Pro,Active,villanuevakristin@example.org
CUST_09924,Robert Acosta,2024-03-01,SMB,International,Pro,Active,shawkins@example.com
CUST_09925,Joanne Friedman,2023-04-30,SMB,International,Pro,Active,kburnett@example.com
CUST_09926,Daisy Sanchez,2023-11-13,SMB,East,Enterprise,Active,lindsaymueller@example.org
CUST_09927,Russell Lopez,2021-01-16,Mid-Market,West,Pro,Active,richardjensen@example.org
CUST_09928,Joanna Fields,2023-04-05,SMB,East,Basic,Active,ljohnson@example.net
CUST_09929,Adrian Matthews,2023-02-02,Enterprise,East,Pro,Active,erivera@example.org
CUST_09930,Laura Jacobs,2022-08-11,SMB,South,Pro,Active,tonya99@example.com
CUST_09931,John Combs,2022-03-16,SMB,International,Enterprise,Churned,crystal45@example.net
CUST_09932,Terry Hopkins,2022-02-25,Enterprise,South,Pro,Churned,cbrown@example.org
CUST_09933,Kevin Glover,2022-12-10,SMB,North,Basic,Active,kenneth21@example.org
CUST_09934,Nancy Robinson,2023-05-14,Mid-Market,North,Basic,Active,townsendnatalie@example.org
CUST_09935,Stacey Lucas,2021-01-07,SMB,South,Pro,Active,jessica29@example.com
CUST_09936,Colton Goodwin,2023-06-28,SMB,International,Basic,Churned,feliciaperkins@example.net
CUST_09937,Clayton Jackson DDS,2023-05-19,Mid-Market,West,Pro,Active,eric02@example.com
CUST_09938,Kirk Miller,2023-05-28,Enterprise,East,Pro,Churned,tsmith@example.org
CUST_09939,Mark Wilson,2023-10-26,SMB,West,Basic,Churned,alisoncampbell@example.org
CUST_09940,David Bell DVM,2022-10-10,SMB,North,Basic,Active,fanderson@example.com
CUST_09941,Andrew Willis,2022-07-13,SMB,West,Pro,Churned,oreyes@example.net
CUST_09942,Chad Sandoval,2023-03-08,SMB,East,Pro,Active,fmckee@example.com
CUST_09943,Ann Fry,2022-04-04,SMB,West,Pro,Active,hillmonique@example.org
CUST_09944,Heidi Long,2022-02-06,SMB,East,Basic,Active,bryan43@example.org
CUST_09945,Alyssa Young,2023-03-28,SMB,North,Pro,Active,thale@example.org
CUST_09946,Isabel Page,2023-07-06,SMB,East,Basic,Churned,jennifermurray@example.net
CUST_09947,Dawn Woodward,2023-02-15,SMB,East,Pro,Active,amandacampbell@example.net
CUST_09948,Kim Frank,2024-05-20,SMB,North,Basic,Active,robert38@example.org
CUST_09949,Joshua Rogers,2023-10-02,SMB,East,Basic,Churned,hernandezbrent@example.com
CUST_09950,Jennifer Mahoney,2023-12-07,SMB,East,Basic,Churned,jenna55@example.net
CUST_09951,Deborah Hull,2023-04-08,SMB,International,Basic,Churned,lopezmary@example.org
CUST_09952,Alexis Austin,2024-05-02,Mid-Market,South,Basic,Active,barberamy@example.net
CUST_09953,Diana Clarke,2023-03-20,SMB,North,Pro,Active,christine02@example.net
CUST_09954,Jennifer Fernandez,2023-06-08,SMB,West,Basic,Churned,whiteheadandrea@example.org
CUST_09955,James Cohen,2023-07-25,Enterprise,South,Basic,Active,jvalencia@example.com
CUST_09956,Jessica White,2023-06-27,Mid-Market,International,Enterprise,Active,acook@example.org
CUST_09957,John Hayes,2021-05-19,Mid-Market,North,Pro,Active,matthewcooper@example.org
CUST_09958,Bonnie Ramirez,2023-06-01,Enterprise,South,Pro,Active,stanley92@example.com
CUST_09959,Harry George,2021-03-09,SMB,North,Enterprise,Active,nicholas73@example.com
CUST_09960,Anthony Mccarthy,2021-11-20,SMB,West,Basic,Active,sheryl70@example.com
CUST_09961,Katherine Smith,2022-05-10,Enterprise,West,Basic,Active,suttonpaul@example.org
CUST_09962,Jordan Little,2023-03-09,SMB,East,Pro,Active,swansonrita@example.org
CUST_09963,Jeffrey Phillips,2024-01-04,SMB,East,Basic,Active,macdonaldduane@example.org
CUST_09964,Howard Webster,2022-09-09,SMB,North,Basic,Churned,zhart@example.net
CUST_09965,Taylor Brown,2022-06-26,Mid-Market,East,Basic,Active,mitchellkevin@example.net
CUST_09966,Jasmine Mcmillan,2021-10-29,SMB,South,Pro,Active,jose12@example.com
CUST_09967,Carrie Thomas MD,2023-08-11,SMB,North,Pro,Churned,colemanchristine@example.org
CUST_09968,Catherine Simon,2023-11-07,SMB,West,Pro,Active,vjoseph@example.net
CUST_09969,Charles Jones,2021-01-17,SMB,International,Pro,Churned,hjordan@example.org
CUST_09970,Steven Carpenter,2023-06-08,SMB,East,Pro,Active,umorris@example.com
CUST_09971,Jacob Roberts,2022-07-03,SMB,West,Pro,Active,jwalker@example.com
CUST_09972,Mary Bailey,2022-11-01,SMB,North,Basic,Churned,ffrost@example.net
CUST_09973,Karen Anderson,2023-08-15,Mid-Market,East,Basic,Active,morenoscott@example.com
CUST_09974,John Medina,2022-04-08,Mid-Market,South,Pro,Active,cgreen@example.org
CUST_09975,Patricia Ramos,2022-08-25,SMB,International,Basic,Active,frankcruz@example.net
CUST_09976,Jason Rogers,2024-03-21,Mid-Market,East,Pro,Active,raymondwilliams@example.net
CUST_09977,Angel Hester,2023-05-30,Mid-Market,North,Basic,Active,staceyryan@example.net
CUST_09978,Eric Cooley,2022-10-26,SMB,North,Pro,Active,jennifer62@example.net
CUST_09979,Ann Sanchez,2021-01-23,Mid-Market,North,Basic,Churned,joshuagreene@example.net
CUST_09980,Carl Byrd,2023-09-03,SMB,International,Pro,Active,mitchellfelicia@example.com
CUST_09981,Robert Meyer,2023-06-14,SMB,East,Enterprise,Active,melissa45@example.net
CUST_09982,Regina King,2022-10-16,Mid-Market,North,Pro,Churned,jeff25@example.org
CUST_09983,Timothy Reyes,2024-05-02,Mid-Market,South,Enterprise,Active,tiffanybailey@example.org
CUST_09984,Michael Jones,2021-05-25,Enterprise,International,Pro,Active,karen92@example.net
CUST_09985,Chelsea Riley MD,2021-01-14,SMB,South,Basic,Churned,michaelhensley@example.org
CUST_09986,Jason Griffin,2021-06-15,Mid-Market,International,Enterprise,Active,hillmarisa@example.com
CUST_09987,David Cuevas,2024-03-10,Mid-Market,South,Enterprise,Active,vasquezmary@example.org
CUST_09988,Seth Edwards,2022-06-14,SMB,International,Pro,Churned,jeremyjones@example.com
CUST_09989,Joyce Rasmussen,2022-01-07,Mid-Market,North,Pro,Churned,kathrynadkins@example.net
CUST_09990,Anthony Diaz,2022-09-26,Mid-Market,International,Enterprise,Active,leon96@example.org
CUST_09991,Anna Mullins,2024-03-22,Enterprise,West,Pro,Active,olsonmary@example.net
CUST_09992,Donna Smith,2022-02-12,Enterprise,East,Pro,Active,prowe@example.net
CUST_09993,Willie Bell,2024-04-10,Enterprise,South,Pro,Active,davislaura@example.net
CUST_09994,Barbara Joyce,2023-06-11,SMB,South,Pro,Active,wgriffith@example.net
CUST_09995,Melissa Davis,2022-03-04,SMB,South,Basic,Active,jallen@example.net
CUST_09996,Denise Caldwell,2023-11-29,Enterprise,West,Enterprise,Active,deborah45@example.com
CUST_09997,Abigail Adkins,2021-08-20,Mid-Market,East,Pro,Churned,aprilperez@example.net
CUST_09998,Katherine Parker,2024-03-29,SMB,West,Enterprise,Active,angelicalara@example.net
CUST_09999,Dr. Tracey Cochran MD,2022-10-06,Mid-Market,North,Pro,Churned,rosejenkins@example.com
CUST_10000,Cheryl Wilson,2024-05-18,Mid-Market,East,Enterprise,Active,stefaniedavis@example.org
